messageId,originalTimestamp,anonymousId,userId,userAgent,page.path,page.referrer,page.search,page.title,page.url,business_id,sponsored_listing,category,name,path,referrer,search,title,url,category_properties,name_properties,traits,input_num,input_name,input_value,button_name,location,address,other_category,city,description,display_email,business_name,main_category,parish,phone,sub_category,website,email,search_text,userAgentData.brands,userAgentData.mobile,userAgentData.platform,event_type
ajs-next-1763255159464-1f6e44d8-3c0a-4e37-bb20-8f34fc5598a2,2025-11-16 01:05:59.464000+00:00,1fb92160-1f6e-44d8-bc0a-ce37fb208f34,,"Mozilla/5.0 (iPhone; CPU iPhone OS 18_7 like Mac OS X) AppleWebKit/605.1.15 (KHTML, like Gecko) Version/26.0.1 Mobile/15E148 Safari/604.1",/,,,Colorado Catholic Business Directory,https://coloradocatholicbusinessdirectory.com/,"1752717497153x537286585580736960, 1758312173588x895819358343598700, 1753982403438x535213824960417500, 1744335958024x226211831616957250, 1750436264420x989591292213482400, 1743549178851x847080663521240200, 1743547621069x279645472884266780, 1753374338412x209529915103450200, 1744579851707x640487742075829500",true,,,,,,,,,,,,,,,,,,,,,,,,,,,,,,,,impression
ajs-next-1763255159159-e51fb921-601f-4e44-983c-0ace37fb208f,2025-11-16 01:05:59.159000+00:00,1fb92160-1f6e-44d8-bc0a-ce37fb208f34,,"Mozilla/5.0 (iPhone; CPU iPhone OS 18_7 like Mac OS X) AppleWebKit/605.1.15 (KHTML, like Gecko) Version/26.0.1 Mobile/15E148 Safari/604.1",/,,,Colorado Catholic Business Directory,https://coloradocatholicbusinessdirectory.com/,,,index,index,/,,,Colorado Catholic Business Directory,https://coloradocatholicbusinessdirectory.com/,index,index,,,,,,,,,,,,,,,,,,,,,,,page
ajs-next-1763255261654-d063d19b-786d-40fc-a050-868be127d748,2025-11-16 01:07:41.654000+00:00,1fb92160-1f6e-44d8-bc0a-ce37fb208f34,1763255155587x707008769292458900,"Mozilla/5.0 (iPhone; CPU iPhone OS 18_7 like Mac OS X) AppleWebKit/605.1.15 (KHTML, like Gecko) Version/26.0.1 Mobile/15E148 Safari/604.1",/start,https://coloradocatholicbusinessdirectory.com/,,Login,https://coloradocatholicbusinessdirectory.com/start,,,,,,,,,,,,"{'business_id': '1763255155587x707008769292458900', 'email': 'carrollpainting@me.com'}",,,,,,,,,,,,,,,,,,,,,,identify
ajs-next-1763255235857-3cf3b5b4-d063-419b-b86d-30fca050868b,2025-11-16 01:07:15.857000+00:00,1fb92160-1f6e-44d8-bc0a-ce37fb208f34,,"Mozilla/5.0 (iPhone; CPU iPhone OS 18_7 like Mac OS X) AppleWebKit/605.1.15 (KHTML, like Gecko) Version/26.0.1 Mobile/15E148 Safari/604.1",/start,https://coloradocatholicbusinessdirectory.com/,,Login,https://coloradocatholicbusinessdirectory.com/start,,,start,start,/start,https://coloradocatholicbusinessdirectory.com/,,Login,https://coloradocatholicbusinessdirectory.com/start,start,start,,,,,,,,,,,,,,,,,,,,,,,page
ajs-next-1763255283651-b9faeabc-f985-4eb4-9e1e-0a30c20e7783,2025-11-16 01:08:03.651000+00:00,1fb92160-1f6e-44d8-bc0a-ce37fb208f34,1763255155587x707008769292458900,"Mozilla/5.0 (iPhone; CPU iPhone OS 18_7 like Mac OS X) AppleWebKit/605.1.15 (KHTML, like Gecko) Version/26.0.1 Mobile/15E148 Safari/604.1",/dashboard,https://coloradocatholicbusinessdirectory.com/,?view=list,Colorado Catholic Business Directory,https://coloradocatholicbusinessdirectory.com/dashboard?view=list,1763255155587x707008769292458900,,,,,,,,,,,,2,logo,,,,,,,,,,,,,,,,,,,,input_changed
ajs-next-1763255678424-ec1354a9-5d69-4784-b701-22567633c8e2,2025-11-16 01:14:38.424000+00:00,1fb92160-1f6e-44d8-bc0a-ce37fb208f34,1763255155587x707008769292458900,"Mozilla/5.0 (iPhone; CPU iPhone OS 18_7 like Mac OS X) AppleWebKit/605.1.15 (KHTML, like Gecko) Version/26.0.1 Mobile/15E148 Safari/604.1",/dashboard,https://coloradocatholicbusinessdirectory.com/,?view=list,Colorado Catholic Business Directory,https://coloradocatholicbusinessdirectory.com/dashboard?view=list,1763255155587x707008769292458900,,,,,,,,,,,,11,description,"We are a Fourth generation family business. Peter Sr. And Peter Jr. are Irish Catholics who take their faith seriously, and apply it to the way we do our business.  We strive to deliver the highest quality end result possible, whatever the project may be, big or small. Our teams have been with us for many years, with our longest serving team member having been with us for over 25 years.",,,,,,,,,,,,,,,,,,,input_changed
ajs-next-1763255382433-0a30c20e-7783-4c13-94a9-5d69f7843701,2025-11-16 01:09:42.433000+00:00,1fb92160-1f6e-44d8-bc0a-ce37fb208f34,1763255155587x707008769292458900,"Mozilla/5.0 (iPhone; CPU iPhone OS 18_7 like Mac OS X) AppleWebKit/605.1.15 (KHTML, like Gecko) Version/26.0.1 Mobile/15E148 Safari/604.1",/dashboard,https://coloradocatholicbusinessdirectory.com/,?view=list,Colorado Catholic Business Directory,https://coloradocatholicbusinessdirectory.com/dashboard?view=list,1763255155587x707008769292458900,,,,,,,,,,,,8,main_category,Home Services,,,,,,,,,,,,,,,,,,,input_changed
ajs-next-1763255209996-16e35a10-4ca9-4727-a0df-08d4a0b4144e,2025-11-16 01:06:49.996000+00:00,1fb92160-1f6e-44d8-bc0a-ce37fb208f34,,"Mozilla/5.0 (iPhone; CPU iPhone OS 18_7 like Mac OS X) AppleWebKit/605.1.15 (KHTML, like Gecko) Version/26.0.1 Mobile/15E148 Safari/604.1",/,,,Colorado Catholic Business Directory,https://coloradocatholicbusinessdirectory.com/,,,index,index,/,,,Colorado Catholic Business Directory,https://coloradocatholicbusinessdirectory.com/,index,index,,,,,,,,,,,,,,,,,,,,,,,page
ajs-next-1763255337062-eabcf985-5eb4-4e1e-8a30-c20e7783ec13,2025-11-16 01:08:57.062000+00:00,1fb92160-1f6e-44d8-bc0a-ce37fb208f34,1763255155587x707008769292458900,"Mozilla/5.0 (iPhone; CPU iPhone OS 18_7 like Mac OS X) AppleWebKit/605.1.15 (KHTML, like Gecko) Version/26.0.1 Mobile/15E148 Safari/604.1",/dashboard,https://coloradocatholicbusinessdirectory.com/,?view=list,Colorado Catholic Business Directory,https://coloradocatholicbusinessdirectory.com/dashboard?view=list,1763255155587x707008769292458900,,,,,,,,,,,,3,address,"4419 Centennial Blvd, Colorado Springs, CO 80907, USA",,,,,,,,,,,,,,,,,,,input_changed
ajs-next-1763255262658-9e22b9fa-eabc-4985-9eb4-9e1e0a30c20e,2025-11-16 01:07:42.658000+00:00,1fb92160-1f6e-44d8-bc0a-ce37fb208f34,1763255155587x707008769292458900,"Mozilla/5.0 (iPhone; CPU iPhone OS 18_7 like Mac OS X) AppleWebKit/605.1.15 (KHTML, like Gecko) Version/26.0.1 Mobile/15E148 Safari/604.1",/dashboard,https://coloradocatholicbusinessdirectory.com/,?view=list,Colorado Catholic Business Directory,https://coloradocatholicbusinessdirectory.com/dashboard?view=list,1763255155587x707008769292458900,,dashboard,dashboard,/dashboard,https://coloradocatholicbusinessdirectory.com/,?view=list,Colorado Catholic Business Directory,https://coloradocatholicbusinessdirectory.com/dashboard?view=list,dashboard,dashboard,,,,,,,,,,,,,,,,,,,,,,,page
ajs-next-1763255210516-5a104ca9-1727-40df-88d4-a0b4144ef8df,2025-11-16 01:06:50.516000+00:00,1fb92160-1f6e-44d8-bc0a-ce37fb208f34,,"Mozilla/5.0 (iPhone; CPU iPhone OS 18_7 like Mac OS X) AppleWebKit/605.1.15 (KHTML, like Gecko) Version/26.0.1 Mobile/15E148 Safari/604.1",/,,,Colorado Catholic Business Directory,https://coloradocatholicbusinessdirectory.com/,"1743547621069x279645472884266780, 1744335958024x226211831616957250, 1743549178851x847080663521240200, 1753374338412x209529915103450200, 1753982403438x535213824960417500, 1750436264420x989591292213482400, 1758312173588x895819358343598700, 1752717497153x537286585580736960, 1744579851707x640487742075829500",true,,,,,,,,,,,,,,,,,,,,,,,,,,,,,,,,impression
ajs-next-1763255234941-4ca91727-60df-48d4-a0b4-144ef8df76ba,2025-11-16 01:07:14.941000+00:00,1fb92160-1f6e-44d8-bc0a-ce37fb208f34,,"Mozilla/5.0 (iPhone; CPU iPhone OS 18_7 like Mac OS X) AppleWebKit/605.1.15 (KHTML, like Gecko) Version/26.0.1 Mobile/15E148 Safari/604.1",/,,,Colorado Catholic Business Directory,https://coloradocatholicbusinessdirectory.com/,,,,,,,,,,,,,,,,list_your_business,main_page,,,,,,,,,,,,,,,,,button_click
ajs-next-1763255170773-ec2b39f3-e4c2-491e-af73-50e852ff1a05,2025-11-16 01:06:10.773000+00:00,1fb92160-1f6e-44d8-bc0a-ce37fb208f34,,"Mozilla/5.0 (iPhone; CPU iPhone OS 18_7 like Mac OS X) AppleWebKit/605.1.15 (KHTML, like Gecko) Version/26.0.1 Mobile/15E148 Safari/604.1",/business_profile/office-rebel-freelance-secretary-1752717497153x537286585580736960,https://coloradocatholicbusinessdirectory.com/,,| Colorado Catholic Business Directory,https://coloradocatholicbusinessdirectory.com/business_profile/office-rebel-freelance-secretary-1752717497153x537286585580736960,1752717497153x537286585580736960,,profile,business_profile,/business_profile/office-rebel-freelance-secretary-1752717497153x537286585580736960,https://coloradocatholicbusinessdirectory.com/,,| Colorado Catholic Business Directory,https://coloradocatholicbusinessdirectory.com/business_profile/office-rebel-freelance-secretary-1752717497153x537286585580736960,profile,business_profile,,,,,,,,,,,,,,,,,,,,,,,page
ajs-next-1763255159161-21601f6e-44d8-4c0a-8e37-fb208f34fc55,2025-11-16 01:05:59.161000+00:00,1fb92160-1f6e-44d8-bc0a-ce37fb208f34,,"Mozilla/5.0 (iPhone; CPU iPhone OS 18_7 like Mac OS X) AppleWebKit/605.1.15 (KHTML, like Gecko) Version/26.0.1 Mobile/15E148 Safari/604.1",/,,,Colorado Catholic Business Directory,https://coloradocatholicbusinessdirectory.com/,"1752717497153x537286585580736960, 1758312173588x895819358343598700, 1753982403438x535213824960417500, 1744335958024x226211831616957250, 1750436264420x989591292213482400, 1743549178851x847080663521240200, 1743547621069x279645472884266780, 1753374338412x209529915103450200, 1744579851707x640487742075829500",true,,,,,,,,,,,,,,,,,,,,,,,,,,,,,,,,impression
ajs-next-1763255262657-f0fe9e22-b9fa-4abc-b985-5eb49e1e0a30,2025-11-16 01:07:42.657000+00:00,1fb92160-1f6e-44d8-bc0a-ce37fb208f34,1763255155587x707008769292458900,"Mozilla/5.0 (iPhone; CPU iPhone OS 18_7 like Mac OS X) AppleWebKit/605.1.15 (KHTML, like Gecko) Version/26.0.1 Mobile/15E148 Safari/604.1",/dashboard,https://coloradocatholicbusinessdirectory.com/,?view=list,Colorado Catholic Business Directory,https://coloradocatholicbusinessdirectory.com/dashboard?view=list,,,,,,,,,,,,"{'email': 'carrollpainting@me.com', 'is_logged_in': True}",,,,,,,,,,,,,,,,,,,,,,identify
ajs-next-1763255415413-c20e7783-ec13-44a9-9d69-f78437012256,2025-11-16 01:10:15.413000+00:00,1fb92160-1f6e-44d8-bc0a-ce37fb208f34,1763255155587x707008769292458900,"Mozilla/5.0 (iPhone; CPU iPhone OS 18_7 like Mac OS X) AppleWebKit/605.1.15 (KHTML, like Gecko) Version/26.0.1 Mobile/15E148 Safari/604.1",/dashboard,https://coloradocatholicbusinessdirectory.com/,?view=list,Colorado Catholic Business Directory,https://coloradocatholicbusinessdirectory.com/dashboard?view=list,1763255155587x707008769292458900,,,,,,,,,,,,9,sub_category,"Interior and Exterior Painting, Coatings, Stucco Repair",,,,,,,,,,,,,,,,,,,input_changed
ajs-next-1763255694458-f7843701-2256-4633-88e2-cbc048a12ee0,2025-11-16 01:14:54.458000+00:00,1fb92160-1f6e-44d8-bc0a-ce37fb208f34,1763255155587x707008769292458900,"Mozilla/5.0 (iPhone; CPU iPhone OS 18_7 like Mac OS X) AppleWebKit/605.1.15 (KHTML, like Gecko) Version/26.0.1 Mobile/15E148 Safari/604.1",/dashboard,https://coloradocatholicbusinessdirectory.com/,?view=list,Colorado Catholic Business Directory,https://coloradocatholicbusinessdirectory.com/dashboard?view=list,1763255155587x707008769292458900,,,,,,,,,,,,,,,,,,,,"We are a Fourth generation family business. Peter Sr. And Peter Jr. are Irish Catholics who take their faith seriously, and apply it to the way we do our business.  We strive to deliver the highest quality end result possible, whatever the project may be, big or small. Our teams have been with us for many years, with our longest serving team member having been with us for over 25 years.",carrollpainting@me.com,Carroll Painting LLC ,Home Services,Our Lady of the Pines - Colorado Springs,719-963-8033,"Interior and Exterior Painting, Coatings, Stucco Repair",www.carrollpainting.net,carrollpainting@me.com,,,,,db_update
ajs-next-1763255260051-b5b4d063-d19b-486d-b0fc-a050868be127,2025-11-16 01:07:40.051000+00:00,1fb92160-1f6e-44d8-bc0a-ce37fb208f34,,"Mozilla/5.0 (iPhone; CPU iPhone OS 18_7 like Mac OS X) AppleWebKit/605.1.15 (KHTML, like Gecko) Version/26.0.1 Mobile/15E148 Safari/604.1",/start,https://coloradocatholicbusinessdirectory.com/,,Login,https://coloradocatholicbusinessdirectory.com/start,,,,,,,,,,,,,,,,sign_up,,,,,,,,,,,,,carrollpainting@me.com,,,,,button_click
ajs-next-1763255169734-44d83c0a-ce37-4b20-8f34-fc5598a20cd6,2025-11-16 01:06:09.734000+00:00,1fb92160-1f6e-44d8-bc0a-ce37fb208f34,,"Mozilla/5.0 (iPhone; CPU iPhone OS 18_7 like Mac OS X) AppleWebKit/605.1.15 (KHTML, like Gecko) Version/26.0.1 Mobile/15E148 Safari/604.1",/,,,Colorado Catholic Business Directory,https://coloradocatholicbusinessdirectory.com/,1752717497153x537286585580736960,true,,,,,,,,,,,,,,more_info,,,,,,,,,,,,,,,,,,button_click
ajs-next-1763255696283-bb1d7afc-76a3-4045-b832-b73d4d5c91e0,2025-11-16 01:14:56.283000+00:00,1fb92160-1f6e-44d8-bc0a-ce37fb208f34,1763255155587x707008769292458900,"Mozilla/5.0 (iPhone; CPU iPhone OS 18_7 like Mac OS X) AppleWebKit/605.1.15 (KHTML, like Gecko) Version/26.0.1 Mobile/15E148 Safari/604.1",/business_profile/carroll-painting-llc-,https://coloradocatholicbusinessdirectory.com/,,Carroll Painting LLC | Colorado Catholic Business Directory,https://coloradocatholicbusinessdirectory.com/business_profile/carroll-painting-llc-,1763255155587x707008769292458900,,profile,business_profile,/business_profile/carroll-painting-llc-,https://coloradocatholicbusinessdirectory.com/,,Carroll Painting LLC | Colorado Catholic Business Directory,https://coloradocatholicbusinessdirectory.com/business_profile/carroll-painting-llc-,profile,business_profile,,,,,,,,,,,,,,,,,,,,,,,page
ajs-next-1763255367323-5eb49e1e-0a30-420e-b783-ec1354a95d69,2025-11-16 01:09:27.323000+00:00,1fb92160-1f6e-44d8-bc0a-ce37fb208f34,1763255155587x707008769292458900,"Mozilla/5.0 (iPhone; CPU iPhone OS 18_7 like Mac OS X) AppleWebKit/605.1.15 (KHTML, like Gecko) Version/26.0.1 Mobile/15E148 Safari/604.1",/dashboard,https://coloradocatholicbusinessdirectory.com/,?view=list,Colorado Catholic Business Directory,https://coloradocatholicbusinessdirectory.com/dashboard?view=list,1763255155587x707008769292458900,,,,,,,,,,,,6,website,www.carrollpainting.net,,,,,,,,,,,,,,,,,,,input_changed
ajs-next-1763255344468-f9855eb4-9e1e-4a30-820e-7783ec1354a9,2025-11-16 01:09:04.468000+00:00,1fb92160-1f6e-44d8-bc0a-ce37fb208f34,1763255155587x707008769292458900,"Mozilla/5.0 (iPhone; CPU iPhone OS 18_7 like Mac OS X) AppleWebKit/605.1.15 (KHTML, like Gecko) Version/26.0.1 Mobile/15E148 Safari/604.1",/dashboard,https://coloradocatholicbusinessdirectory.com/,?view=list,Colorado Catholic Business Directory,https://coloradocatholicbusinessdirectory.com/dashboard?view=list,1763255155587x707008769292458900,,,,,,,,,,,,5,phone,719-963-8033,,,,,,,,,,,,,,,,,,,input_changed
ajs-next-1763255378141-9e1e0a30-c20e-4783-ac13-54a95d69f784,2025-11-16 01:09:38.141000+00:00,1fb92160-1f6e-44d8-bc0a-ce37fb208f34,1763255155587x707008769292458900,"Mozilla/5.0 (iPhone; CPU iPhone OS 18_7 like Mac OS X) AppleWebKit/605.1.15 (KHTML, like Gecko) Version/26.0.1 Mobile/15E148 Safari/604.1",/dashboard,https://coloradocatholicbusinessdirectory.com/,?view=list,Colorado Catholic Business Directory,https://coloradocatholicbusinessdirectory.com/dashboard?view=list,1763255155587x707008769292458900,,,,,,,,,,,,7,parish,Our Lady of the Pines - Colorado Springs,,,,,,,,,,,,,,,,,,,input_changed
ajs-next-1763255693574-5d69f784-3701-4256-b633-c8e2cbc048a1,2025-11-16 01:14:53.574000+00:00,1fb92160-1f6e-44d8-bc0a-ce37fb208f34,1763255155587x707008769292458900,"Mozilla/5.0 (iPhone; CPU iPhone OS 18_7 like Mac OS X) AppleWebKit/605.1.15 (KHTML, like Gecko) Version/26.0.1 Mobile/15E148 Safari/604.1",/dashboard,https://coloradocatholicbusinessdirectory.com/,?view=list,Colorado Catholic Business Directory,https://coloradocatholicbusinessdirectory.com/dashboard?view=list,1763255155587x707008769292458900,,,,,,,,,,,,,,,faith,,,,,,,,,,,,,,,,,,button_click
ajs-next-1763255641075-7783ec13-54a9-4d69-b784-370122567633,2025-11-16 01:14:01.075000+00:00,1fb92160-1f6e-44d8-bc0a-ce37fb208f34,1763255155587x707008769292458900,"Mozilla/5.0 (iPhone; CPU iPhone OS 18_7 like Mac OS X) AppleWebKit/605.1.15 (KHTML, like Gecko) Version/26.0.1 Mobile/15E148 Safari/604.1",/dashboard,https://coloradocatholicbusinessdirectory.com/,?view=list,Colorado Catholic Business Directory,https://coloradocatholicbusinessdirectory.com/dashboard?view=list,1763255155587x707008769292458900,,,,,,,,,,,,11,description,"Fourth generation family business. Peter Sr. And Peter Jr. are Irish Catholics who take their faith seriously, and apply it to the way we do our business.  We strive to deliver the highest quality end result possible, whatever the project may be, big or small. Our teams have been with us for many years, with our longest serving team member having been with us for over 25 years.",,,,,,,,,,,,,,,,,,,input_changed
ajs-next-1763255696281-d42abb1d-7afc-46a3-a045-f832b73d4d5c,2025-11-16 01:14:56.281000+00:00,1fb92160-1f6e-44d8-bc0a-ce37fb208f34,1763255155587x707008769292458900,"Mozilla/5.0 (iPhone; CPU iPhone OS 18_7 like Mac OS X) AppleWebKit/605.1.15 (KHTML, like Gecko) Version/26.0.1 Mobile/15E148 Safari/604.1",/business_profile/carroll-painting-llc-,https://coloradocatholicbusinessdirectory.com/,,Carroll Painting LLC | Colorado Catholic Business Directory,https://coloradocatholicbusinessdirectory.com/business_profile/carroll-painting-llc-,,,,,,,,,,,,"{'email': 'carrollpainting@me.com', 'is_logged_in': True}",,,,,,,,,,,,,,,,,,,,,,identify
ajs-next-1763255678426-54a95d69-f784-4701-a256-7633c8e2cbc0,2025-11-16 01:14:38.426000+00:00,1fb92160-1f6e-44d8-bc0a-ce37fb208f34,1763255155587x707008769292458900,"Mozilla/5.0 (iPhone; CPU iPhone OS 18_7 like Mac OS X) AppleWebKit/605.1.15 (KHTML, like Gecko) Version/26.0.1 Mobile/15E148 Safari/604.1",/dashboard,https://coloradocatholicbusinessdirectory.com/,?view=list,Colorado Catholic Business Directory,https://coloradocatholicbusinessdirectory.com/dashboard?view=list,1763255155587x707008769292458900,,,,,,,,,,,,,,,save,,,,,,,,,,,,,,,,,,button_click
ajs-next-1763265134128-2e849206-8384-4843-b7c1-30490fed6806,2025-11-16 03:52:14.128000+00:00,1fb92160-1f6e-44d8-bc0a-ce37fb208f34,1763255155587x707008769292458900,"Mozilla/5.0 (iPhone; CPU iPhone OS 18_7 like Mac OS X) AppleWebKit/605.1.15 (KHTML, like Gecko) Version/26.0.1 Mobile/15E148 Safari/604.1",/business_profile/carroll-painting-llc-,https://coloradocatholicbusinessdirectory.com/,,Carroll Painting LLC | Colorado Catholic Business Directory,https://coloradocatholicbusinessdirectory.com/business_profile/carroll-painting-llc-,,,,,,,,,,,,"{'email': 'carrollpainting@me.com', 'is_logged_in': True}",,,,,,,,,,,,,,,,,,,,,,identify
ajs-next-1763267055052-831fd832-3167-492d-9427-2177df6c4e45,2025-11-16 04:24:15.052000+00:00,feb7d5bf-1550-4698-afd0-8dbf8ee60ae7,,"Mozilla/5.0 (iPhone; CPU iPhone OS 18_6_2 like Mac OS X) AppleWebKit/605.1.15 (KHTML, like Gecko) Version/18.6 Mobile/15E148 Safari/604.1",/search,https://coloradocatholicbusinessdirectory.com/,?query=&category=,Search | Colorado Catholic Business Directory,https://coloradocatholicbusinessdirectory.com/search?query=&category=,,,search,search,/search,https://coloradocatholicbusinessdirectory.com/,?query=&category=,Search | Colorado Catholic Business Directory,https://coloradocatholicbusinessdirectory.com/search?query=&category=,search,search,,,,,,,,,,,,,,,,,,,,,,,page
ajs-next-1763265134129-92068384-5843-47c1-b049-0fed6806d533,2025-11-16 03:52:14.129000+00:00,1fb92160-1f6e-44d8-bc0a-ce37fb208f34,1763255155587x707008769292458900,"Mozilla/5.0 (iPhone; CPU iPhone OS 18_7 like Mac OS X) AppleWebKit/605.1.15 (KHTML, like Gecko) Version/26.0.1 Mobile/15E148 Safari/604.1",/business_profile/carroll-painting-llc-,https://coloradocatholicbusinessdirectory.com/,,Carroll Painting LLC | Colorado Catholic Business Directory,https://coloradocatholicbusinessdirectory.com/business_profile/carroll-painting-llc-,1763255155587x707008769292458900,,profile,business_profile,/business_profile/carroll-painting-llc-,https://coloradocatholicbusinessdirectory.com/,,Carroll Painting LLC | Colorado Catholic Business Directory,https://coloradocatholicbusinessdirectory.com/business_profile/carroll-painting-llc-,profile,business_profile,,,,,,,,,,,,,,,,,,,,,,,page
ajs-next-1763266855869-6cebd7f4-4d4e-47b1-8c9a-1e2875d7e626,2025-11-16 04:20:55.869000+00:00,feb7d5bf-1550-4698-afd0-8dbf8ee60ae7,,"Mozilla/5.0 (iPhone; CPU iPhone OS 18_6_2 like Mac OS X) AppleWebKit/605.1.15 (KHTML, like Gecko) Version/18.6 Mobile/15E148 Safari/604.1",/search,https://coloradocatholicbusinessdirectory.com/,,Search | Colorado Catholic Business Directory,https://coloradocatholicbusinessdirectory.com/search,,true,,,,,,,,,,,,,,,sidebar,,,,,,,,,,,,,,,,,impression
ajs-next-1763266817376-d0feb7d5-bf15-4046-98ef-d08dbf8ee60a,2025-11-16 04:20:17.376000+00:00,feb7d5bf-1550-4698-afd0-8dbf8ee60ae7,,"Mozilla/5.0 (iPhone; CPU iPhone OS 18_6_2 like Mac OS X) AppleWebKit/605.1.15 (KHTML, like Gecko) Version/18.6 Mobile/15E148 Safari/604.1",/,,,Colorado Catholic Business Directory,https://coloradocatholicbusinessdirectory.com/,,,index,index,/,,,Colorado Catholic Business Directory,https://coloradocatholicbusinessdirectory.com/,index,index,,,,,,,,,,,,,,,,,,,,,,,page
ajs-next-1763266995055-75d7e626-ae29-4f30-817e-d86a9b482036,2025-11-16 04:23:15.055000+00:00,feb7d5bf-1550-4698-afd0-8dbf8ee60ae7,,"Mozilla/5.0 (iPhone; CPU iPhone OS 18_6_2 like Mac OS X) AppleWebKit/605.1.15 (KHTML, like Gecko) Version/18.6 Mobile/15E148 Safari/604.1",/search,https://coloradocatholicbusinessdirectory.com/,?query=&category=,Search | Colorado Catholic Business Directory,https://coloradocatholicbusinessdirectory.com/search?query=&category=,,true,,,,,,,,,,,,,,,sidebar,,,,,,,,,,,,,,,,,impression
ajs-next-1763267055358-d8323167-f92d-4427-a177-df6c4e4569b0,2025-11-16 04:24:15.358000+00:00,feb7d5bf-1550-4698-afd0-8dbf8ee60ae7,,"Mozilla/5.0 (iPhone; CPU iPhone OS 18_6_2 like Mac OS X) AppleWebKit/605.1.15 (KHTML, like Gecko) Version/18.6 Mobile/15E148 Safari/604.1",/search,https://coloradocatholicbusinessdirectory.com/,?query=&category=,Search | Colorado Catholic Business Directory,https://coloradocatholicbusinessdirectory.com/search?query=&category=,,true,,,,,,,,,,,,,,,sidebar,,,,,,,,,,,,,,,,,impression
ajs-next-1763266855565-39d26ceb-d7f4-4d4e-87b1-cc9a1e2875d7,2025-11-16 04:20:55.565000+00:00,feb7d5bf-1550-4698-afd0-8dbf8ee60ae7,,"Mozilla/5.0 (iPhone; CPU iPhone OS 18_6_2 like Mac OS X) AppleWebKit/605.1.15 (KHTML, like Gecko) Version/18.6 Mobile/15E148 Safari/604.1",/search,https://coloradocatholicbusinessdirectory.com/,,Search | Colorado Catholic Business Directory,https://coloradocatholicbusinessdirectory.com/search,,,search,search,/search,https://coloradocatholicbusinessdirectory.com/,,Search | Colorado Catholic Business Directory,https://coloradocatholicbusinessdirectory.com/search,search,search,,,,,,,,,,,,,,,,,,,,,,,page
ajs-next-1763266817572-d5bf1550-4698-4fd0-8dbf-8ee60ae7a728,2025-11-16 04:20:17.572000+00:00,feb7d5bf-1550-4698-afd0-8dbf8ee60ae7,,"Mozilla/5.0 (iPhone; CPU iPhone OS 18_6_2 like Mac OS X) AppleWebKit/605.1.15 (KHTML, like Gecko) Version/18.6 Mobile/15E148 Safari/604.1",/,,,Colorado Catholic Business Directory,https://coloradocatholicbusinessdirectory.com/,"1758312173588x895819358343598700, 1744579851707x640487742075829500, 1752717497153x537286585580736960, 1743549178851x847080663521240200, 1750436264420x989591292213482400, 1753982403438x535213824960417500, 1753374338412x209529915103450200, 1744335958024x226211831616957250, 1743547621069x279645472884266780",true,,,,,,,,,,,,,,,,,,,,,,,,,,,,,,,,impression
ajs-next-1763267007013-817ed86a-9b48-4036-8c79-e53f78ce59f8,2025-11-16 04:23:27.013000+00:00,feb7d5bf-1550-4698-afd0-8dbf8ee60ae7,,"Mozilla/5.0 (iPhone; CPU iPhone OS 18_6_2 like Mac OS X) AppleWebKit/605.1.15 (KHTML, like Gecko) Version/18.6 Mobile/15E148 Safari/604.1",/search,https://coloradocatholicbusinessdirectory.com/,?query=&category=,Search | Colorado Catholic Business Directory,https://coloradocatholicbusinessdirectory.com/search?query=&category=,,,,,,,,,,,,,,,,,main_search,,,,,,,,Corpus Christi,,,,,,,,,search
ajs-next-1763266817708-15504698-efd0-4dbf-8ee6-0ae7a728e115,2025-11-16 04:20:17.708000+00:00,feb7d5bf-1550-4698-afd0-8dbf8ee60ae7,,"Mozilla/5.0 (iPhone; CPU iPhone OS 18_6_2 like Mac OS X) AppleWebKit/605.1.15 (KHTML, like Gecko) Version/18.6 Mobile/15E148 Safari/604.1",/,,,Colorado Catholic Business Directory,https://coloradocatholicbusinessdirectory.com/,"1758312173588x895819358343598700, 1744579851707x640487742075829500, 1752717497153x537286585580736960, 1743549178851x847080663521240200, 1750436264420x989591292213482400, 1753982403438x535213824960417500, 1753374338412x209529915103450200, 1744335958024x226211831616957250, 1743547621069x279645472884266780",true,,,,,,,,,,,,,,,,,,,,,,,,,,,,,,,,impression
ajs-next-1763266994091-87b1cc9a-1e28-45d7-a626-ae290f30817e,2025-11-16 04:23:14.091000+00:00,feb7d5bf-1550-4698-afd0-8dbf8ee60ae7,,"Mozilla/5.0 (iPhone; CPU iPhone OS 18_6_2 like Mac OS X) AppleWebKit/605.1.15 (KHTML, like Gecko) Version/18.6 Mobile/15E148 Safari/604.1",/search,https://coloradocatholicbusinessdirectory.com/,,Search | Colorado Catholic Business Directory,https://coloradocatholicbusinessdirectory.com/search,,,,,,,,,,,,,,,,search,,,,,,,,,,,,,,,,,,button_click
ajs-next-1763267041003-0c79e53f-78ce-49f8-8d2d-3a6c63ba8ae2,2025-11-16 04:24:01.003000+00:00,feb7d5bf-1550-4698-afd0-8dbf8ee60ae7,,"Mozilla/5.0 (iPhone; CPU iPhone OS 18_6_2 like Mac OS X) AppleWebKit/605.1.15 (KHTML, like Gecko) Version/18.6 Mobile/15E148 Safari/604.1",/search,https://coloradocatholicbusinessdirectory.com/,?query=&category=,Search | Colorado Catholic Business Directory,https://coloradocatholicbusinessdirectory.com/search?query=&category=,,,,,,,,,,,,,,,,,main_search,,,,,,,,Holy Trinity - Colorado Springs,,,,,,,,,search
ajs-next-1763267006701-0f30817e-d86a-4b48-a036-0c79e53f78ce,2025-11-16 04:23:26.701000+00:00,feb7d5bf-1550-4698-afd0-8dbf8ee60ae7,,"Mozilla/5.0 (iPhone; CPU iPhone OS 18_6_2 like Mac OS X) AppleWebKit/605.1.15 (KHTML, like Gecko) Version/18.6 Mobile/15E148 Safari/604.1",/search,https://coloradocatholicbusinessdirectory.com/,?query=&category=,Search | Colorado Catholic Business Directory,https://coloradocatholicbusinessdirectory.com/search?query=&category=,,,,,,,,,,,,,,,,search,,,,,,,,,,,,,,,,,,button_click
ajs-next-1763266995362-e626ae29-0f30-417e-986a-9b4820360c79,2025-11-16 04:23:15.362000+00:00,feb7d5bf-1550-4698-afd0-8dbf8ee60ae7,,"Mozilla/5.0 (iPhone; CPU iPhone OS 18_6_2 like Mac OS X) AppleWebKit/605.1.15 (KHTML, like Gecko) Version/18.6 Mobile/15E148 Safari/604.1",/search,https://coloradocatholicbusinessdirectory.com/,?query=&category=,Search | Colorado Catholic Business Directory,https://coloradocatholicbusinessdirectory.com/search?query=&category=,1744335958024x226211831616957250,true,,,,,,,,,,,,,,,main_list,,,,,,,,,,,,,,,,,impression
ajs-next-1763266994407-cc9a1e28-75d7-4626-ae29-0f30817ed86a,2025-11-16 04:23:14.407000+00:00,feb7d5bf-1550-4698-afd0-8dbf8ee60ae7,,"Mozilla/5.0 (iPhone; CPU iPhone OS 18_6_2 like Mac OS X) AppleWebKit/605.1.15 (KHTML, like Gecko) Version/18.6 Mobile/15E148 Safari/604.1",/search,https://coloradocatholicbusinessdirectory.com/,,Search | Colorado Catholic Business Directory,https://coloradocatholicbusinessdirectory.com/search,,,,,,,,,,,,,,,,,main_search,,,,,,,,Corpus Christi,,,,,,,,,search
ajs-next-1763266856173-d7f44d4e-87b1-4c9a-9e28-75d7e626ae29,2025-11-16 04:20:56.173000+00:00,feb7d5bf-1550-4698-afd0-8dbf8ee60ae7,,"Mozilla/5.0 (iPhone; CPU iPhone OS 18_6_2 like Mac OS X) AppleWebKit/605.1.15 (KHTML, like Gecko) Version/18.6 Mobile/15E148 Safari/604.1",/search,https://coloradocatholicbusinessdirectory.com/,,Search | Colorado Catholic Business Directory,https://coloradocatholicbusinessdirectory.com/search,1744335958024x226211831616957250,true,,,,,,,,,,,,,,,main_list,,,,,,,,,,,,,,,,,impression
ajs-next-1763266995683-ae290f30-817e-486a-9b48-20360c79e53f,2025-11-16 04:23:15.683000+00:00,feb7d5bf-1550-4698-afd0-8dbf8ee60ae7,,"Mozilla/5.0 (iPhone; CPU iPhone OS 18_6_2 like Mac OS X) AppleWebKit/605.1.15 (KHTML, like Gecko) Version/18.6 Mobile/15E148 Safari/604.1",/search,https://coloradocatholicbusinessdirectory.com/,?query=&category=,Search | Colorado Catholic Business Directory,https://coloradocatholicbusinessdirectory.com/search?query=&category=,"1753985929691x853149258569598100, 1750784029587x963255839088365200, 1763148950401x545361905340972600, 1751744301621x758526182685981300, 1744737250347x219277345743008400, 1752687366861x422755081931784260, 1761044854709x307607562836745150, 1752182630575x854371423894944000, 1744760380914x558772773612561600, 1761762406893x958878656538368500, 1750436264420x989591292213482400, 1753135741395x558904608479141570, 1760118921086x941497076227920600, 1743547361284x291138005899707260, 1747216018889x770977089491677400, 1747415704843x665338483592092500, 1747183179554x540122160625888100, 1744335958024x226211831616957250, 1757437593796x460281345015416640, 1745597587022x519433479989605000, 1746467711533x453074785848415400, 1748389292320x918627677903932400, 1744579851707x640487742075829500, 1747398900475x598159844147748100, 1744736810207x919925185055488400, 1751319669665x621437589169731200, 1758120880051x675194275556497400, 1751402056748x637551618886434600, 1762889659042x996969350831174300, 1757438153395x416809556103947500, 1747184079669x994211808429350800, 1761930377989x951815782791809400, 1759423986281x805514757919405700, 1743547621069x279645472884266780, 1754624056001x759184470890143000, 1758147388607x898014240790697700, 1748365021326x105262688542451250, 1762364811793x796217509980630800, 1747221865162x703532834449508000, 1760458225389x690604949380638100, 1749173974503x736079030141835600, 1754949567759x639105313824555300, 1749068120323x412920063824988600, 1757355028996x505189727810192200, 1753465897836x101289632151690960, 1744134674881x127285411168640110, 1747163465846x476237095610093000, 1754081360962x724252535884739300, 1761919898226x928695665795906700, 1754927931120x470668069008822300, 1744391553368x301043576290850300, 1749057953945x756346430245684600, 1750784475796x702583457937545900, 1753911193017x504194995643152640, 1744282156200x727555159743162000, 1762271200864x775090106640580500, 1747165674437x491901038958021200, 1754941249648x796792188496967000, 1746827109704x963221719337950200, 1754084205128x675147807630683600, 1744907031541x119079844893356540, 1746938798847x931997689495082400, 1751425811600x127124815802215140, 1749742920378x965836759111504900, 1757369121056x350487849823425600, 1744175271939x575064790204550460, 1744643921578x315333816253624100, 1744157592334x292550965261606100, 1744398484109x785674167096991400, 1746631267951x741803061642879500, 1747185390251x665604546429507900, 1746548006831x128230088489826860, 1750423781412x480534435350699700, 1744319857648x144922844539837200, 1750783679107x801419812763124500, 1750783674403x491887953737125700, 1747827548541x313848517899538500, 1753982403438x535213824960417500, 1758312173588x895819358343598700, 1747170561218x640297169073643000, 1759153763139x433792388290277000, 1754505203290x671062062407191900, 1747848709032x210920410073364830, 1746765568691x979794717919274100, 1753374338412x209529915103450200, 1758568877707x715638242996164100, 1749580724532x760028975589297300, 1761762460002x434978052003146300, 1746635677548x343522492232585660, 1746855895334x711816173120128000, 1748581534531x956271769254002200, 1751749348389x952656707958261400, 1755621956288x571897163769246900, 1763255155587x707008769292458900, 1757720364741x595714121363069200, 1750785338983x949958887494882000, 1762957766158x632118084948257900, 1744751205492x235134337285239230, 1747420152884x437771544876149700, 1747594874125x270237571814453630, 1744397288473x909294892772270800, 1745533127765x291393362647413700, 1755271286521x378031808974615550, 1755533063776x956164571796881400, 1744743906400x631087870982087000, 1752717497153x537286585580736960, 1744260813114x505427712482621440, 1759930025997x126109694575208930, 1745528732739x896561533370513300, 1743549178851x847080663521240200, 1753909381745x872991521395046100, 1747864432460x772931238395911000, 1751224250248x539537516841198200, 1744740154739x566945822952470660, 1745273541628x945470626229355500, 1746843461447x686795565273950000, 1744748222708x779656090283929300",false,,,,,,,,,,,,,,,,,,,,,,,,,,,,,,,,impression
ajs-next-1763266994750-1e2875d7-e626-4e29-8f30-817ed86a9b48,2025-11-16 04:23:14.750000+00:00,feb7d5bf-1550-4698-afd0-8dbf8ee60ae7,,"Mozilla/5.0 (iPhone; CPU iPhone OS 18_6_2 like Mac OS X) AppleWebKit/605.1.15 (KHTML, like Gecko) Version/18.6 Mobile/15E148 Safari/604.1",/search,https://coloradocatholicbusinessdirectory.com/,?query=&category=,Search | Colorado Catholic Business Directory,https://coloradocatholicbusinessdirectory.com/search?query=&category=,,,search,search,/search,https://coloradocatholicbusinessdirectory.com/,?query=&category=,Search | Colorado Catholic Business Directory,https://coloradocatholicbusinessdirectory.com/search?query=&category=,search,search,,,,,,,,,,,,,,,,,,,,,,,page
ajs-next-1763266856478-4d4e87b1-cc9a-4e28-b5d7-e626ae290f30,2025-11-16 04:20:56.478000+00:00,feb7d5bf-1550-4698-afd0-8dbf8ee60ae7,,"Mozilla/5.0 (iPhone; CPU iPhone OS 18_6_2 like Mac OS X) AppleWebKit/605.1.15 (KHTML, like Gecko) Version/18.6 Mobile/15E148 Safari/604.1",/search,https://coloradocatholicbusinessdirectory.com/,,Search | Colorado Catholic Business Directory,https://coloradocatholicbusinessdirectory.com/search,"1753985929691x853149258569598100, 1750784029587x963255839088365200, 1763148950401x545361905340972600, 1751744301621x758526182685981300, 1744737250347x219277345743008400, 1752687366861x422755081931784260, 1761044854709x307607562836745150, 1752182630575x854371423894944000, 1744760380914x558772773612561600, 1761762406893x958878656538368500, 1750436264420x989591292213482400, 1753135741395x558904608479141570, 1760118921086x941497076227920600, 1743547361284x291138005899707260, 1747216018889x770977089491677400, 1747415704843x665338483592092500, 1747183179554x540122160625888100, 1744335958024x226211831616957250, 1757437593796x460281345015416640, 1745597587022x519433479989605000, 1746467711533x453074785848415400, 1748389292320x918627677903932400, 1744579851707x640487742075829500, 1747398900475x598159844147748100, 1744736810207x919925185055488400, 1751319669665x621437589169731200, 1758120880051x675194275556497400, 1751402056748x637551618886434600, 1762889659042x996969350831174300, 1757438153395x416809556103947500, 1747184079669x994211808429350800, 1761930377989x951815782791809400, 1759423986281x805514757919405700, 1743547621069x279645472884266780, 1754624056001x759184470890143000, 1758147388607x898014240790697700, 1748365021326x105262688542451250, 1762364811793x796217509980630800, 1747221865162x703532834449508000, 1760458225389x690604949380638100, 1749173974503x736079030141835600, 1754949567759x639105313824555300, 1749068120323x412920063824988600, 1757355028996x505189727810192200, 1753465897836x101289632151690960, 1744134674881x127285411168640110, 1747163465846x476237095610093000, 1754081360962x724252535884739300, 1761919898226x928695665795906700, 1754927931120x470668069008822300, 1744391553368x301043576290850300, 1749057953945x756346430245684600, 1750784475796x702583457937545900, 1753911193017x504194995643152640, 1744282156200x727555159743162000, 1762271200864x775090106640580500, 1747165674437x491901038958021200, 1754941249648x796792188496967000, 1746827109704x963221719337950200, 1754084205128x675147807630683600, 1744907031541x119079844893356540, 1746938798847x931997689495082400, 1751425811600x127124815802215140, 1749742920378x965836759111504900, 1757369121056x350487849823425600, 1744175271939x575064790204550460, 1744643921578x315333816253624100, 1744157592334x292550965261606100, 1744398484109x785674167096991400, 1746631267951x741803061642879500, 1747185390251x665604546429507900, 1746548006831x128230088489826860, 1750423781412x480534435350699700, 1744319857648x144922844539837200, 1750783679107x801419812763124500, 1750783674403x491887953737125700, 1747827548541x313848517899538500, 1753982403438x535213824960417500, 1758312173588x895819358343598700, 1747170561218x640297169073643000, 1759153763139x433792388290277000, 1754505203290x671062062407191900, 1747848709032x210920410073364830, 1746765568691x979794717919274100, 1753374338412x209529915103450200, 1758568877707x715638242996164100, 1749580724532x760028975589297300, 1761762460002x434978052003146300, 1746635677548x343522492232585660, 1746855895334x711816173120128000, 1748581534531x956271769254002200, 1751749348389x952656707958261400, 1755621956288x571897163769246900, 1763255155587x707008769292458900, 1757720364741x595714121363069200, 1750785338983x949958887494882000, 1762957766158x632118084948257900, 1744751205492x235134337285239230, 1747420152884x437771544876149700, 1747594874125x270237571814453630, 1744397288473x909294892772270800, 1745533127765x291393362647413700, 1755271286521x378031808974615550, 1755533063776x956164571796881400, 1744743906400x631087870982087000, 1752717497153x537286585580736960, 1744260813114x505427712482621440, 1759930025997x126109694575208930, 1745528732739x896561533370513300, 1743549178851x847080663521240200, 1753909381745x872991521395046100, 1747864432460x772931238395911000, 1751224250248x539537516841198200, 1744740154739x566945822952470660, 1745273541628x945470626229355500, 1746843461447x686795565273950000, 1744748222708x779656090283929300",false,,,,,,,,,,,,,,,,,,,,,,,,,,,,,,,,impression
ajs-next-1763267040170-9b482036-0c79-453f-b8ce-59f80d2d3a6c,2025-11-16 04:24:00.170000+00:00,feb7d5bf-1550-4698-afd0-8dbf8ee60ae7,,"Mozilla/5.0 (iPhone; CPU iPhone OS 18_6_2 like Mac OS X) AppleWebKit/605.1.15 (KHTML, like Gecko) Version/18.6 Mobile/15E148 Safari/604.1",/search,https://coloradocatholicbusinessdirectory.com/,?query=&category=,Search | Colorado Catholic Business Directory,https://coloradocatholicbusinessdirectory.com/search?query=&category=,,,,,,,,,,,,,,,,,main_search,,,,,,,,Holy Trinity - Colorado Springs,,,,,,,,,search
ajs-next-1763267040698-20360c79-e53f-48ce-99f8-0d2d3a6c63ba,2025-11-16 04:24:00.698000+00:00,feb7d5bf-1550-4698-afd0-8dbf8ee60ae7,,"Mozilla/5.0 (iPhone; CPU iPhone OS 18_6_2 like Mac OS X) AppleWebKit/605.1.15 (KHTML, like Gecko) Version/18.6 Mobile/15E148 Safari/604.1",/search,https://coloradocatholicbusinessdirectory.com/,?query=&category=,Search | Colorado Catholic Business Directory,https://coloradocatholicbusinessdirectory.com/search?query=&category=,,,,,,,,,,,,,,,,search,,,,,,,,,,,,,,,,,,button_click
ajs-next-1763267055662-3167f92d-d427-4177-9f6c-4e4569b01f2e,2025-11-16 04:24:15.662000+00:00,feb7d5bf-1550-4698-afd0-8dbf8ee60ae7,,"Mozilla/5.0 (iPhone; CPU iPhone OS 18_6_2 like Mac OS X) AppleWebKit/605.1.15 (KHTML, like Gecko) Version/18.6 Mobile/15E148 Safari/604.1",/search,https://coloradocatholicbusinessdirectory.com/,?query=&category=,Search | Colorado Catholic Business Directory,https://coloradocatholicbusinessdirectory.com/search?query=&category=,1750436264420x989591292213482400,true,,,,,,,,,,,,,,,main_list,,,,,,,,,,,,,,,,,impression
ajs-next-1763267039861-d86a9b48-2036-4c79-a53f-78ce59f80d2d,2025-11-16 04:23:59.861000+00:00,feb7d5bf-1550-4698-afd0-8dbf8ee60ae7,,"Mozilla/5.0 (iPhone; CPU iPhone OS 18_6_2 like Mac OS X) AppleWebKit/605.1.15 (KHTML, like Gecko) Version/18.6 Mobile/15E148 Safari/604.1",/search,https://coloradocatholicbusinessdirectory.com/,?query=&category=,Search | Colorado Catholic Business Directory,https://coloradocatholicbusinessdirectory.com/search?query=&category=,,,,,,,,,,,,,,,,search,,,,,,,,,,,,,,,,,,button_click
ajs-next-1763267055993-f92dd427-2177-4f6c-8e45-69b01f2e8454,2025-11-16 04:24:15.993000+00:00,feb7d5bf-1550-4698-afd0-8dbf8ee60ae7,,"Mozilla/5.0 (iPhone; CPU iPhone OS 18_6_2 like Mac OS X) AppleWebKit/605.1.15 (KHTML, like Gecko) Version/18.6 Mobile/15E148 Safari/604.1",/search,https://coloradocatholicbusinessdirectory.com/,?query=&category=,Search | Colorado Catholic Business Directory,https://coloradocatholicbusinessdirectory.com/search?query=&category=,"1760458225389x690604949380638100, 1749580724532x760028975589297300, 1761919898226x928695665795906700, 1751425811600x127124815802215140, 1762957766158x632118084948257900, 1760118921086x941497076227920600, 1747221865162x703532834449508000, 1744260813114x505427712482621440, 1743549178851x847080663521240200, 1751402056748x637551618886434600, 1746635677548x343522492232585660, 1749057953945x756346430245684600, 1750783674403x491887953737125700, 1743547361284x291138005899707260, 1744907031541x119079844893356540, 1746938798847x931997689495082400, 1748389292320x918627677903932400, 1744748222708x779656090283929300, 1745533127765x291393362647413700, 1745528732739x896561533370513300, 1744282156200x727555159743162000, 1755271286521x378031808974615550, 1747415704843x665338483592092500, 1757355028996x505189727810192200, 1744579851707x640487742075829500, 1744760380914x558772773612561600, 1748581534531x956271769254002200, 1762271200864x775090106640580500, 1759930025997x126109694575208930, 1746765568691x979794717919274100, 1758568877707x715638242996164100, 1744175271939x575064790204550460, 1759153763139x433792388290277000, 1759423986281x805514757919405700, 1752717497153x537286585580736960, 1755533063776x956164571796881400, 1757369121056x350487849823425600, 1754081360962x724252535884739300, 1761044854709x307607562836745150, 1744134674881x127285411168640110, 1761762460002x434978052003146300, 1751744301621x758526182685981300, 1747165674437x491901038958021200, 1763255155587x707008769292458900, 1752182630575x854371423894944000, 1747185390251x665604546429507900, 1746855895334x711816173120128000, 1762889659042x996969350831174300, 1744398484109x785674167096991400, 1746548006831x128230088489826860, 1746631267951x741803061642879500, 1754949567759x639105313824555300, 1747594874125x270237571814453630, 1753374338412x209529915103450200, 1746467711533x453074785848415400, 1754084205128x675147807630683600, 1744740154739x566945822952470660, 1755621956288x571897163769246900, 1749742920378x965836759111504900, 1744643921578x315333816253624100, 1744157592334x292550965261606100, 1761762406893x958878656538368500, 1753982403438x535213824960417500, 1746843461447x686795565273950000, 1754505203290x671062062407191900, 1744737250347x219277345743008400, 1747398900475x598159844147748100, 1744736810207x919925185055488400, 1752687366861x422755081931784260, 1758147388607x898014240790697700, 1750783679107x801419812763124500, 1757438153395x416809556103947500, 1744335958024x226211831616957250, 1748365021326x105262688542451250, 1745597587022x519433479989605000, 1753135741395x558904608479141570, 1744743906400x631087870982087000, 1753985929691x853149258569598100, 1751749348389x952656707958261400, 1744397288473x909294892772270800, 1757720364741x595714121363069200, 1753909381745x872991521395046100, 1751224250248x539537516841198200, 1747864432460x772931238395911000, 1763148950401x545361905340972600, 1750784475796x702583457937545900, 1744391553368x301043576290850300, 1749173974503x736079030141835600, 1750784029587x963255839088365200, 1747216018889x770977089491677400, 1753911193017x504194995643152640, 1745273541628x945470626229355500, 1758120880051x675194275556497400, 1754927931120x470668069008822300, 1753465897836x101289632151690960, 1757437593796x460281345015416640, 1747827548541x313848517899538500, 1747420152884x437771544876149700, 1747163465846x476237095610093000, 1744751205492x235134337285239230, 1762364811793x796217509980630800, 1750785338983x949958887494882000, 1744319857648x144922844539837200, 1761930377989x951815782791809400, 1746827109704x963221719337950200, 1750423781412x480534435350699700, 1751319669665x621437589169731200, 1747184079669x994211808429350800, 1750436264420x989591292213482400, 1747170561218x640297169073643000, 1747183179554x540122160625888100, 1749068120323x412920063824988600, 1747848709032x210920410073364830, 1758312173588x895819358343598700, 1754624056001x759184470890143000, 1754941249648x796792188496967000, 1743547621069x279645472884266780",false,,,,,,,,,,,,,,,,,,,,,,,,,,,,,,,,impression
ajs-next-1763299481819-916b912b-446f-4d5f-89e0-21a151d5549a,2025-11-16 13:24:41.819000+00:00,6b912b44-6f6d-4fc9-a021-a151d5549a6d,,"Mozilla/5.0 (Linux; Android 10; K) AppleWebKit/537.36 (KHTML, like Gecko) Chrome/142.0.0.0 Mobile Safari/537.36",/,,,Colorado Catholic Business Directory,https://coloradocatholicbusinessdirectory.com/,,,index,index,/,,,Colorado Catholic Business Directory,https://coloradocatholicbusinessdirectory.com/,index,index,,,,,,,,,,,,,,,,,,,,"[{'brand': 'Chromium', 'version': '142'}, {'brand': 'Google Chrome', 'version': '142'}, {'brand': 'Not_A Brand', 'version': '99'}]",True,Android,page
ajs-next-1763299481917-2b446f6d-5fc9-4021-a151-d5549a6d56f7,2025-11-16 13:24:41.917000+00:00,6b912b44-6f6d-4fc9-a021-a151d5549a6d,,"Mozilla/5.0 (Linux; Android 10; K) AppleWebKit/537.36 (KHTML, like Gecko) Chrome/142.0.0.0 Mobile Safari/537.36",/,,,Colorado Catholic Business Directory,https://coloradocatholicbusinessdirectory.com/,"1743549178851x847080663521240200, 1752717497153x537286585580736960, 1753982403438x535213824960417500, 1758312173588x895819358343598700, 1744335958024x226211831616957250, 1750436264420x989591292213482400, 1753374338412x209529915103450200, 1744579851707x640487742075829500, 1743547621069x279645472884266780",true,,,,,,,,,,,,,,,,,,,,,,,,,,,,,"[{'brand': 'Chromium', 'version': '142'}, {'brand': 'Google Chrome', 'version': '142'}, {'brand': 'Not_A Brand', 'version': '99'}]",True,Android,impression
ajs-next-1763299482123-6f6d5fc9-e021-4151-9554-9a6d56f7aeb3,2025-11-16 13:24:42.123000+00:00,6b912b44-6f6d-4fc9-a021-a151d5549a6d,,"Mozilla/5.0 (Linux; Android 10; K) AppleWebKit/537.36 (KHTML, like Gecko) Chrome/142.0.0.0 Mobile Safari/537.36",/,,,Colorado Catholic Business Directory,https://coloradocatholicbusinessdirectory.com/,"1743549178851x847080663521240200, 1752717497153x537286585580736960, 1753982403438x535213824960417500, 1758312173588x895819358343598700, 1744335958024x226211831616957250, 1750436264420x989591292213482400, 1753374338412x209529915103450200, 1744579851707x640487742075829500, 1743547621069x279645472884266780",true,,,,,,,,,,,,,,,,,,,,,,,,,,,,,"[{'brand': 'Chromium', 'version': '142'}, {'brand': 'Google Chrome', 'version': '142'}, {'brand': 'Not_A Brand', 'version': '99'}]",True,Android,impression
ajs-next-1763300992908-06a41e47-ea6e-498a-a558-299e976fdf36,2025-11-16 13:49:52.908000+00:00,6b912b44-6f6d-4fc9-a021-a151d5549a6d,,"Mozilla/5.0 (Linux; Android 10; K) AppleWebKit/537.36 (KHTML, like Gecko) Chrome/142.0.0.0 Mobile Safari/537.36",/,,,Colorado Catholic Business Directory,https://coloradocatholicbusinessdirectory.com/,"1752717497153x537286585580736960, 1758312173588x895819358343598700, 1744335958024x226211831616957250, 1753374338412x209529915103450200, 1744579851707x640487742075829500, 1743547621069x279645472884266780, 1743549178851x847080663521240200, 1750436264420x989591292213482400, 1753982403438x535213824960417500",true,,,,,,,,,,,,,,,,,,,,,,,,,,,,,"[{'brand': 'Chromium', 'version': '142'}, {'brand': 'Google Chrome', 'version': '142'}, {'brand': 'Not_A Brand', 'version': '99'}]",True,Android,impression
ajs-next-1763300992432-1d1206a4-1e47-4a6e-998a-e558299e976f,2025-11-16 13:49:52.432000+00:00,6b912b44-6f6d-4fc9-a021-a151d5549a6d,,"Mozilla/5.0 (Linux; Android 10; K) AppleWebKit/537.36 (KHTML, like Gecko) Chrome/142.0.0.0 Mobile Safari/537.36",/,,,Colorado Catholic Business Directory,https://coloradocatholicbusinessdirectory.com/,,,index,index,/,,,Colorado Catholic Business Directory,https://coloradocatholicbusinessdirectory.com/,index,index,,,,,,,,,,,,,,,,,,,,"[{'brand': 'Chromium', 'version': '142'}, {'brand': 'Google Chrome', 'version': '142'}, {'brand': 'Not_A Brand', 'version': '99'}]",True,Android,page
ajs-next-1763305573392-f3c5b9d8-3cdd-4ec7-8643-93bd049a24c6,2025-11-16 15:06:13.392000+00:00,9bcb80b6-b48e-47ea-be81-2f3388c7aae6,,"Mozilla/5.0 (iPhone; CPU iPhone OS 18_6_2 like Mac OS X) AppleWebKit/605.1.15 (KHTML, like Gecko) Version/18.6 Mobile/15E148 Safari/604.1",/start,https://coloradocatholicbusinessdirectory.com/,,Login,https://coloradocatholicbusinessdirectory.com/start,,,start,start,/start,https://coloradocatholicbusinessdirectory.com/,,Login,https://coloradocatholicbusinessdirectory.com/start,start,start,,,,,,,,,,,,,,,,,,,,,,,page
ajs-next-1763305960446-50557a98-d5c7-4bf8-b76b-b74ecdcf731d,2025-11-16 15:12:40.446000+00:00,9bcb80b6-b48e-47ea-be81-2f3388c7aae6,1763305551668x997299018011994600,"Mozilla/5.0 (iPhone; CPU iPhone OS 18_6_2 like Mac OS X) AppleWebKit/605.1.15 (KHTML, like Gecko) Version/18.6 Mobile/15E148 Safari/604.1",/business_profile/elizabeth-animal-hospital,https://coloradocatholicbusinessdirectory.com/,,Elizabeth Animal Hospital | Colorado Catholic Business Directory,https://coloradocatholicbusinessdirectory.com/business_profile/elizabeth-animal-hospital,,,,,,,,,,,,,,,,logout,navbar,,,,,,,,,,,,,,,,,button_click
ajs-next-1763305702695-7dce5332-93a8-4fbd-8476-cf940df09237,2025-11-16 15:08:22.695000+00:00,9bcb80b6-b48e-47ea-be81-2f3388c7aae6,1763305551668x997299018011994600,"Mozilla/5.0 (iPhone; CPU iPhone OS 18_6_2 like Mac OS X) AppleWebKit/605.1.15 (KHTML, like Gecko) Version/18.6 Mobile/15E148 Safari/604.1",/dashboard,https://coloradocatholicbusinessdirectory.com/,?view=list,Colorado Catholic Business Directory,https://coloradocatholicbusinessdirectory.com/dashboard?view=list,1763305551668x997299018011994600,,,,,,,,,,,,5,phone,3036462891,,,,,,,,,,,,,,,,,,,input_changed
ajs-next-1763305961940-872ffc1f-c28e-4450-a453-4ff6493e4eeb,2025-11-16 15:12:41.940000+00:00,9bcb80b6-b48e-47ea-be81-2f3388c7aae6,1763305551668x997299018011994600,"Mozilla/5.0 (iPhone; CPU iPhone OS 18_6_2 like Mac OS X) AppleWebKit/605.1.15 (KHTML, like Gecko) Version/18.6 Mobile/15E148 Safari/604.1",/,https://coloradocatholicbusinessdirectory.com/,,Colorado Catholic Business Directory,https://coloradocatholicbusinessdirectory.com/,"1752717497153x537286585580736960, 1744335958024x226211831616957250, 1744579851707x640487742075829500, 1753374338412x209529915103450200, 1750436264420x989591292213482400, 1753982403438x535213824960417500, 1743547621069x279645472884266780, 1743549178851x847080663521240200, 1758312173588x895819358343598700",true,,,,,,,,,,,,,,,,,,,,,,,,,,,,,,,,impression
ajs-next-1763305553619-b48e97ea-7e81-4f33-88c7-aae6248fa661,2025-11-16 15:05:53.619000+00:00,9bcb80b6-b48e-47ea-be81-2f3388c7aae6,,"Mozilla/5.0 (iPhone; CPU iPhone OS 18_6_2 like Mac OS X) AppleWebKit/605.1.15 (KHTML, like Gecko) Version/18.6 Mobile/15E148 Safari/604.1",/,,,Colorado Catholic Business Directory,https://coloradocatholicbusinessdirectory.com/,"1753982403438x535213824960417500, 1750436264420x989591292213482400, 1743547621069x279645472884266780, 1752717497153x537286585580736960, 1743549178851x847080663521240200, 1758312173588x895819358343598700, 1744579851707x640487742075829500, 1744335958024x226211831616957250, 1753374338412x209529915103450200",true,,,,,,,,,,,,,,,,,,,,,,,,,,,,,,,,impression
ajs-next-1763305736803-533293a8-4fbd-4476-8f94-0df092373db5,2025-11-16 15:08:56.803000+00:00,9bcb80b6-b48e-47ea-be81-2f3388c7aae6,1763305551668x997299018011994600,"Mozilla/5.0 (iPhone; CPU iPhone OS 18_6_2 like Mac OS X) AppleWebKit/605.1.15 (KHTML, like Gecko) Version/18.6 Mobile/15E148 Safari/604.1",/dashboard,https://coloradocatholicbusinessdirectory.com/,?view=list,Colorado Catholic Business Directory,https://coloradocatholicbusinessdirectory.com/dashboard?view=list,1763305551668x997299018011994600,,,,,,,,,,,,6,website,elizabethanimalhospital@yahoo.com,,,,,,,,,,,,,,,,,,,input_changed
ajs-next-1763305625100-3cdd0ec7-c643-43bd-849a-24c6a11e952b,2025-11-16 15:07:05.100000+00:00,9bcb80b6-b48e-47ea-be81-2f3388c7aae6,1763305551668x997299018011994600,"Mozilla/5.0 (iPhone; CPU iPhone OS 18_6_2 like Mac OS X) AppleWebKit/605.1.15 (KHTML, like Gecko) Version/18.6 Mobile/15E148 Safari/604.1",/start,https://coloradocatholicbusinessdirectory.com/,,Login,https://coloradocatholicbusinessdirectory.com/start,,,,,,,,,,,,"{'business_id': '1763305551668x997299018011994600', 'email': 'elizabethanimalhospital@yahoo.com'}",,,,,,,,,,,,,,,,,,,,,,identify
ajs-next-1763305553313-df9bcb80-b6b4-4e97-aa7e-812f3388c7aa,2025-11-16 15:05:53.313000+00:00,9bcb80b6-b48e-47ea-be81-2f3388c7aae6,,"Mozilla/5.0 (iPhone; CPU iPhone OS 18_6_2 like Mac OS X) AppleWebKit/605.1.15 (KHTML, like Gecko) Version/18.6 Mobile/15E148 Safari/604.1",/,,,Colorado Catholic Business Directory,https://coloradocatholicbusinessdirectory.com/,,,index,index,/,,,Colorado Catholic Business Directory,https://coloradocatholicbusinessdirectory.com/,index,index,,,,,,,,,,,,,,,,,,,,,,,page
ajs-next-1763305553350-80b6b48e-97ea-4e81-af33-88c7aae6248f,2025-11-16 15:05:53.350000+00:00,9bcb80b6-b48e-47ea-be81-2f3388c7aae6,,"Mozilla/5.0 (iPhone; CPU iPhone OS 18_6_2 like Mac OS X) AppleWebKit/605.1.15 (KHTML, like Gecko) Version/18.6 Mobile/15E148 Safari/604.1",/,,,Colorado Catholic Business Directory,https://coloradocatholicbusinessdirectory.com/,"1753982403438x535213824960417500, 1750436264420x989591292213482400, 1743547621069x279645472884266780, 1752717497153x537286585580736960, 1743549178851x847080663521240200, 1758312173588x895819358343598700, 1744579851707x640487742075829500, 1744335958024x226211831616957250, 1753374338412x209529915103450200",true,,,,,,,,,,,,,,,,,,,,,,,,,,,,,,,,impression
ajs-next-1763305947320-c3ff5055-7a98-45c7-8bf8-776bb74ecdcf,2025-11-16 15:12:27.320000+00:00,9bcb80b6-b48e-47ea-be81-2f3388c7aae6,1763305551668x997299018011994600,"Mozilla/5.0 (iPhone; CPU iPhone OS 18_6_2 like Mac OS X) AppleWebKit/605.1.15 (KHTML, like Gecko) Version/18.6 Mobile/15E148 Safari/604.1",/business_profile/elizabeth-animal-hospital,https://coloradocatholicbusinessdirectory.com/,,Elizabeth Animal Hospital | Colorado Catholic Business Directory,https://coloradocatholicbusinessdirectory.com/business_profile/elizabeth-animal-hospital,1763305551668x997299018011994600,,profile,business_profile,/business_profile/elizabeth-animal-hospital,https://coloradocatholicbusinessdirectory.com/,,Elizabeth Animal Hospital | Colorado Catholic Business Directory,https://coloradocatholicbusinessdirectory.com/business_profile/elizabeth-animal-hospital,profile,business_profile,,,,,,,,,,,,,,,,,,,,,,,page
ajs-next-1763305687988-b2977dce-5332-43a8-8fbd-4476cf940df0,2025-11-16 15:08:07.988000+00:00,9bcb80b6-b48e-47ea-be81-2f3388c7aae6,1763305551668x997299018011994600,"Mozilla/5.0 (iPhone; CPU iPhone OS 18_6_2 like Mac OS X) AppleWebKit/605.1.15 (KHTML, like Gecko) Version/18.6 Mobile/15E148 Safari/604.1",/dashboard,https://coloradocatholicbusinessdirectory.com/,?view=list,Colorado Catholic Business Directory,https://coloradocatholicbusinessdirectory.com/dashboard?view=list,1763305551668x997299018011994600,,,,,,,,,,,,3,address,"330 W Kiowa Ave #86, Elizabeth, CO 80107, USA",,,,,,,,,,,,,,,,,,,input_changed
ajs-next-1763305922073-0df09237-3db5-4811-8607-912c349192d1,2025-11-16 15:12:02.073000+00:00,9bcb80b6-b48e-47ea-be81-2f3388c7aae6,1763305551668x997299018011994600,"Mozilla/5.0 (iPhone; CPU iPhone OS 18_6_2 like Mac OS X) AppleWebKit/605.1.15 (KHTML, like Gecko) Version/18.6 Mobile/15E148 Safari/604.1",/dashboard,https://coloradocatholicbusinessdirectory.com/,?view=list,Colorado Catholic Business Directory,https://coloradocatholicbusinessdirectory.com/dashboard?view=list,1763305551668x997299018011994600,,,,,,,,,,,,,,,save,,,,,,,,,,,,,,,,,,button_click
ajs-next-1763305572502-97ea7e81-2f33-48c7-aae6-248fa6618526,2025-11-16 15:06:12.502000+00:00,9bcb80b6-b48e-47ea-be81-2f3388c7aae6,,"Mozilla/5.0 (iPhone; CPU iPhone OS 18_6_2 like Mac OS X) AppleWebKit/605.1.15 (KHTML, like Gecko) Version/18.6 Mobile/15E148 Safari/604.1",/,,,Colorado Catholic Business Directory,https://coloradocatholicbusinessdirectory.com/,,,,,,,,,,,,,,,,list_your_business,main_page,,,,,,,,,,,,,,,,,button_click
ajs-next-1763305625942-34aa985e-b297-4dce-9332-93a84fbd4476,2025-11-16 15:07:05.942000+00:00,9bcb80b6-b48e-47ea-be81-2f3388c7aae6,1763305551668x997299018011994600,"Mozilla/5.0 (iPhone; CPU iPhone OS 18_6_2 like Mac OS X) AppleWebKit/605.1.15 (KHTML, like Gecko) Version/18.6 Mobile/15E148 Safari/604.1",/dashboard,https://coloradocatholicbusinessdirectory.com/,?view=list,Colorado Catholic Business Directory,https://coloradocatholicbusinessdirectory.com/dashboard?view=list,,,,,,,,,,,,"{'business_id': '1763305551668x997299018011994600', 'email': 'elizabethanimalhospital@yahoo.com', 'is_logged_in': True}",,,,,,,,,,,,,,,,,,,,,,identify
ajs-next-1763305922070-cf940df0-9237-4db5-8811-8607912c3491,2025-11-16 15:12:02.070000+00:00,9bcb80b6-b48e-47ea-be81-2f3388c7aae6,1763305551668x997299018011994600,"Mozilla/5.0 (iPhone; CPU iPhone OS 18_6_2 like Mac OS X) AppleWebKit/605.1.15 (KHTML, like Gecko) Version/18.6 Mobile/15E148 Safari/604.1",/dashboard,https://coloradocatholicbusinessdirectory.com/,?view=list,Colorado Catholic Business Directory,https://coloradocatholicbusinessdirectory.com/dashboard?view=list,1763305551668x997299018011994600,,,,,,,,,,,,11,description,"Small animal surgical, medical, and general practice. ",,,,,,,,,,,,,,,,,,,input_changed
ajs-next-1763305624231-b9d83cdd-0ec7-4643-93bd-049a24c6a11e,2025-11-16 15:07:04.231000+00:00,9bcb80b6-b48e-47ea-be81-2f3388c7aae6,,"Mozilla/5.0 (iPhone; CPU iPhone OS 18_6_2 like Mac OS X) AppleWebKit/605.1.15 (KHTML, like Gecko) Version/18.6 Mobile/15E148 Safari/604.1",/start,https://coloradocatholicbusinessdirectory.com/,,Login,https://coloradocatholicbusinessdirectory.com/start,,,,,,,,,,,,,,,,sign_up,,,,,,,,,,,,,elizabethanimalhospital@yahoo.com,,,,,button_click
ajs-next-1763305945425-92373db5-8811-4607-912c-349192d143a2,2025-11-16 15:12:25.425000+00:00,9bcb80b6-b48e-47ea-be81-2f3388c7aae6,1763305551668x997299018011994600,"Mozilla/5.0 (iPhone; CPU iPhone OS 18_6_2 like Mac OS X) AppleWebKit/605.1.15 (KHTML, like Gecko) Version/18.6 Mobile/15E148 Safari/604.1",/dashboard,https://coloradocatholicbusinessdirectory.com/,?view=list,Colorado Catholic Business Directory,https://coloradocatholicbusinessdirectory.com/dashboard?view=list,1763305551668x997299018011994600,,,,,,,,,,,,,,,faith,,,,,,,,,,,,,,,,,,button_click
ajs-next-1763305805060-93a84fbd-4476-4f94-8df0-92373db58811,2025-11-16 15:10:05.060000+00:00,9bcb80b6-b48e-47ea-be81-2f3388c7aae6,1763305551668x997299018011994600,"Mozilla/5.0 (iPhone; CPU iPhone OS 18_6_2 like Mac OS X) AppleWebKit/605.1.15 (KHTML, like Gecko) Version/18.6 Mobile/15E148 Safari/604.1",/dashboard,https://coloradocatholicbusinessdirectory.com/,?view=list,Colorado Catholic Business Directory,https://coloradocatholicbusinessdirectory.com/dashboard?view=list,1763305551668x997299018011994600,,,,,,,,,,,,7,parish,Our Lady of the Visitation,,,,,,,,,,,,,,,,,,,input_changed
ajs-next-1763305859752-4476cf94-0df0-4237-bdb5-88118607912c,2025-11-16 15:10:59.752000+00:00,9bcb80b6-b48e-47ea-be81-2f3388c7aae6,1763305551668x997299018011994600,"Mozilla/5.0 (iPhone; CPU iPhone OS 18_6_2 like Mac OS X) AppleWebKit/605.1.15 (KHTML, like Gecko) Version/18.6 Mobile/15E148 Safari/604.1",/dashboard,https://coloradocatholicbusinessdirectory.com/,?view=list,Colorado Catholic Business Directory,https://coloradocatholicbusinessdirectory.com/dashboard?view=list,1763305551668x997299018011994600,,,,,,,,,,,,9,sub_category,Small Animal,,,,,,,,,,,,,,,,,,,input_changed
ajs-next-1763305625943-985eb297-7dce-4332-93a8-4fbd4476cf94,2025-11-16 15:07:05.943000+00:00,9bcb80b6-b48e-47ea-be81-2f3388c7aae6,1763305551668x997299018011994600,"Mozilla/5.0 (iPhone; CPU iPhone OS 18_6_2 like Mac OS X) AppleWebKit/605.1.15 (KHTML, like Gecko) Version/18.6 Mobile/15E148 Safari/604.1",/dashboard,https://coloradocatholicbusinessdirectory.com/,?view=list,Colorado Catholic Business Directory,https://coloradocatholicbusinessdirectory.com/dashboard?view=list,1763305551668x997299018011994600,,dashboard,dashboard,/dashboard,https://coloradocatholicbusinessdirectory.com/,?view=list,Colorado Catholic Business Directory,https://coloradocatholicbusinessdirectory.com/dashboard?view=list,dashboard,dashboard,,,,,,,,,,,,,,,,,,,,,,,page
ajs-next-1763305818792-4fbd4476-cf94-4df0-9237-3db588118607,2025-11-16 15:10:18.792000+00:00,9bcb80b6-b48e-47ea-be81-2f3388c7aae6,1763305551668x997299018011994600,"Mozilla/5.0 (iPhone; CPU iPhone OS 18_6_2 like Mac OS X) AppleWebKit/605.1.15 (KHTML, like Gecko) Version/18.6 Mobile/15E148 Safari/604.1",/dashboard,https://coloradocatholicbusinessdirectory.com/,?view=list,Colorado Catholic Business Directory,https://coloradocatholicbusinessdirectory.com/dashboard?view=list,1763305551668x997299018011994600,,,,,,,,,,,,8,main_category,Other,,,,,,,,,,,,,,,,,,,input_changed
ajs-next-1763305961341-8e9f872f-fc1f-428e-8450-24534ff6493e,2025-11-16 15:12:41.341000+00:00,9bcb80b6-b48e-47ea-be81-2f3388c7aae6,1763305551668x997299018011994600,"Mozilla/5.0 (iPhone; CPU iPhone OS 18_6_2 like Mac OS X) AppleWebKit/605.1.15 (KHTML, like Gecko) Version/18.6 Mobile/15E148 Safari/604.1",/,https://coloradocatholicbusinessdirectory.com/,,Colorado Catholic Business Directory,https://coloradocatholicbusinessdirectory.com/,,,index,index,/,https://coloradocatholicbusinessdirectory.com/,,Colorado Catholic Business Directory,https://coloradocatholicbusinessdirectory.com/,index,index,,,,,,,,,,,,,,,,,,,,,,,page
ajs-next-1763305947319-9960c3ff-5055-4a98-95c7-8bf8776bb74e,2025-11-16 15:12:27.319000+00:00,9bcb80b6-b48e-47ea-be81-2f3388c7aae6,1763305551668x997299018011994600,"Mozilla/5.0 (iPhone; CPU iPhone OS 18_6_2 like Mac OS X) AppleWebKit/605.1.15 (KHTML, like Gecko) Version/18.6 Mobile/15E148 Safari/604.1",/business_profile/elizabeth-animal-hospital,https://coloradocatholicbusinessdirectory.com/,,Elizabeth Animal Hospital | Colorado Catholic Business Directory,https://coloradocatholicbusinessdirectory.com/business_profile/elizabeth-animal-hospital,,,,,,,,,,,,"{'business_id': '1763305551668x997299018011994600', 'email': 'elizabethanimalhospital@yahoo.com', 'is_logged_in': True}",,,,,,,,,,,,,,,,,,,,,,identify
ajs-next-1763308780945-002d5630-33b7-4c63-b6c6-f8e87db7849d,2025-11-16 15:59:40.945000+00:00,4a0c45a1-002d-4630-b3b7-0c6336c6f8e8,,"Mozilla/5.0 (iPhone; CPU iPhone OS 18_7_1 like Mac OS X) AppleWebKit/605.1.15 (KHTML, like Gecko) Version/18.7 Mobile/15E148 Safari/604.1",/,,,Colorado Catholic Business Directory,https://coloradocatholicbusinessdirectory.com/,"1744579851707x640487742075829500, 1753982403438x535213824960417500, 1743549178851x847080663521240200, 1752717497153x537286585580736960, 1743547621069x279645472884266780, 1758312173588x895819358343598700, 1744335958024x226211831616957250, 1753374338412x209529915103450200, 1750436264420x989591292213482400",true,,,,,,,,,,,,,,,,,,,,,,,,,,,,,,,,impression
ajs-next-1763305946116-3db58811-8607-412c-b491-92d143a22e3b,2025-11-16 15:12:26.116000+00:00,9bcb80b6-b48e-47ea-be81-2f3388c7aae6,1763305551668x997299018011994600,"Mozilla/5.0 (iPhone; CPU iPhone OS 18_6_2 like Mac OS X) AppleWebKit/605.1.15 (KHTML, like Gecko) Version/18.6 Mobile/15E148 Safari/604.1",/dashboard,https://coloradocatholicbusinessdirectory.com/,?view=list,Colorado Catholic Business Directory,https://coloradocatholicbusinessdirectory.com/dashboard?view=list,1763305551668x997299018011994600,,,,,,,,,,,,,,,,,,Veterinary,,"Small animal surgical, medical, and general practice. ",elizabethanimalhospital@yahoo.com,Elizabeth Animal Hospital,Other,Our Lady of the Visitation,3036462891,Small Animal,elizabethanimalhospital@yahoo.com,elizabethanimalhospital@yahoo.com,,,,,db_update
ajs-next-1763308780532-ad4a0c45-a100-4d56-b033-b70c6336c6f8,2025-11-16 15:59:40.532000+00:00,4a0c45a1-002d-4630-b3b7-0c6336c6f8e8,,"Mozilla/5.0 (iPhone; CPU iPhone OS 18_7_1 like Mac OS X) AppleWebKit/605.1.15 (KHTML, like Gecko) Version/18.7 Mobile/15E148 Safari/604.1",/,,,Colorado Catholic Business Directory,https://coloradocatholicbusinessdirectory.com/,,,index,index,/,,,Colorado Catholic Business Directory,https://coloradocatholicbusinessdirectory.com/,index,index,,,,,,,,,,,,,,,,,,,,,,,page
ajs-next-1763308780942-45a1002d-5630-43b7-8c63-36c6f8e87db7,2025-11-16 15:59:40.942000+00:00,4a0c45a1-002d-4630-b3b7-0c6336c6f8e8,,"Mozilla/5.0 (iPhone; CPU iPhone OS 18_7_1 like Mac OS X) AppleWebKit/605.1.15 (KHTML, like Gecko) Version/18.7 Mobile/15E148 Safari/604.1",/,,,Colorado Catholic Business Directory,https://coloradocatholicbusinessdirectory.com/,"1744579851707x640487742075829500, 1753982403438x535213824960417500, 1743549178851x847080663521240200, 1752717497153x537286585580736960, 1743547621069x279645472884266780, 1758312173588x895819358343598700, 1744335958024x226211831616957250, 1753374338412x209529915103450200, 1750436264420x989591292213482400",true,,,,,,,,,,,,,,,,,,,,,,,,,,,,,,,,impression
ajs-next-1763313075090-416778ea-2ddd-4126-8748-c27db94c3f4a,2025-11-16 17:11:15.090000+00:00,6778ea2d-dde1-4687-88c2-7db94c3f4a7a,,meta-externalagent/1.1 (+https://developers.facebook.com/docs/sharing/webmasters/crawler),/terms_of_service/restore-for-the-ages-1745533127765x291393362647413700,,,| Colorado Catholic Business Directory,https://coloradocatholicbusinessdirectory.com/terms_of_service/restore-for-the-ages-1745533127765x291393362647413700,,,terms,terms_of_service,/terms_of_service/restore-for-the-ages-1745533127765x291393362647413700,,,| Colorado Catholic Business Directory,https://coloradocatholicbusinessdirectory.com/terms_of_service/restore-for-the-ages-1745533127765x291393362647413700,terms,terms_of_service,,,,,,,,,,,,,,,,,,,,"[{'brand': 'Chromium', 'version': '142'}, {'brand': 'HeadlessChrome', 'version': '142'}, {'brand': 'Not_A Brand', 'version': '99'}]",False,Windows,page
ajs-next-1763320990389-40cda031-0b8c-4c99-81f4-65e04cdfee78,2025-11-16 19:23:10.389000+00:00,cda0310b-8c5c-49c1-b465-e04cdfee787e,,"Mozilla/5.0 (X11; Linux x86_64) AppleWebKit/537.36 (KHTML, like Gecko) Chrome/140.0.0.0 Safari/537.36",/start,,?login=no,Login,https://coloradocatholicbusinessdirectory.com/start?login=no,,,start,start,/start,,?login=no,Login,https://coloradocatholicbusinessdirectory.com/start?login=no,start,start,,,,,,,,,,,,,,,,,,,,"[{'brand': 'Chromium', 'version': '140'}, {'brand': 'Not=A?Brand', 'version': '24'}, {'brand': 'Google Chrome', 'version': '140'}]",False,Linux,page
ajs-next-1763321027820-daefc1a1-6194-4a4c-84fa-5761410624ee,2025-11-16 19:23:47.820000+00:00,efc1a161-943a-4c84-ba57-61410624ee88,,"Mozilla/5.0 (X11; Linux x86_64) AppleWebKit/537.36 (KHTML, like Gecko) Chrome/140.0.0.0 Safari/537.36",/start,,?login=no,Login,https://coloradocatholicbusinessdirectory.com/start?login=no,,,start,start,/start,,?login=no,Login,https://coloradocatholicbusinessdirectory.com/start?login=no,start,start,,,,,,,,,,,,,,,,,,,,"[{'brand': 'Chromium', 'version': '140'}, {'brand': 'Not=A?Brand', 'version': '24'}, {'brand': 'Google Chrome', 'version': '140'}]",False,Linux,page
ajs-next-1763329090962-709eb35f-4148-423c-98d3-49ec1d2e7b31,2025-11-16 21:38:10.962000+00:00,4f1237a0-ecf0-4c0c-a759-5295cd8da9c6,1762889659042x996969350831174300,"Mozilla/5.0 (iPhone; CPU iPhone OS 16_2 like Mac OS X) AppleWebKit/605.1.15 (KHTML, like Gecko) Version/12.0 Mobile/20C65 Safari/604.1",/business_profile/alstone-exceptional-masonry-1762889659042x996969350831174300,,,| Colorado Catholic Business Directory,https://coloradocatholicbusinessdirectory.com/business_profile/alstone-exceptional-masonry-1762889659042x996969350831174300,1762889659042x996969350831174300,,profile,business_profile,/business_profile/alstone-exceptional-masonry-1762889659042x996969350831174300,,,| Colorado Catholic Business Directory,https://coloradocatholicbusinessdirectory.com/business_profile/alstone-exceptional-masonry-1762889659042x996969350831174300,profile,business_profile,,,,,,,,,,,,,,,,,,,,,,,page
ajs-next-1763331297212-f0dcff59-b37e-469d-b0fd-0a9982cad9a1,2025-11-16 22:14:57.212000+00:00,704a8c5e-0dbc-449b-bcd1-0726919d9468,,"Mozilla/5.0 (Windows NT 10.0; Win64; x64) AppleWebKit/537.36 (KHTML, like Gecko) Chrome/142.0.0.0 Safari/537.36",/,https://www.google.com/,,Colorado Catholic Business Directory,https://coloradocatholicbusinessdirectory.com/,"1744335958024x226211831616957250, 1750436264420x989591292213482400, 1743547621069x279645472884266780, 1744579851707x640487742075829500, 1743549178851x847080663521240200, 1752717497153x537286585580736960, 1753374338412x209529915103450200, 1753982403438x535213824960417500, 1758312173588x895819358343598700",true,,,,,,,,,,,,,,,,,,,,,,,,,,,,,"[{'brand': 'Chromium', 'version': '142'}, {'brand': 'Google Chrome', 'version': '142'}, {'brand': 'Not_A Brand', 'version': '99'}]",False,Windows,impression
ajs-next-1763331381120-a7eed421-2296-4ece-b361-b83ab35cc0a1,2025-11-16 22:16:21.120000+00:00,704a8c5e-0dbc-449b-bcd1-0726919d9468,,"Mozilla/5.0 (Windows NT 10.0; Win64; x64) AppleWebKit/537.36 (KHTML, like Gecko) Chrome/142.0.0.0 Safari/537.36",/search,https://coloradocatholicbusinessdirectory.com/,,Search | Colorado Catholic Business Directory,https://coloradocatholicbusinessdirectory.com/search,"1757720364741x595714121363069200, 1759930025997x126109694575208930, 1752182630575x854371423894944000, 1746548006831x128230088489826860, 1754505203290x671062062407191900, 1744737250347x219277345743008400, 1747221865162x703532834449508000, 1753465897836x101289632151690960, 1744134674881x127285411168640110, 1746631267951x741803061642879500, 1747185390251x665604546429507900, 1761044854709x307607562836745150, 1744398484109x785674167096991400, 1747216018889x770977089491677400, 1752687366861x422755081931784260, 1753909381745x872991521395046100, 1750784475796x702583457937545900, 1745528732739x896561533370513300, 1746635677548x343522492232585660, 1744760380914x558772773612561600, 1747170561218x640297169073643000, 1751749348389x952656707958261400, 1751744301621x758526182685981300, 1744748222708x779656090283929300, 1761919898226x928695665795906700, 1750785338983x949958887494882000, 1753374338412x209529915103450200, 1747827548541x313848517899538500, 1744282156200x727555159743162000, 1744157592334x292550965261606100, 1744319857648x144922844539837200, 1747163465846x476237095610093000, 1751319669665x621437589169731200, 1745597587022x519433479989605000, 1760458225389x690604949380638100, 1750784029587x963255839088365200, 1762271200864x775090106640580500, 1747165674437x491901038958021200, 1754081360962x724252535884739300, 1761762406893x958878656538368500, 1751425811600x127124815802215140, 1743547621069x279645472884266780, 1750436264420x989591292213482400, 1749068120323x412920063824988600, 1747864432460x772931238395911000, 1744736810207x919925185055488400, 1744751205492x235134337285239230, 1747183179554x540122160625888100, 1744579851707x640487742075829500, 1758568877707x715638242996164100, 1749580724532x760028975589297300, 1746938798847x931997689495082400, 1753135741395x558904608479141570, 1744335958024x226211831616957250, 1761930377989x951815782791809400, 1743549178851x847080663521240200, 1757438153395x416809556103947500, 1747184079669x994211808429350800, 1746843461447x686795565273950000, 1762957766158x632118084948257900, 1746765568691x979794717919274100, 1763305551668x997299018011994600, 1747398900475x598159844147748100, 1754927931120x470668069008822300, 1763148950401x545361905340972600, 1758120880051x675194275556497400, 1746467711533x453074785848415400, 1757369121056x350487849823425600, 1749173974503x736079030141835600, 1745533127765x291393362647413700, 1749057953945x756346430245684600, 1747594874125x270237571814453630, 1752717497153x537286585580736960, 1745273541628x945470626229355500, 1744175271939x575064790204550460, 1762364811793x796217509980630800, 1743547361284x291138005899707260, 1748389292320x918627677903932400, 1755271286521x378031808974615550, 1748365021326x105262688542451250, 1758147388607x898014240790697700, 1761762460002x434978052003146300, 1753911193017x504194995643152640, 1760118921086x941497076227920600, 1757355028996x505189727810192200, 1755533063776x956164571796881400, 1763255155587x707008769292458900, 1748581534531x956271769254002200, 1754624056001x759184470890143000, 1744391553368x301043576290850300, 1753982403438x535213824960417500, 1744740154739x566945822952470660, 1751402056748x637551618886434600, 1744260813114x505427712482621440, 1744743906400x631087870982087000, 1747848709032x210920410073364830, 1747420152884x437771544876149700, 1762889659042x996969350831174300, 1744397288473x909294892772270800, 1747415704843x665338483592092500, 1754941249648x796792188496967000, 1754949567759x639105313824555300, 1746827109704x963221719337950200, 1757437593796x460281345015416640, 1753985929691x853149258569598100, 1754084205128x675147807630683600, 1755621956288x571897163769246900, 1759423986281x805514757919405700, 1759153763139x433792388290277000, 1750783674403x491887953737125700, 1744907031541x119079844893356540, 1750783679107x801419812763124500, 1751224250248x539537516841198200, 1744643921578x315333816253624100, 1746855895334x711816173120128000, 1758312173588x895819358343598700, 1749742920378x965836759111504900, 1750423781412x480534435350699700",false,,,,,,,,,,,,,,,,,,,,,,,,,,,,,"[{'brand': 'Chromium', 'version': '142'}, {'brand': 'Google Chrome', 'version': '142'}, {'brand': 'Not_A Brand', 'version': '99'}]",False,Windows,impression
ajs-next-1763331396798-d0a754d8-91ff-46d4-b610-e448228734a8,2025-11-16 22:16:36.798000+00:00,704a8c5e-0dbc-449b-bcd1-0726919d9468,,"Mozilla/5.0 (Windows NT 10.0; Win64; x64) AppleWebKit/537.36 (KHTML, like Gecko) Chrome/142.0.0.0 Safari/537.36",/business_profile/pelican-tea-bookbinding-and-art-1744319857648x144922844539837200,https://coloradocatholicbusinessdirectory.com/,,| Colorado Catholic Business Directory,https://coloradocatholicbusinessdirectory.com/business_profile/pelican-tea-bookbinding-and-art-1744319857648x144922844539837200,1744319857648x144922844539837200,,profile,business_profile,/business_profile/pelican-tea-bookbinding-and-art-1744319857648x144922844539837200,https://coloradocatholicbusinessdirectory.com/,,| Colorado Catholic Business Directory,https://coloradocatholicbusinessdirectory.com/business_profile/pelican-tea-bookbinding-and-art-1744319857648x144922844539837200,profile,business_profile,,,,,,,,,,,,,,,,,,,,"[{'brand': 'Chromium', 'version': '142'}, {'brand': 'Google Chrome', 'version': '142'}, {'brand': 'Not_A Brand', 'version': '99'}]",False,Windows,page
ajs-next-1763331380498-00604c4e-a7ee-4421-a296-dece7361b83a,2025-11-16 22:16:20.498000+00:00,704a8c5e-0dbc-449b-bcd1-0726919d9468,,"Mozilla/5.0 (Windows NT 10.0; Win64; x64) AppleWebKit/537.36 (KHTML, like Gecko) Chrome/142.0.0.0 Safari/537.36",/search,https://coloradocatholicbusinessdirectory.com/,,Search | Colorado Catholic Business Directory,https://coloradocatholicbusinessdirectory.com/search,,true,,,,,,,,,,,,,,,sidebar,,,,,,,,,,,,,,"[{'brand': 'Chromium', 'version': '142'}, {'brand': 'Google Chrome', 'version': '142'}, {'brand': 'Not_A Brand', 'version': '99'}]",False,Windows,impression
ajs-next-1763331466005-db3fb6c4-ad51-4ba7-8995-aaee395c0585,2025-11-16 22:17:46.005000+00:00,704a8c5e-0dbc-449b-bcd1-0726919d9468,,"Mozilla/5.0 (Windows NT 10.0; Win64; x64) AppleWebKit/537.36 (KHTML, like Gecko) Chrome/142.0.0.0 Safari/537.36",/business_profile/call-of-the-wild-1758120880051x675194275556497400,https://coloradocatholicbusinessdirectory.com/,,| Colorado Catholic Business Directory,https://coloradocatholicbusinessdirectory.com/business_profile/call-of-the-wild-1758120880051x675194275556497400,1758120880051x675194275556497400,,profile,business_profile,/business_profile/call-of-the-wild-1758120880051x675194275556497400,https://coloradocatholicbusinessdirectory.com/,,| Colorado Catholic Business Directory,https://coloradocatholicbusinessdirectory.com/business_profile/call-of-the-wild-1758120880051x675194275556497400,profile,business_profile,,,,,,,,,,,,,,,,,,,,"[{'brand': 'Chromium', 'version': '142'}, {'brand': 'Google Chrome', 'version': '142'}, {'brand': 'Not_A Brand', 'version': '99'}]",False,Windows,page
ajs-next-1763331301286-b37ea69d-f0fd-4a99-82ca-d9a17ecf90b8,2025-11-16 22:15:01.286000+00:00,704a8c5e-0dbc-449b-bcd1-0726919d9468,,"Mozilla/5.0 (Windows NT 10.0; Win64; x64) AppleWebKit/537.36 (KHTML, like Gecko) Chrome/142.0.0.0 Safari/537.36",/,https://www.google.com/,,Colorado Catholic Business Directory,https://coloradocatholicbusinessdirectory.com/,1750436264420x989591292213482400,true,,,,,,,,,,,,,,more_info,,,,,,,,,,,,,,,"[{'brand': 'Chromium', 'version': '142'}, {'brand': 'Google Chrome', 'version': '142'}, {'brand': 'Not_A Brand', 'version': '99'}]",False,Windows,button_click
ajs-next-1763331487723-a3a2d3f8-31f2-4796-9348-c5d0e24b0092,2025-11-16 22:18:07.723000+00:00,704a8c5e-0dbc-449b-bcd1-0726919d9468,,"Mozilla/5.0 (Windows NT 10.0; Win64; x64) AppleWebKit/537.36 (KHTML, like Gecko) Chrome/142.0.0.0 Safari/537.36",/business_profile/1000-good-books-project-1747165674437x491901038958021200,https://coloradocatholicbusinessdirectory.com/,,| Colorado Catholic Business Directory,https://coloradocatholicbusinessdirectory.com/business_profile/1000-good-books-project-1747165674437x491901038958021200,1747165674437x491901038958021200,,,,,,,,,,,,,,,visit_website,,,,,,,,,,,,,,,"[{'brand': 'Chromium', 'version': '142'}, {'brand': 'Google Chrome', 'version': '142'}, {'brand': 'Not_A Brand', 'version': '99'}]",False,Windows,button_click
ajs-next-1763331297220-ff59b37e-a69d-40fd-8a99-82cad9a17ecf,2025-11-16 22:14:57.220000+00:00,704a8c5e-0dbc-449b-bcd1-0726919d9468,,"Mozilla/5.0 (Windows NT 10.0; Win64; x64) AppleWebKit/537.36 (KHTML, like Gecko) Chrome/142.0.0.0 Safari/537.36",/,https://www.google.com/,,Colorado Catholic Business Directory,https://coloradocatholicbusinessdirectory.com/,"1744335958024x226211831616957250, 1750436264420x989591292213482400, 1743547621069x279645472884266780, 1744579851707x640487742075829500, 1743549178851x847080663521240200, 1752717497153x537286585580736960, 1753374338412x209529915103450200, 1753982403438x535213824960417500, 1758312173588x895819358343598700",true,,,,,,,,,,,,,,,,,,,,,,,,,,,,,"[{'brand': 'Chromium', 'version': '142'}, {'brand': 'Google Chrome', 'version': '142'}, {'brand': 'Not_A Brand', 'version': '99'}]",False,Windows,impression
ajs-next-1763331302806-36a55a1d-bb37-4b9b-ba73-8d0e44a8ec92,2025-11-16 22:15:02.806000+00:00,704a8c5e-0dbc-449b-bcd1-0726919d9468,,"Mozilla/5.0 (Windows NT 10.0; Win64; x64) AppleWebKit/537.36 (KHTML, like Gecko) Chrome/142.0.0.0 Safari/537.36",/business_profile/wild-goose-music-1750436264420x989591292213482400,https://coloradocatholicbusinessdirectory.com/,,| Colorado Catholic Business Directory,https://coloradocatholicbusinessdirectory.com/business_profile/wild-goose-music-1750436264420x989591292213482400,1750436264420x989591292213482400,,profile,business_profile,/business_profile/wild-goose-music-1750436264420x989591292213482400,https://coloradocatholicbusinessdirectory.com/,,| Colorado Catholic Business Directory,https://coloradocatholicbusinessdirectory.com/business_profile/wild-goose-music-1750436264420x989591292213482400,profile,business_profile,,,,,,,,,,,,,,,,,,,,"[{'brand': 'Chromium', 'version': '142'}, {'brand': 'Google Chrome', 'version': '142'}, {'brand': 'Not_A Brand', 'version': '99'}]",False,Windows,page
ajs-next-1763331380090-72330060-4c4e-47ee-9421-2296dece7361,2025-11-16 22:16:20.090000+00:00,704a8c5e-0dbc-449b-bcd1-0726919d9468,,"Mozilla/5.0 (Windows NT 10.0; Win64; x64) AppleWebKit/537.36 (KHTML, like Gecko) Chrome/142.0.0.0 Safari/537.36",/search,https://coloradocatholicbusinessdirectory.com/,,Search | Colorado Catholic Business Directory,https://coloradocatholicbusinessdirectory.com/search,,,search,search,/search,https://coloradocatholicbusinessdirectory.com/,,Search | Colorado Catholic Business Directory,https://coloradocatholicbusinessdirectory.com/search,search,search,,,,,,,,,,,,,,,,,,,,"[{'brand': 'Chromium', 'version': '142'}, {'brand': 'Google Chrome', 'version': '142'}, {'brand': 'Not_A Brand', 'version': '99'}]",False,Windows,page
ajs-next-1763331380807-4c4ea7ee-d421-4296-9ece-7361b83ab35c,2025-11-16 22:16:20.807000+00:00,704a8c5e-0dbc-449b-bcd1-0726919d9468,,"Mozilla/5.0 (Windows NT 10.0; Win64; x64) AppleWebKit/537.36 (KHTML, like Gecko) Chrome/142.0.0.0 Safari/537.36",/search,https://coloradocatholicbusinessdirectory.com/,,Search | Colorado Catholic Business Directory,https://coloradocatholicbusinessdirectory.com/search,1744335958024x226211831616957250,true,,,,,,,,,,,,,,,main_list,,,,,,,,,,,,,,"[{'brand': 'Chromium', 'version': '142'}, {'brand': 'Google Chrome', 'version': '142'}, {'brand': 'Not_A Brand', 'version': '99'}]",False,Windows,impression
ajs-next-1763331412159-b99a8ed5-9202-47f7-a80e-e7ff50758562,2025-11-16 22:16:52.159000+00:00,704a8c5e-0dbc-449b-bcd1-0726919d9468,,"Mozilla/5.0 (Windows NT 10.0; Win64; x64) AppleWebKit/537.36 (KHTML, like Gecko) Chrome/142.0.0.0 Safari/537.36",/search,https://coloradocatholicbusinessdirectory.com/,,Search | Colorado Catholic Business Directory,https://coloradocatholicbusinessdirectory.com/search,,,search,search,/search,https://coloradocatholicbusinessdirectory.com/,,Search | Colorado Catholic Business Directory,https://coloradocatholicbusinessdirectory.com/search,search,search,,,,,,,,,,,,,,,,,,,,"[{'brand': 'Chromium', 'version': '142'}, {'brand': 'Google Chrome', 'version': '142'}, {'brand': 'Not_A Brand', 'version': '99'}]",False,Windows,page
ajs-next-1763331412464-8ed59202-67f7-480e-a7ff-50758562f7ee,2025-11-16 22:16:52.464000+00:00,704a8c5e-0dbc-449b-bcd1-0726919d9468,,"Mozilla/5.0 (Windows NT 10.0; Win64; x64) AppleWebKit/537.36 (KHTML, like Gecko) Chrome/142.0.0.0 Safari/537.36",/search,https://coloradocatholicbusinessdirectory.com/,,Search | Colorado Catholic Business Directory,https://coloradocatholicbusinessdirectory.com/search,,true,,,,,,,,,,,,,,,sidebar,,,,,,,,,,,,,,"[{'brand': 'Chromium', 'version': '142'}, {'brand': 'Google Chrome', 'version': '142'}, {'brand': 'Not_A Brand', 'version': '99'}]",False,Windows,impression
ajs-next-1763331322287-b67d1f25-7819-4af9-88a1-94eb9e62bca7,2025-11-16 22:15:22.287000+00:00,704a8c5e-0dbc-449b-bcd1-0726919d9468,,"Mozilla/5.0 (Windows NT 10.0; Win64; x64) AppleWebKit/537.36 (KHTML, like Gecko) Chrome/142.0.0.0 Safari/537.36",/,https://www.google.com/,,Colorado Catholic Business Directory,https://coloradocatholicbusinessdirectory.com/,,,index,index,/,https://www.google.com/,,Colorado Catholic Business Directory,https://coloradocatholicbusinessdirectory.com/,index,index,,,,,,,,,,,,,,,,,,,,"[{'brand': 'Chromium', 'version': '142'}, {'brand': 'Google Chrome', 'version': '142'}, {'brand': 'Not_A Brand', 'version': '99'}]",False,Windows,page
ajs-next-1763331400873-54d891ff-76d4-4610-a448-228734a80006,2025-11-16 22:16:40.873000+00:00,704a8c5e-0dbc-449b-bcd1-0726919d9468,,"Mozilla/5.0 (Windows NT 10.0; Win64; x64) AppleWebKit/537.36 (KHTML, like Gecko) Chrome/142.0.0.0 Safari/537.36",/business_profile/pelican-tea-bookbinding-and-art-1744319857648x144922844539837200,https://coloradocatholicbusinessdirectory.com/,,| Colorado Catholic Business Directory,https://coloradocatholicbusinessdirectory.com/business_profile/pelican-tea-bookbinding-and-art-1744319857648x144922844539837200,1744319857648x144922844539837200,,,,,,,,,,,,,,,visit_website,,,,,,,,,,,,,,,"[{'brand': 'Chromium', 'version': '142'}, {'brand': 'Google Chrome', 'version': '142'}, {'brand': 'Not_A Brand', 'version': '99'}]",False,Windows,button_click
ajs-next-1763331296885-67c1f0dc-ff59-437e-a69d-f0fd0a9982ca,2025-11-16 22:14:56.885000+00:00,704a8c5e-0dbc-449b-bcd1-0726919d9468,,"Mozilla/5.0 (Windows NT 10.0; Win64; x64) AppleWebKit/537.36 (KHTML, like Gecko) Chrome/142.0.0.0 Safari/537.36",/,https://www.google.com/,,Colorado Catholic Business Directory,https://coloradocatholicbusinessdirectory.com/,,,index,index,/,https://www.google.com/,,Colorado Catholic Business Directory,https://coloradocatholicbusinessdirectory.com/,index,index,,,,,,,,,,,,,,,,,,,,"[{'brand': 'Chromium', 'version': '142'}, {'brand': 'Google Chrome', 'version': '142'}, {'brand': 'Not_A Brand', 'version': '99'}]",False,Windows,page
ajs-next-1763331322775-1f257819-2af9-48a1-94eb-9e62bca7dcf3,2025-11-16 22:15:22.775000+00:00,704a8c5e-0dbc-449b-bcd1-0726919d9468,,"Mozilla/5.0 (Windows NT 10.0; Win64; x64) AppleWebKit/537.36 (KHTML, like Gecko) Chrome/142.0.0.0 Safari/537.36",/,https://www.google.com/,,Colorado Catholic Business Directory,https://coloradocatholicbusinessdirectory.com/,"1744579851707x640487742075829500, 1744335958024x226211831616957250, 1743547621069x279645472884266780, 1758312173588x895819358343598700, 1753374338412x209529915103450200, 1753982403438x535213824960417500, 1750436264420x989591292213482400, 1743549178851x847080663521240200, 1752717497153x537286585580736960",true,,,,,,,,,,,,,,,,,,,,,,,,,,,,,"[{'brand': 'Chromium', 'version': '142'}, {'brand': 'Google Chrome', 'version': '142'}, {'brand': 'Not_A Brand', 'version': '99'}]",False,Windows,impression
ajs-next-1763331473803-65ea9a14-6b89-4725-a7f2-7ccc54d88a1a,2025-11-16 22:17:53.803000+00:00,704a8c5e-0dbc-449b-bcd1-0726919d9468,,"Mozilla/5.0 (Windows NT 10.0; Win64; x64) AppleWebKit/537.36 (KHTML, like Gecko) Chrome/142.0.0.0 Safari/537.36",/business_profile/grow-the-kingdom-fitness-gym-1761930377989x951815782791809400,https://coloradocatholicbusinessdirectory.com/,,| Colorado Catholic Business Directory,https://coloradocatholicbusinessdirectory.com/business_profile/grow-the-kingdom-fitness-gym-1761930377989x951815782791809400,1761930377989x951815782791809400,,profile,business_profile,/business_profile/grow-the-kingdom-fitness-gym-1761930377989x951815782791809400,https://coloradocatholicbusinessdirectory.com/,,| Colorado Catholic Business Directory,https://coloradocatholicbusinessdirectory.com/business_profile/grow-the-kingdom-fitness-gym-1761930377989x951815782791809400,profile,business_profile,,,,,,,,,,,,,,,,,,,,"[{'brand': 'Chromium', 'version': '142'}, {'brand': 'Google Chrome', 'version': '142'}, {'brand': 'Not_A Brand', 'version': '99'}]",False,Windows,page
ajs-next-1763331482030-6c34a3a2-d3f8-41f2-a796-9348c5d0e24b,2025-11-16 22:18:02.030000+00:00,704a8c5e-0dbc-449b-bcd1-0726919d9468,,"Mozilla/5.0 (Windows NT 10.0; Win64; x64) AppleWebKit/537.36 (KHTML, like Gecko) Chrome/142.0.0.0 Safari/537.36",/business_profile/1000-good-books-project-1747165674437x491901038958021200,https://coloradocatholicbusinessdirectory.com/,,| Colorado Catholic Business Directory,https://coloradocatholicbusinessdirectory.com/business_profile/1000-good-books-project-1747165674437x491901038958021200,1747165674437x491901038958021200,,profile,business_profile,/business_profile/1000-good-books-project-1747165674437x491901038958021200,https://coloradocatholicbusinessdirectory.com/,,| Colorado Catholic Business Directory,https://coloradocatholicbusinessdirectory.com/business_profile/1000-good-books-project-1747165674437x491901038958021200,profile,business_profile,,,,,,,,,,,,,,,,,,,,"[{'brand': 'Chromium', 'version': '142'}, {'brand': 'Google Chrome', 'version': '142'}, {'brand': 'Not_A Brand', 'version': '99'}]",False,Windows,page
ajs-next-1763331412870-920267f7-680e-47ff-9075-8562f7ee0717,2025-11-16 22:16:52.870000+00:00,704a8c5e-0dbc-449b-bcd1-0726919d9468,,"Mozilla/5.0 (Windows NT 10.0; Win64; x64) AppleWebKit/537.36 (KHTML, like Gecko) Chrome/142.0.0.0 Safari/537.36",/search,https://coloradocatholicbusinessdirectory.com/,,Search | Colorado Catholic Business Directory,https://coloradocatholicbusinessdirectory.com/search,1743547621069x279645472884266780,true,,,,,,,,,,,,,,,main_list,,,,,,,,,,,,,,"[{'brand': 'Chromium', 'version': '142'}, {'brand': 'Google Chrome', 'version': '142'}, {'brand': 'Not_A Brand', 'version': '99'}]",False,Windows,impression
ajs-next-1763331413192-67f7680e-e7ff-4075-8562-f7ee07173707,2025-11-16 22:16:53.192000+00:00,704a8c5e-0dbc-449b-bcd1-0726919d9468,,"Mozilla/5.0 (Windows NT 10.0; Win64; x64) AppleWebKit/537.36 (KHTML, like Gecko) Chrome/142.0.0.0 Safari/537.36",/search,https://coloradocatholicbusinessdirectory.com/,,Search | Colorado Catholic Business Directory,https://coloradocatholicbusinessdirectory.com/search,"1762889659042x996969350831174300, 1745528732739x896561533370513300, 1753465897836x101289632151690960, 1750783679107x801419812763124500, 1755621956288x571897163769246900, 1750784029587x963255839088365200, 1744760380914x558772773612561600, 1746467711533x453074785848415400, 1745533127765x291393362647413700, 1761044854709x307607562836745150, 1752687366861x422755081931784260, 1759930025997x126109694575208930, 1747183179554x540122160625888100, 1747221865162x703532834449508000, 1747184079669x994211808429350800, 1759423986281x805514757919405700, 1746827109704x963221719337950200, 1750785338983x949958887494882000, 1757438153395x416809556103947500, 1746765568691x979794717919274100, 1763305551668x997299018011994600, 1750423781412x480534435350699700, 1744736810207x919925185055488400, 1744260813114x505427712482621440, 1747170561218x640297169073643000, 1750784475796x702583457937545900, 1751319669665x621437589169731200, 1763148950401x545361905340972600, 1754081360962x724252535884739300, 1747827548541x313848517899538500, 1751224250248x539537516841198200, 1755271286521x378031808974615550, 1745273541628x945470626229355500, 1754624056001x759184470890143000, 1747165674437x491901038958021200, 1761762460002x434978052003146300, 1763255155587x707008769292458900, 1744398484109x785674167096991400, 1744743906400x631087870982087000, 1759153763139x433792388290277000, 1746631267951x741803061642879500, 1744751205492x235134337285239230, 1744748222708x779656090283929300, 1753135741395x558904608479141570, 1744737250347x219277345743008400, 1749057953945x756346430245684600, 1746548006831x128230088489826860, 1744319857648x144922844539837200, 1754505203290x671062062407191900, 1761762406893x958878656538368500, 1753982403438x535213824960417500, 1754941249648x796792188496967000, 1757355028996x505189727810192200, 1760118921086x941497076227920600, 1751749348389x952656707958261400, 1744740154739x566945822952470660, 1743547361284x291138005899707260, 1762364811793x796217509980630800, 1744134674881x127285411168640110, 1750436264420x989591292213482400, 1758312173588x895819358343598700, 1757720364741x595714121363069200, 1744391553368x301043576290850300, 1760458225389x690604949380638100, 1743547621069x279645472884266780, 1749173974503x736079030141835600, 1748581534531x956271769254002200, 1757369121056x350487849823425600, 1748365021326x105262688542451250, 1747163465846x476237095610093000, 1751425811600x127124815802215140, 1747848709032x210920410073364830, 1754949567759x639105313824555300, 1747185390251x665604546429507900, 1746855895334x711816173120128000, 1757437593796x460281345015416640, 1744397288473x909294892772270800, 1747864432460x772931238395911000, 1761930377989x951815782791809400, 1754084205128x675147807630683600, 1744579851707x640487742075829500, 1751744301621x758526182685981300, 1753909381745x872991521395046100, 1755533063776x956164571796881400, 1744643921578x315333816253624100, 1753911193017x504194995643152640, 1758120880051x675194275556497400, 1758568877707x715638242996164100, 1743549178851x847080663521240200, 1762957766158x632118084948257900, 1749580724532x760028975589297300, 1744335958024x226211831616957250, 1750783674403x491887953737125700, 1746843461447x686795565273950000, 1751402056748x637551618886434600, 1744907031541x119079844893356540, 1762271200864x775090106640580500, 1744175271939x575064790204550460, 1754927931120x470668069008822300, 1749742920378x965836759111504900, 1747216018889x770977089491677400, 1749068120323x412920063824988600, 1752182630575x854371423894944000, 1744157592334x292550965261606100, 1746938798847x931997689495082400, 1753374338412x209529915103450200, 1747415704843x665338483592092500, 1758147388607x898014240790697700, 1746635677548x343522492232585660, 1744282156200x727555159743162000, 1745597587022x519433479989605000, 1752717497153x537286585580736960, 1747420152884x437771544876149700, 1761919898226x928695665795906700, 1747594874125x270237571814453630, 1748389292320x918627677903932400, 1753985929691x853149258569598100, 1747398900475x598159844147748100",false,,,,,,,,,,,,,,,,,,,,,,,,,,,,,"[{'brand': 'Chromium', 'version': '142'}, {'brand': 'Google Chrome', 'version': '142'}, {'brand': 'Not_A Brand', 'version': '99'}]",False,Windows,impression
ajs-next-1763331610033-9a146b89-d725-47f2-bccc-54d88a1adb95,2025-11-16 22:20:10.033000+00:00,704a8c5e-0dbc-449b-bcd1-0726919d9468,,"Mozilla/5.0 (Windows NT 10.0; Win64; x64) AppleWebKit/537.36 (KHTML, like Gecko) Chrome/142.0.0.0 Safari/537.36",/business_profile/grow-the-kingdom-fitness-gym-1761930377989x951815782791809400,https://coloradocatholicbusinessdirectory.com/,,| Colorado Catholic Business Directory,https://coloradocatholicbusinessdirectory.com/business_profile/grow-the-kingdom-fitness-gym-1761930377989x951815782791809400,1761930377989x951815782791809400,,,,,,,,,,,,,,,visit_website,,,,,,,,,,,,,,,"[{'brand': 'Chromium', 'version': '142'}, {'brand': 'Google Chrome', 'version': '142'}, {'brand': 'Not_A Brand', 'version': '99'}]",False,Windows,button_click
ajs-next-1763344996141-9f44a05a-12c5-4dc3-ad43-ad94bafdbf51,2025-11-17 02:03:16.141000+00:00,44a05a12-c59d-436d-83ad-94bafdbf514b,,meta-externalagent/1.1 (+https://developers.facebook.com/docs/sharing/webmasters/crawler),/about_us/1762907246019x694889292525871400,,,| Colorado Catholic Business Directory,https://coloradocatholicbusinessdirectory.com/about_us/1762907246019x694889292525871400,,,about_us,about_us,/about_us/1762907246019x694889292525871400,,,| Colorado Catholic Business Directory,https://coloradocatholicbusinessdirectory.com/about_us/1762907246019x694889292525871400,about_us,about_us,,,,,,,,,,,,,,,,,,,,"[{'brand': 'Chromium', 'version': '142'}, {'brand': 'HeadlessChrome', 'version': '142'}, {'brand': 'Not_A Brand', 'version': '99'}]",False,Windows,page
ajs-next-1763349024699-aef6a124-441b-4cd7-8f0c-a8560bb36c0f,2025-11-17 03:10:24.699000+00:00,133faef6-a124-441b-bcd7-cf0ca8560bb3,,"Mozilla/5.0 (iPhone; CPU iPhone OS 18_6_2 like Mac OS X) AppleWebKit/605.1.15 (KHTML, like Gecko) Version/18.6 Mobile/15E148 Safari/604.1",/,https://duckduckgo.com/,,Colorado Catholic Business Directory,https://coloradocatholicbusinessdirectory.com/,"1744579851707x640487742075829500, 1750436264420x989591292213482400, 1752717497153x537286585580736960, 1744335958024x226211831616957250, 1758312173588x895819358343598700, 1743549178851x847080663521240200, 1753374338412x209529915103450200, 1743547621069x279645472884266780, 1753982403438x535213824960417500",true,,,,,,,,,,,,,,,,,,,,,,,,,,,,,,,,impression
ajs-next-1763349030325-bcd7cf0c-a856-4bb3-ac0f-3d9ac8183e9b,2025-11-17 03:10:30.325000+00:00,133faef6-a124-441b-bcd7-cf0ca8560bb3,,"Mozilla/5.0 (iPhone; CPU iPhone OS 18_6_2 like Mac OS X) AppleWebKit/605.1.15 (KHTML, like Gecko) Version/18.6 Mobile/15E148 Safari/604.1",/,https://duckduckgo.com/,,Colorado Catholic Business Directory,https://coloradocatholicbusinessdirectory.com/,,,,,,,,,,,,,,,,,,,,,,,,,,,,,,Cloth,,,,search
ajs-next-1763349024769-a124441b-bcd7-4f0c-a856-0bb36c0f3d9a,2025-11-17 03:10:24.769000+00:00,133faef6-a124-441b-bcd7-cf0ca8560bb3,,"Mozilla/5.0 (iPhone; CPU iPhone OS 18_6_2 like Mac OS X) AppleWebKit/605.1.15 (KHTML, like Gecko) Version/18.6 Mobile/15E148 Safari/604.1",/,https://duckduckgo.com/,,Colorado Catholic Business Directory,https://coloradocatholicbusinessdirectory.com/,"1744579851707x640487742075829500, 1750436264420x989591292213482400, 1752717497153x537286585580736960, 1744335958024x226211831616957250, 1758312173588x895819358343598700, 1743549178851x847080663521240200, 1753374338412x209529915103450200, 1743547621069x279645472884266780, 1753982403438x535213824960417500",true,,,,,,,,,,,,,,,,,,,,,,,,,,,,,,,,impression
ajs-next-1763349127143-bcd07a45-432f-4695-a8c2-09e1453f80d5,2025-11-17 03:12:07.143000+00:00,133faef6-a124-441b-bcd7-cf0ca8560bb3,,"Mozilla/5.0 (iPhone; CPU iPhone OS 18_6_2 like Mac OS X) AppleWebKit/605.1.15 (KHTML, like Gecko) Version/18.6 Mobile/15E148 Safari/604.1",/search,https://coloradocatholicbusinessdirectory.com/,?query=&category=Health%20%26%20Wellness,Search | Colorado Catholic Business Directory,https://coloradocatholicbusinessdirectory.com/search?query=&category=Health%20%26%20Wellness,,,,,,,,,,,,,,,,search,,,,,,,,,,,,,,,,,,button_click
ajs-next-1763349153592-b25fb594-5205-4ab8-b5eb-847b7bb497b3,2025-11-17 03:12:33.592000+00:00,133faef6-a124-441b-bcd7-cf0ca8560bb3,,"Mozilla/5.0 (iPhone; CPU iPhone OS 18_6_2 like Mac OS X) AppleWebKit/605.1.15 (KHTML, like Gecko) Version/18.6 Mobile/15E148 Safari/604.1",/search,https://coloradocatholicbusinessdirectory.com/,?query=Clothing&category=,Search | Colorado Catholic Business Directory,https://coloradocatholicbusinessdirectory.com/search?query=Clothing&category=,1753374338412x209529915103450200,true,,,,,,,,,,,,,,,main_list,,,,,,,,,,,,,,,,,impression
ajs-next-1763349128382-28c209e1-453f-40d5-97c8-5cfcc3250dcd,2025-11-17 03:12:08.382000+00:00,133faef6-a124-441b-bcd7-cf0ca8560bb3,,"Mozilla/5.0 (iPhone; CPU iPhone OS 18_6_2 like Mac OS X) AppleWebKit/605.1.15 (KHTML, like Gecko) Version/18.6 Mobile/15E148 Safari/604.1",/search,https://coloradocatholicbusinessdirectory.com/,?query=Shirts&category=Health%20%26%20Wellness,Search | Colorado Catholic Business Directory,https://coloradocatholicbusinessdirectory.com/search?query=Shirts&category=Health%20%26%20Wellness,,true,,,,,,,,,,,,,,,main_list,,,,,,,,,,,,,,,,,impression
ajs-next-1763349142773-5cfcc325-0dcd-4cd2-a25f-688c5506f509,2025-11-17 03:12:22.773000+00:00,133faef6-a124-441b-bcd7-cf0ca8560bb3,,"Mozilla/5.0 (iPhone; CPU iPhone OS 18_6_2 like Mac OS X) AppleWebKit/605.1.15 (KHTML, like Gecko) Version/18.6 Mobile/15E148 Safari/604.1",/search,https://coloradocatholicbusinessdirectory.com/,?query=Clothes&category=,Search | Colorado Catholic Business Directory,https://coloradocatholicbusinessdirectory.com/search?query=Clothes&category=,,true,,,,,,,,,,,,,,,sidebar,,,,,,,,,,,,,,,,,impression
ajs-next-1763349144229-5506f509-1762-44aa-9f98-cebb0fc0ada6,2025-11-17 03:12:24.229000+00:00,133faef6-a124-441b-bcd7-cf0ca8560bb3,,"Mozilla/5.0 (iPhone; CPU iPhone OS 18_6_2 like Mac OS X) AppleWebKit/605.1.15 (KHTML, like Gecko) Version/18.6 Mobile/15E148 Safari/604.1",/search,https://coloradocatholicbusinessdirectory.com/,?query=Clothes&category=,Search | Colorado Catholic Business Directory,https://coloradocatholicbusinessdirectory.com/search?query=Clothes&category=,,,,,,,,,,,,,,,,,main_search,,,,,,,,,,,,,Clothes,,,,search
ajs-next-1763349153867-5205dab8-f5eb-447b-bbb4-97b3026a9834,2025-11-17 03:12:33.867000+00:00,133faef6-a124-441b-bcd7-cf0ca8560bb3,,"Mozilla/5.0 (iPhone; CPU iPhone OS 18_6_2 like Mac OS X) AppleWebKit/605.1.15 (KHTML, like Gecko) Version/18.6 Mobile/15E148 Safari/604.1",/search,https://coloradocatholicbusinessdirectory.com/,?query=Cloth&category=,Search | Colorado Catholic Business Directory,https://coloradocatholicbusinessdirectory.com/search?query=Cloth&category=,,true,,,,,,,,,,,,,,,sidebar,,,,,,,,,,,,,,,,,impression
ajs-next-1763349037493-0c001c97-cbfb-467a-bbe9-024eba8a9e62,2025-11-17 03:10:37.493000+00:00,133faef6-a124-441b-bcd7-cf0ca8560bb3,,"Mozilla/5.0 (iPhone; CPU iPhone OS 18_6_2 like Mac OS X) AppleWebKit/605.1.15 (KHTML, like Gecko) Version/18.6 Mobile/15E148 Safari/604.1",/search,https://coloradocatholicbusinessdirectory.com/,?query=Cloth&category=,Search | Colorado Catholic Business Directory,https://coloradocatholicbusinessdirectory.com/search?query=Cloth&category=,,,,,,,,,,,,,,,,search,,,,,,,,,,,,,,,,,,button_click
ajs-next-1763349039049-024eba8a-9e62-4977-83df-0654692dbcd0,2025-11-17 03:10:39.049000+00:00,133faef6-a124-441b-bcd7-cf0ca8560bb3,,"Mozilla/5.0 (iPhone; CPU iPhone OS 18_6_2 like Mac OS X) AppleWebKit/605.1.15 (KHTML, like Gecko) Version/18.6 Mobile/15E148 Safari/604.1",/search,https://coloradocatholicbusinessdirectory.com/,?query=Clothing&category=,Search | Colorado Catholic Business Directory,https://coloradocatholicbusinessdirectory.com/search?query=Clothing&category=,1762364811793x796217509980630800,false,,,,,,,,,,,,,,,,,,,,,,,,,,,,,,,,impression
ajs-next-1763349142807-c3250dcd-dcd2-425f-a88c-5506f5091762,2025-11-17 03:12:22.807000+00:00,133faef6-a124-441b-bcd7-cf0ca8560bb3,,"Mozilla/5.0 (iPhone; CPU iPhone OS 18_6_2 like Mac OS X) AppleWebKit/605.1.15 (KHTML, like Gecko) Version/18.6 Mobile/15E148 Safari/604.1",/search,https://coloradocatholicbusinessdirectory.com/,?query=Clothes&category=,Search | Colorado Catholic Business Directory,https://coloradocatholicbusinessdirectory.com/search?query=Clothes&category=,,,,,,,,,,,,,,,,search,,,,,,,,,,,,,,,,,,button_click
ajs-next-1763349143109-dcd2225f-688c-4506-b509-176254aa1f98,2025-11-17 03:12:23.109000+00:00,133faef6-a124-441b-bcd7-cf0ca8560bb3,,"Mozilla/5.0 (iPhone; CPU iPhone OS 18_6_2 like Mac OS X) AppleWebKit/605.1.15 (KHTML, like Gecko) Version/18.6 Mobile/15E148 Safari/604.1",/search,https://coloradocatholicbusinessdirectory.com/,?query=Clothes&category=,Search | Colorado Catholic Business Directory,https://coloradocatholicbusinessdirectory.com/search?query=Clothes&category=,,,,,,,,,,,,,,,,,main_search,,,,,,,,,,,,,Clothes,,,,search
ajs-next-1763349038126-cbfb667a-7be9-424e-ba8a-9e62697703df,2025-11-17 03:10:38.126000+00:00,133faef6-a124-441b-bcd7-cf0ca8560bb3,,"Mozilla/5.0 (iPhone; CPU iPhone OS 18_6_2 like Mac OS X) AppleWebKit/605.1.15 (KHTML, like Gecko) Version/18.6 Mobile/15E148 Safari/604.1",/search,https://coloradocatholicbusinessdirectory.com/,?query=Clothing&category=,Search | Colorado Catholic Business Directory,https://coloradocatholicbusinessdirectory.com/search?query=Clothing&category=,,,search,search,/search,https://coloradocatholicbusinessdirectory.com/,?query=Clothing&category=,Search | Colorado Catholic Business Directory,https://coloradocatholicbusinessdirectory.com/search?query=Clothing&category=,search,search,,,,,,,,,,,,,,,,,,,,,,,page
ajs-next-1763349128700-09e1453f-80d5-47c8-9cfc-c3250dcddcd2,2025-11-17 03:12:08.700000+00:00,133faef6-a124-441b-bcd7-cf0ca8560bb3,,"Mozilla/5.0 (iPhone; CPU iPhone OS 18_6_2 like Mac OS X) AppleWebKit/605.1.15 (KHTML, like Gecko) Version/18.6 Mobile/15E148 Safari/604.1",/search,https://coloradocatholicbusinessdirectory.com/,?query=Shirts&category=Health%20%26%20Wellness,Search | Colorado Catholic Business Directory,https://coloradocatholicbusinessdirectory.com/search?query=Shirts&category=Health%20%26%20Wellness,,false,,,,,,,,,,,,,,,,,,,,,,,,,,,,,,,,impression
ajs-next-1763349038737-7be9024e-ba8a-4e62-a977-03df0654692d,2025-11-17 03:10:38.737000+00:00,133faef6-a124-441b-bcd7-cf0ca8560bb3,,"Mozilla/5.0 (iPhone; CPU iPhone OS 18_6_2 like Mac OS X) AppleWebKit/605.1.15 (KHTML, like Gecko) Version/18.6 Mobile/15E148 Safari/604.1",/search,https://coloradocatholicbusinessdirectory.com/,?query=Clothing&category=,Search | Colorado Catholic Business Directory,https://coloradocatholicbusinessdirectory.com/search?query=Clothing&category=,1753374338412x209529915103450200,true,,,,,,,,,,,,,,,main_list,,,,,,,,,,,,,,,,,impression
ajs-next-1763349141837-453f80d5-57c8-4cfc-8325-0dcddcd2225f,2025-11-17 03:12:21.837000+00:00,133faef6-a124-441b-bcd7-cf0ca8560bb3,,"Mozilla/5.0 (iPhone; CPU iPhone OS 18_6_2 like Mac OS X) AppleWebKit/605.1.15 (KHTML, like Gecko) Version/18.6 Mobile/15E148 Safari/604.1",/search,https://coloradocatholicbusinessdirectory.com/,?query=Shirts&category=Health%20%26%20Wellness,Search | Colorado Catholic Business Directory,https://coloradocatholicbusinessdirectory.com/search?query=Shirts&category=Health%20%26%20Wellness,,,,,,,,,,,,,,,,search,,,,,,,,,,,,,,,,,,button_click
ajs-next-1763349143922-688c5506-f509-4762-94aa-1f98cebb0fc0,2025-11-17 03:12:23.922000+00:00,133faef6-a124-441b-bcd7-cf0ca8560bb3,,"Mozilla/5.0 (iPhone; CPU iPhone OS 18_6_2 like Mac OS X) AppleWebKit/605.1.15 (KHTML, like Gecko) Version/18.6 Mobile/15E148 Safari/604.1",/search,https://coloradocatholicbusinessdirectory.com/,?query=Clothes&category=,Search | Colorado Catholic Business Directory,https://coloradocatholicbusinessdirectory.com/search?query=Clothes&category=,,,,,,,,,,,,,,,,search,,,,,,,,,,,,,,,,,,button_click
ajs-next-1763349038431-667a7be9-024e-4a8a-9e62-697703df0654,2025-11-17 03:10:38.431000+00:00,133faef6-a124-441b-bcd7-cf0ca8560bb3,,"Mozilla/5.0 (iPhone; CPU iPhone OS 18_6_2 like Mac OS X) AppleWebKit/605.1.15 (KHTML, like Gecko) Version/18.6 Mobile/15E148 Safari/604.1",/search,https://coloradocatholicbusinessdirectory.com/,?query=Clothing&category=,Search | Colorado Catholic Business Directory,https://coloradocatholicbusinessdirectory.com/search?query=Clothing&category=,,true,,,,,,,,,,,,,,,sidebar,,,,,,,,,,,,,,,,,impression
ajs-next-1763349142469-57c85cfc-c325-4dcd-9cd2-225f688c5506,2025-11-17 03:12:22.469000+00:00,133faef6-a124-441b-bcd7-cf0ca8560bb3,,"Mozilla/5.0 (iPhone; CPU iPhone OS 18_6_2 like Mac OS X) AppleWebKit/605.1.15 (KHTML, like Gecko) Version/18.6 Mobile/15E148 Safari/604.1",/search,https://coloradocatholicbusinessdirectory.com/,?query=Clothes&category=,Search | Colorado Catholic Business Directory,https://coloradocatholicbusinessdirectory.com/search?query=Clothes&category=,,,search,search,/search,https://coloradocatholicbusinessdirectory.com/,?query=Clothes&category=,Search | Colorado Catholic Business Directory,https://coloradocatholicbusinessdirectory.com/search?query=Clothes&category=,search,search,,,,,,,,,,,,,,,,,,,,,,,page
ajs-next-1763349032529-dba459b8-0c00-4c97-8bfb-667a7be9024e,2025-11-17 03:10:32.529000+00:00,133faef6-a124-441b-bcd7-cf0ca8560bb3,,"Mozilla/5.0 (iPhone; CPU iPhone OS 18_6_2 like Mac OS X) AppleWebKit/605.1.15 (KHTML, like Gecko) Version/18.6 Mobile/15E148 Safari/604.1",/search,https://coloradocatholicbusinessdirectory.com/,?query=Cloth&category=,Search | Colorado Catholic Business Directory,https://coloradocatholicbusinessdirectory.com/search?query=Cloth&category=,1753374338412x209529915103450200,true,,,,,,,,,,,,,,,main_list,,,,,,,,,,,,,,,,,impression
ajs-next-1763349024465-bd133fae-f6a1-4444-9bbc-d7cf0ca8560b,2025-11-17 03:10:24.465000+00:00,133faef6-a124-441b-bcd7-cf0ca8560bb3,,"Mozilla/5.0 (iPhone; CPU iPhone OS 18_6_2 like Mac OS X) AppleWebKit/605.1.15 (KHTML, like Gecko) Version/18.6 Mobile/15E148 Safari/604.1",/,https://duckduckgo.com/,,Colorado Catholic Business Directory,https://coloradocatholicbusinessdirectory.com/,,,index,index,/,https://duckduckgo.com/,,Colorado Catholic Business Directory,https://coloradocatholicbusinessdirectory.com/,index,index,,,,,,,,,,,,,,,,,,,,,,,page
ajs-next-1763349032204-d169dba4-59b8-4c00-9c97-cbfb667a7be9,2025-11-17 03:10:32.204000+00:00,133faef6-a124-441b-bcd7-cf0ca8560bb3,,"Mozilla/5.0 (iPhone; CPU iPhone OS 18_6_2 like Mac OS X) AppleWebKit/605.1.15 (KHTML, like Gecko) Version/18.6 Mobile/15E148 Safari/604.1",/search,https://coloradocatholicbusinessdirectory.com/,?query=Cloth&category=,Search | Colorado Catholic Business Directory,https://coloradocatholicbusinessdirectory.com/search?query=Cloth&category=,,true,,,,,,,,,,,,,,,sidebar,,,,,,,,,,,,,,,,,impression
ajs-next-1763349031901-8c17d169-dba4-49b8-8c00-1c97cbfb667a,2025-11-17 03:10:31.901000+00:00,133faef6-a124-441b-bcd7-cf0ca8560bb3,,"Mozilla/5.0 (iPhone; CPU iPhone OS 18_6_2 like Mac OS X) AppleWebKit/605.1.15 (KHTML, like Gecko) Version/18.6 Mobile/15E148 Safari/604.1",/search,https://coloradocatholicbusinessdirectory.com/,?query=Cloth&category=,Search | Colorado Catholic Business Directory,https://coloradocatholicbusinessdirectory.com/search?query=Cloth&category=,,,search,search,/search,https://coloradocatholicbusinessdirectory.com/,?query=Cloth&category=,Search | Colorado Catholic Business Directory,https://coloradocatholicbusinessdirectory.com/search?query=Cloth&category=,search,search,,,,,,,,,,,,,,,,,,,,,,,page
ajs-next-1763349057899-9e626977-03df-4654-a92d-bcd07a45432f,2025-11-17 03:10:57.899000+00:00,133faef6-a124-441b-bcd7-cf0ca8560bb3,,"Mozilla/5.0 (iPhone; CPU iPhone OS 18_6_2 like Mac OS X) AppleWebKit/605.1.15 (KHTML, like Gecko) Version/18.6 Mobile/15E148 Safari/604.1",/search,https://coloradocatholicbusinessdirectory.com/,?query=Clothing&category=,Search | Colorado Catholic Business Directory,https://coloradocatholicbusinessdirectory.com/search?query=Clothing&category=,,,,,,,,,,Health & Wellness,,,,,,,main_search,,,,,,,,,,,,,,,,,search
ajs-next-1763349152316-f5091762-54aa-4f98-8ebb-0fc0ada6b25f,2025-11-17 03:12:32.316000+00:00,133faef6-a124-441b-bcd7-cf0ca8560bb3,,"Mozilla/5.0 (iPhone; CPU iPhone OS 18_6_2 like Mac OS X) AppleWebKit/605.1.15 (KHTML, like Gecko) Version/18.6 Mobile/15E148 Safari/604.1",/search,https://coloradocatholicbusinessdirectory.com/,?query=Shirts&category=Health%20%26%20Wellness,Search | Colorado Catholic Business Directory,https://coloradocatholicbusinessdirectory.com/search?query=Shirts&category=Health%20%26%20Wellness,,,search,search,/search,https://coloradocatholicbusinessdirectory.com/,?query=Shirts&category=Health%20%26%20Wellness,Search | Colorado Catholic Business Directory,https://coloradocatholicbusinessdirectory.com/search?query=Shirts&category=Health%20%26%20Wellness,search,search,,,,,,,,,,,,,,,,,,,,,,,page
ajs-next-1763349143382-225f688c-5506-4509-9762-54aa1f98cebb,2025-11-17 03:12:23.382000+00:00,133faef6-a124-441b-bcd7-cf0ca8560bb3,,"Mozilla/5.0 (iPhone; CPU iPhone OS 18_6_2 like Mac OS X) AppleWebKit/605.1.15 (KHTML, like Gecko) Version/18.6 Mobile/15E148 Safari/604.1",/search,https://coloradocatholicbusinessdirectory.com/,?query=Clothes&category=,Search | Colorado Catholic Business Directory,https://coloradocatholicbusinessdirectory.com/search?query=Clothes&category=,1762364811793x796217509980630800,false,,,,,,,,,,,,,,,,,,,,,,,,,,,,,,,,impression
ajs-next-1763349143075-0dcddcd2-225f-488c-9506-f509176254aa,2025-11-17 03:12:23.075000+00:00,133faef6-a124-441b-bcd7-cf0ca8560bb3,,"Mozilla/5.0 (iPhone; CPU iPhone OS 18_6_2 like Mac OS X) AppleWebKit/605.1.15 (KHTML, like Gecko) Version/18.6 Mobile/15E148 Safari/604.1",/search,https://coloradocatholicbusinessdirectory.com/,?query=Clothes&category=,Search | Colorado Catholic Business Directory,https://coloradocatholicbusinessdirectory.com/search?query=Clothes&category=,1753374338412x209529915103450200,true,,,,,,,,,,,,,,,main_list,,,,,,,,,,,,,,,,,impression
ajs-next-1763349030018-441bbcd7-cf0c-4856-8bb3-6c0f3d9ac818,2025-11-17 03:10:30.018000+00:00,133faef6-a124-441b-bcd7-cf0ca8560bb3,,"Mozilla/5.0 (iPhone; CPU iPhone OS 18_6_2 like Mac OS X) AppleWebKit/605.1.15 (KHTML, like Gecko) Version/18.6 Mobile/15E148 Safari/604.1",/,https://duckduckgo.com/,,Colorado Catholic Business Directory,https://coloradocatholicbusinessdirectory.com/,,,,,,,,,,,,,,,,search,,,,,,,,,,,,,,,,,,button_click
ajs-next-1763349057589-ba8a9e62-6977-43df-8654-692dbcd07a45,2025-11-17 03:10:57.589000+00:00,133faef6-a124-441b-bcd7-cf0ca8560bb3,,"Mozilla/5.0 (iPhone; CPU iPhone OS 18_6_2 like Mac OS X) AppleWebKit/605.1.15 (KHTML, like Gecko) Version/18.6 Mobile/15E148 Safari/604.1",/search,https://coloradocatholicbusinessdirectory.com/,?query=Clothing&category=,Search | Colorado Catholic Business Directory,https://coloradocatholicbusinessdirectory.com/search?query=Clothing&category=,,,,,,,,,,,,,,,,search,,,,,,,,,,,,,,,,,,button_click
ajs-next-1763349127451-7a45432f-f695-48c2-89e1-453f80d557c8,2025-11-17 03:12:07.451000+00:00,133faef6-a124-441b-bcd7-cf0ca8560bb3,,"Mozilla/5.0 (iPhone; CPU iPhone OS 18_6_2 like Mac OS X) AppleWebKit/605.1.15 (KHTML, like Gecko) Version/18.6 Mobile/15E148 Safari/604.1",/search,https://coloradocatholicbusinessdirectory.com/,?query=&category=Health%20%26%20Wellness,Search | Colorado Catholic Business Directory,https://coloradocatholicbusinessdirectory.com/search?query=&category=Health%20%26%20Wellness,,,Health & Wellness,,,,,,,,,,,,,,main_search,,,,,,,,,,,,,Shirts,,,,search
ajs-next-1763349058221-697703df-0654-492d-bcd0-7a45432ff695,2025-11-17 03:10:58.221000+00:00,133faef6-a124-441b-bcd7-cf0ca8560bb3,,"Mozilla/5.0 (iPhone; CPU iPhone OS 18_6_2 like Mac OS X) AppleWebKit/605.1.15 (KHTML, like Gecko) Version/18.6 Mobile/15E148 Safari/604.1",/search,https://coloradocatholicbusinessdirectory.com/,?query=&category=Health%20%26%20Wellness,Search | Colorado Catholic Business Directory,https://coloradocatholicbusinessdirectory.com/search?query=&category=Health%20%26%20Wellness,,,search,search,/search,https://coloradocatholicbusinessdirectory.com/,?query=&category=Health%20%26%20Wellness,Search | Colorado Catholic Business Directory,https://coloradocatholicbusinessdirectory.com/search?query=&category=Health%20%26%20Wellness,search,search,,,,,,,,,,,,,,,,,,,,,,,page
ajs-next-1763349058827-0654692d-bcd0-4a45-832f-f69528c209e1,2025-11-17 03:10:58.827000+00:00,133faef6-a124-441b-bcd7-cf0ca8560bb3,,"Mozilla/5.0 (iPhone; CPU iPhone OS 18_6_2 like Mac OS X) AppleWebKit/605.1.15 (KHTML, like Gecko) Version/18.6 Mobile/15E148 Safari/604.1",/search,https://coloradocatholicbusinessdirectory.com/,?query=&category=Health%20%26%20Wellness,Search | Colorado Catholic Business Directory,https://coloradocatholicbusinessdirectory.com/search?query=&category=Health%20%26%20Wellness,,true,,,,,,,,,,,,,,,main_list,,,,,,,,,,,,,,,,,impression
ajs-next-1763349153240-cebb0fc0-ada6-425f-b594-5205dab8f5eb,2025-11-17 03:12:33.240000+00:00,133faef6-a124-441b-bcd7-cf0ca8560bb3,,"Mozilla/5.0 (iPhone; CPU iPhone OS 18_6_2 like Mac OS X) AppleWebKit/605.1.15 (KHTML, like Gecko) Version/18.6 Mobile/15E148 Safari/604.1",/search,https://coloradocatholicbusinessdirectory.com/,?query=&category=Health%20%26%20Wellness,Search | Colorado Catholic Business Directory,https://coloradocatholicbusinessdirectory.com/search?query=&category=Health%20%26%20Wellness,"1751224250248x539537516841198200, 1746765568691x979794717919274100, 1749057953945x756346430245684600, 1744740154739x566945822952470660, 1746631267951x741803061642879500, 1744157592334x292550965261606100, 1761930377989x951815782791809400, 1747415704843x665338483592092500, 1747420152884x437771544876149700, 1745528732739x896561533370513300, 1753909381745x872991521395046100, 1761762460002x434978052003146300, 1747185390251x665604546429507900, 1762957766158x632118084948257900, 1749173974503x736079030141835600, 1746938798847x931997689495082400",false,,,,,,,,,,,,,,,,,,,,,,,,,,,,,,,,impression
ajs-next-1763349153289-0fc0ada6-b25f-4594-9205-dab8f5eb847b,2025-11-17 03:12:33.289000+00:00,133faef6-a124-441b-bcd7-cf0ca8560bb3,,"Mozilla/5.0 (iPhone; CPU iPhone OS 18_6_2 like Mac OS X) AppleWebKit/605.1.15 (KHTML, like Gecko) Version/18.6 Mobile/15E148 Safari/604.1",/search,https://coloradocatholicbusinessdirectory.com/,?query=&category=Health%20%26%20Wellness,Search | Colorado Catholic Business Directory,https://coloradocatholicbusinessdirectory.com/search?query=&category=Health%20%26%20Wellness,,true,,,,,,,,,,,,,,,sidebar,,,,,,,,,,,,,,,,,impression
ajs-next-1763349127773-432ff695-28c2-49e1-853f-80d557c85cfc,2025-11-17 03:12:07.773000+00:00,133faef6-a124-441b-bcd7-cf0ca8560bb3,,"Mozilla/5.0 (iPhone; CPU iPhone OS 18_6_2 like Mac OS X) AppleWebKit/605.1.15 (KHTML, like Gecko) Version/18.6 Mobile/15E148 Safari/604.1",/search,https://coloradocatholicbusinessdirectory.com/,?query=Shirts&category=Health%20%26%20Wellness,Search | Colorado Catholic Business Directory,https://coloradocatholicbusinessdirectory.com/search?query=Shirts&category=Health%20%26%20Wellness,,,search,search,/search,https://coloradocatholicbusinessdirectory.com/,?query=Shirts&category=Health%20%26%20Wellness,Search | Colorado Catholic Business Directory,https://coloradocatholicbusinessdirectory.com/search?query=Shirts&category=Health%20%26%20Wellness,search,search,,,,,,,,,,,,,,,,,,,,,,,page
ajs-next-1763349152930-54aa1f98-cebb-4fc0-ada6-b25fb5945205,2025-11-17 03:12:32.930000+00:00,133faef6-a124-441b-bcd7-cf0ca8560bb3,,"Mozilla/5.0 (iPhone; CPU iPhone OS 18_6_2 like Mac OS X) AppleWebKit/605.1.15 (KHTML, like Gecko) Version/18.6 Mobile/15E148 Safari/604.1",/search,https://coloradocatholicbusinessdirectory.com/,?query=Shirts&category=Health%20%26%20Wellness,Search | Colorado Catholic Business Directory,https://coloradocatholicbusinessdirectory.com/search?query=Shirts&category=Health%20%26%20Wellness,1753374338412x209529915103450200,true,,,,,,,,,,,,,,,main_list,,,,,,,,,,,,,,,,,impression
ajs-next-1763349154785-0e043d43-a798-4dc3-a8a6-0e86d20a7079,2025-11-17 03:12:34.785000+00:00,133faef6-a124-441b-bcd7-cf0ca8560bb3,,"Mozilla/5.0 (iPhone; CPU iPhone OS 18_6_2 like Mac OS X) AppleWebKit/605.1.15 (KHTML, like Gecko) Version/18.6 Mobile/15E148 Safari/604.1",/,https://duckduckgo.com/,,Colorado Catholic Business Directory,https://coloradocatholicbusinessdirectory.com/,"1743549178851x847080663521240200, 1753374338412x209529915103450200, 1744579851707x640487742075829500, 1750436264420x989591292213482400, 1743547621069x279645472884266780, 1758312173588x895819358343598700, 1753982403438x535213824960417500, 1744335958024x226211831616957250, 1752717497153x537286585580736960",true,,,,,,,,,,,,,,,,,,,,,,,,,,,,,,,,impression
ajs-next-1763349058525-03df0654-692d-4cd0-ba45-432ff69528c2,2025-11-17 03:10:58.525000+00:00,133faef6-a124-441b-bcd7-cf0ca8560bb3,,"Mozilla/5.0 (iPhone; CPU iPhone OS 18_6_2 like Mac OS X) AppleWebKit/605.1.15 (KHTML, like Gecko) Version/18.6 Mobile/15E148 Safari/604.1",/search,https://coloradocatholicbusinessdirectory.com/,?query=&category=Health%20%26%20Wellness,Search | Colorado Catholic Business Directory,https://coloradocatholicbusinessdirectory.com/search?query=&category=Health%20%26%20Wellness,,true,,,,,,,,,,,,,,,sidebar,,,,,,,,,,,,,,,,,impression
ajs-next-1763349128077-f69528c2-09e1-453f-80d5-57c85cfcc325,2025-11-17 03:12:08.077000+00:00,133faef6-a124-441b-bcd7-cf0ca8560bb3,,"Mozilla/5.0 (iPhone; CPU iPhone OS 18_6_2 like Mac OS X) AppleWebKit/605.1.15 (KHTML, like Gecko) Version/18.6 Mobile/15E148 Safari/604.1",/search,https://coloradocatholicbusinessdirectory.com/,?query=Shirts&category=Health%20%26%20Wellness,Search | Colorado Catholic Business Directory,https://coloradocatholicbusinessdirectory.com/search?query=Shirts&category=Health%20%26%20Wellness,,true,,,,,,,,,,,,,,,sidebar,,,,,,,,,,,,,,,,,impression
ajs-next-1763349142146-80d557c8-5cfc-4325-8dcd-dcd2225f688c,2025-11-17 03:12:22.146000+00:00,133faef6-a124-441b-bcd7-cf0ca8560bb3,,"Mozilla/5.0 (iPhone; CPU iPhone OS 18_6_2 like Mac OS X) AppleWebKit/605.1.15 (KHTML, like Gecko) Version/18.6 Mobile/15E148 Safari/604.1",/search,https://coloradocatholicbusinessdirectory.com/,?query=Shirts&category=Health%20%26%20Wellness,Search | Colorado Catholic Business Directory,https://coloradocatholicbusinessdirectory.com/search?query=Shirts&category=Health%20%26%20Wellness,,,,,,,,,,,,,,,,,main_search,,,,,,,,,,,,,Clothes,,,,search
ajs-next-1763349152985-1f98cebb-0fc0-4da6-b25f-b5945205dab8,2025-11-17 03:12:32.985000+00:00,133faef6-a124-441b-bcd7-cf0ca8560bb3,,"Mozilla/5.0 (iPhone; CPU iPhone OS 18_6_2 like Mac OS X) AppleWebKit/605.1.15 (KHTML, like Gecko) Version/18.6 Mobile/15E148 Safari/604.1",/search,https://coloradocatholicbusinessdirectory.com/,?query=&category=Health%20%26%20Wellness,Search | Colorado Catholic Business Directory,https://coloradocatholicbusinessdirectory.com/search?query=&category=Health%20%26%20Wellness,,,search,search,/search,https://coloradocatholicbusinessdirectory.com/,?query=&category=Health%20%26%20Wellness,Search | Colorado Catholic Business Directory,https://coloradocatholicbusinessdirectory.com/search?query=&category=Health%20%26%20Wellness,search,search,,,,,,,,,,,,,,,,,,,,,,,page
ajs-next-1763349154317-490a0e04-3d43-4798-bdc3-28a60e86d20a,2025-11-17 03:12:34.317000+00:00,133faef6-a124-441b-bcd7-cf0ca8560bb3,,"Mozilla/5.0 (iPhone; CPU iPhone OS 18_6_2 like Mac OS X) AppleWebKit/605.1.15 (KHTML, like Gecko) Version/18.6 Mobile/15E148 Safari/604.1",/,https://duckduckgo.com/,,Colorado Catholic Business Directory,https://coloradocatholicbusinessdirectory.com/,,,index,index,/,https://duckduckgo.com/,,Colorado Catholic Business Directory,https://coloradocatholicbusinessdirectory.com/,index,index,,,,,,,,,,,,,,,,,,,,,,,page
ajs-next-1763349152624-176254aa-1f98-4ebb-8fc0-ada6b25fb594,2025-11-17 03:12:32.624000+00:00,133faef6-a124-441b-bcd7-cf0ca8560bb3,,"Mozilla/5.0 (iPhone; CPU iPhone OS 18_6_2 like Mac OS X) AppleWebKit/605.1.15 (KHTML, like Gecko) Version/18.6 Mobile/15E148 Safari/604.1",/search,https://coloradocatholicbusinessdirectory.com/,?query=Shirts&category=Health%20%26%20Wellness,Search | Colorado Catholic Business Directory,https://coloradocatholicbusinessdirectory.com/search?query=Shirts&category=Health%20%26%20Wellness,,true,,,,,,,,,,,,,,,sidebar,,,,,,,,,,,,,,,,,impression
ajs-next-1763349153690-b5945205-dab8-45eb-847b-7bb497b3026a,2025-11-17 03:12:33.690000+00:00,133faef6-a124-441b-bcd7-cf0ca8560bb3,,"Mozilla/5.0 (iPhone; CPU iPhone OS 18_6_2 like Mac OS X) AppleWebKit/605.1.15 (KHTML, like Gecko) Version/18.6 Mobile/15E148 Safari/604.1",/search,https://coloradocatholicbusinessdirectory.com/,?query=Cloth&category=,Search | Colorado Catholic Business Directory,https://coloradocatholicbusinessdirectory.com/search?query=Cloth&category=,,,search,search,/search,https://coloradocatholicbusinessdirectory.com/,?query=Cloth&category=,Search | Colorado Catholic Business Directory,https://coloradocatholicbusinessdirectory.com/search?query=Cloth&category=,search,search,,,,,,,,,,,,,,,,,,,,,,,page
ajs-next-1763349032838-59b80c00-1c97-4bfb-a67a-7be9024eba8a,2025-11-17 03:10:32.838000+00:00,133faef6-a124-441b-bcd7-cf0ca8560bb3,,"Mozilla/5.0 (iPhone; CPU iPhone OS 18_6_2 like Mac OS X) AppleWebKit/605.1.15 (KHTML, like Gecko) Version/18.6 Mobile/15E148 Safari/604.1",/search,https://coloradocatholicbusinessdirectory.com/,?query=Cloth&category=,Search | Colorado Catholic Business Directory,https://coloradocatholicbusinessdirectory.com/search?query=Cloth&category=,1762364811793x796217509980630800,false,,,,,,,,,,,,,,,,,,,,,,,,,,,,,,,,impression
ajs-next-1763349037802-1c97cbfb-667a-4be9-824e-ba8a9e626977,2025-11-17 03:10:37.802000+00:00,133faef6-a124-441b-bcd7-cf0ca8560bb3,,"Mozilla/5.0 (iPhone; CPU iPhone OS 18_6_2 like Mac OS X) AppleWebKit/605.1.15 (KHTML, like Gecko) Version/18.6 Mobile/15E148 Safari/604.1",/search,https://coloradocatholicbusinessdirectory.com/,?query=Cloth&category=,Search | Colorado Catholic Business Directory,https://coloradocatholicbusinessdirectory.com/search?query=Cloth&category=,,,,,,,,,,,,,,,,,main_search,,,,,,,,,,,,,Clothing,,,,search
ajs-next-1763349059129-692dbcd0-7a45-432f-b695-28c209e1453f,2025-11-17 03:10:59.129000+00:00,133faef6-a124-441b-bcd7-cf0ca8560bb3,,"Mozilla/5.0 (iPhone; CPU iPhone OS 18_6_2 like Mac OS X) AppleWebKit/605.1.15 (KHTML, like Gecko) Version/18.6 Mobile/15E148 Safari/604.1",/search,https://coloradocatholicbusinessdirectory.com/,?query=&category=Health%20%26%20Wellness,Search | Colorado Catholic Business Directory,https://coloradocatholicbusinessdirectory.com/search?query=&category=Health%20%26%20Wellness,"1751224250248x539537516841198200, 1746765568691x979794717919274100, 1749057953945x756346430245684600, 1744740154739x566945822952470660, 1746631267951x741803061642879500, 1744157592334x292550965261606100, 1761930377989x951815782791809400, 1747415704843x665338483592092500, 1747420152884x437771544876149700, 1745528732739x896561533370513300, 1753909381745x872991521395046100, 1761762460002x434978052003146300, 1747185390251x665604546429507900, 1762957766158x632118084948257900, 1749173974503x736079030141835600, 1746938798847x931997689495082400",false,,,,,,,,,,,,,,,,,,,,,,,,,,,,,,,,impression
ajs-next-1763349153558-ada6b25f-b594-4205-9ab8-f5eb847b7bb4,2025-11-17 03:12:33.558000+00:00,133faef6-a124-441b-bcd7-cf0ca8560bb3,,"Mozilla/5.0 (iPhone; CPU iPhone OS 18_6_2 like Mac OS X) AppleWebKit/605.1.15 (KHTML, like Gecko) Version/18.6 Mobile/15E148 Safari/604.1",/search,https://coloradocatholicbusinessdirectory.com/,?query=Clothing&category=,Search | Colorado Catholic Business Directory,https://coloradocatholicbusinessdirectory.com/search?query=Clothing&category=,,,search,search,/search,https://coloradocatholicbusinessdirectory.com/,?query=Clothing&category=,Search | Colorado Catholic Business Directory,https://coloradocatholicbusinessdirectory.com/search?query=Clothing&category=,search,search,,,,,,,,,,,,,,,,,,,,,,,page
ajs-next-1763356333701-f2945fe7-79a1-41ba-8449-68f2cdc9d13d,2025-11-17 05:12:13.701000+00:00,945fe779-a1d1-4a04-8968-f2cdc9d13d46,,"Mozilla/5.0 (iPhone; CPU iPhone OS 18_6_2 like Mac OS X) AppleWebKit/605.1.15 (KHTML, like Gecko) Version/18.6 Mobile/15E148 Safari/604.1",/business_profile/alstone-exceptional-masonry-1762889659042x996969350831174300,https://www.google.com/,,| Colorado Catholic Business Directory,https://coloradocatholicbusinessdirectory.com/business_profile/alstone-exceptional-masonry-1762889659042x996969350831174300,1762889659042x996969350831174300,,profile,business_profile,/business_profile/alstone-exceptional-masonry-1762889659042x996969350831174300,https://www.google.com/,,| Colorado Catholic Business Directory,https://coloradocatholicbusinessdirectory.com/business_profile/alstone-exceptional-masonry-1762889659042x996969350831174300,profile,business_profile,,,,,,,,,,,,,,,,,,,,,,,page
