messageId,category,anonymousId,originalTimestamp,name,userId,userAgent,page.path,page.referrer,page.search,page.title,page.url,path,referrer,search,title,url,business_id,category_properties,name_properties,location,sponsored_listing,traits,button_name,input_value,input_num,input_name,email,city,search_text,parish,address,other_category,description,display_email,business_name,main_category,phone,sub_category,website,userAgentData.brands,userAgentData.mobile,userAgentData.platform,event_type
ajs-next-1786062651659-4d68a5e5-76cc-4382-b331-5a6d1de5a2aa,profile,8b22555e-1c9c-4460-8222-18026ddf5c87,2026-08-07 00:30:51.659000+00:00,business_profile,,"Mozilla/5.0 (iPhone; CPU iPhone OS 26_5_2 like Mac OS X) AppleWebKit/605.1.15 (KHTML, like Gecko) CriOS/150.0.7871.113 Mobile/15E148 Safari/604.1",/business_profile/og-health-1771433486472x495156137805681660,https://coloradocatholicbusinessdirectory.com/,,| Colorado Catholic Business Directory,https://coloradocatholicbusinessdirectory.com/business_profile/og-health-1771433486472x495156137805681660,/business_profile/og-health-1771433486472x495156137805681660,https://coloradocatholicbusinessdirectory.com/,,| Colorado Catholic Business Directory,https://coloradocatholicbusinessdirectory.com/business_profile/og-health-1771433486472x495156137805681660,1771433486472x495156137805681660,profile,business_profile,,,,,,,,,,,,,,,,,,,,,,,,page
ajs-next-1786065038757-dfca6bbe-cb5f-413e-874a-5acd6883e50e,,5e230864-4843-4bb8-9b61-9b5675fa45db,2026-08-07 01:10:38.757000+00:00,,1786064042259x692870208226282400,"Mozilla/5.0 (iPhone; CPU iPhone OS 18_7 like Mac OS X) AppleWebKit/605.1.15 (KHTML, like Gecko) Version/26.6 Mobile/15E148 Safari/604.1",/search,https://coloradocatholicbusinessdirectory.com/,,Search | Colorado Catholic Business Directory,https://coloradocatholicbusinessdirectory.com/search,,,,,,,,,sidebar,true,,,,,,,,,,,,,,,,,,,,,,impression
ajs-next-1786062612566-b40e0339-0b71-4bd8-886e-cbb52393f887,,8b22555e-1c9c-4460-8222-18026ddf5c87,2026-08-07 00:30:12.566000+00:00,,,"Mozilla/5.0 (iPhone; CPU iPhone OS 26_5_2 like Mac OS X) AppleWebKit/605.1.15 (KHTML, like Gecko) CriOS/150.0.7871.113 Mobile/15E148 Safari/604.1",/search,https://coloradocatholicbusinessdirectory.com/,,Search | Colorado Catholic Business Directory,https://coloradocatholicbusinessdirectory.com/search,,,,,,1781830336957x808577548450478500,,,main_list,true,,,,,,,,,,,,,,,,,,,,,,impression
ajs-next-1786062635412-886ecbb5-2393-4887-9414-4d32e26bd7dc,,8b22555e-1c9c-4460-8222-18026ddf5c87,2026-08-07 00:30:35.412000+00:00,,,"Mozilla/5.0 (iPhone; CPU iPhone OS 26_5_2 like Mac OS X) AppleWebKit/605.1.15 (KHTML, like Gecko) CriOS/150.0.7871.113 Mobile/15E148 Safari/604.1",/search,https://coloradocatholicbusinessdirectory.com/,,Search | Colorado Catholic Business Directory,https://coloradocatholicbusinessdirectory.com/search,,,,,,,,,,,,map_maker,,,,,,,,,,,,,,,,,,,,button_click
ajs-next-1786064758069-eb94cec2-6854-4c6c-9acc-4bd02a3f9f0c,dashboard,5e230864-4843-4bb8-9b61-9b5675fa45db,2026-08-07 01:05:58.069000+00:00,dashboard,1786064042259x692870208226282400,"Mozilla/5.0 (iPhone; CPU iPhone OS 18_7 like Mac OS X) AppleWebKit/605.1.15 (KHTML, like Gecko) Version/26.6 Mobile/15E148 Safari/604.1",/dashboard,https://coloradocatholicbusinessdirectory.com/,?view=list,Colorado Catholic Business Directory,https://coloradocatholicbusinessdirectory.com/dashboard?view=list,/dashboard,https://coloradocatholicbusinessdirectory.com/,?view=list,Colorado Catholic Business Directory,https://coloradocatholicbusinessdirectory.com/dashboard?view=list,1786064042259x692870208226282400,dashboard,dashboard,,,,,,,,,,,,,,,,,,,,,,,,page
ajs-next-1786064873368-9c12634a-6a28-4399-89d1-7977fda5a4bf,,5e230864-4843-4bb8-9b61-9b5675fa45db,2026-08-07 01:07:53.368000+00:00,,1786064042259x692870208226282400,"Mozilla/5.0 (iPhone; CPU iPhone OS 18_7 like Mac OS X) AppleWebKit/605.1.15 (KHTML, like Gecko) Version/26.6 Mobile/15E148 Safari/604.1",/business_profile/mabel-liz-photography,https://coloradocatholicbusinessdirectory.com/,,Mabel Liz Photography | Colorado Catholic Business Directory,https://coloradocatholicbusinessdirectory.com/business_profile/mabel-liz-photography,,,,,,,,,,,"{'business_id': '1786064042259x692870208226282400', 'email': 'mabellizphotography@gmail.com', 'is_logged_in': True}",,,,,,,,,,,,,,,,,,,,,identify
ajs-next-1786062624943-3bd8886e-cbb5-4393-b887-14144d32e26b,,8b22555e-1c9c-4460-8222-18026ddf5c87,2026-08-07 00:30:24.943000+00:00,,,"Mozilla/5.0 (iPhone; CPU iPhone OS 26_5_2 like Mac OS X) AppleWebKit/605.1.15 (KHTML, like Gecko) CriOS/150.0.7871.113 Mobile/15E148 Safari/604.1",/search,https://coloradocatholicbusinessdirectory.com/,,Search | Colorado Catholic Business Directory,https://coloradocatholicbusinessdirectory.com/search,,,,,,,,,,,,map_maker,,,,,,,,,,,,,,,,,,,,button_click
ajs-next-1786065024531-67218aba-2d71-4dc8-b613-65c58be3ca12,,5e230864-4843-4bb8-9b61-9b5675fa45db,2026-08-07 01:10:24.531000+00:00,,1786064042259x692870208226282400,"Mozilla/5.0 (iPhone; CPU iPhone OS 18_7 like Mac OS X) AppleWebKit/605.1.15 (KHTML, like Gecko) Version/26.6 Mobile/15E148 Safari/604.1",/search,https://coloradocatholicbusinessdirectory.com/,?query=Gave%20fuerte&category=,Search | Colorado Catholic Business Directory,https://coloradocatholicbusinessdirectory.com/search?query=Gave%20fuerte&category=,,,,,,,,,sidebar,true,,,,,,,,,,,,,,,,,,,,,,impression
ajs-next-1786065126584-faf151f2-b3a0-4270-af9f-3ae57ca80b1e,,5e230864-4843-4bb8-9b61-9b5675fa45db,2026-08-07 01:12:06.584000+00:00,,1786064042259x692870208226282400,"Mozilla/5.0 (iPhone; CPU iPhone OS 18_7 like Mac OS X) AppleWebKit/605.1.15 (KHTML, like Gecko) Version/26.6 Mobile/15E148 Safari/604.1",/search,https://coloradocatholicbusinessdirectory.com/,?query=Photographer%20&category=,Search | Colorado Catholic Business Directory,https://coloradocatholicbusinessdirectory.com/search?query=Photographer%20&category=,,,,,,1781830336957x808577548450478500,,,main_list,true,,,,,,,,,,,,,,,,,,,,,,impression
ajs-next-1786062611959-b3b057c2-b40e-4339-8b71-3bd8886ecbb5,search,8b22555e-1c9c-4460-8222-18026ddf5c87,2026-08-07 00:30:11.959000+00:00,search,,"Mozilla/5.0 (iPhone; CPU iPhone OS 26_5_2 like Mac OS X) AppleWebKit/605.1.15 (KHTML, like Gecko) CriOS/150.0.7871.113 Mobile/15E148 Safari/604.1",/search,https://coloradocatholicbusinessdirectory.com/,,Search | Colorado Catholic Business Directory,https://coloradocatholicbusinessdirectory.com/search,/search,https://coloradocatholicbusinessdirectory.com/,,Search | Colorado Catholic Business Directory,https://coloradocatholicbusinessdirectory.com/search,,search,search,,,,,,,,,,,,,,,,,,,,,,,,page
ajs-next-1786064325564-9c6d31cf-43e9-4c84-8dce-6ed6d05e5846,,5e230864-4843-4bb8-9b61-9b5675fa45db,2026-08-07 00:58:45.564000+00:00,,1786064042259x692870208226282400,"Mozilla/5.0 (iPhone; CPU iPhone OS 18_7 like Mac OS X) AppleWebKit/605.1.15 (KHTML, like Gecko) Version/26.6 Mobile/15E148 Safari/604.1",/dashboard,https://coloradocatholicbusinessdirectory.com/,?view=list,Colorado Catholic Business Directory,https://coloradocatholicbusinessdirectory.com/dashboard?view=list,,,,,,1786064042259x692870208226282400,,,,,,,mabellizphotography.com,6,website,,,,,,,,,,,,,,,,,input_changed
ajs-next-1786064732048-955c9aa0-8b38-433c-b18e-67c2c277c5e4,,5e230864-4843-4bb8-9b61-9b5675fa45db,2026-08-07 01:05:32.048000+00:00,,1786064042259x692870208226282400,"Mozilla/5.0 (iPhone; CPU iPhone OS 18_7 like Mac OS X) AppleWebKit/605.1.15 (KHTML, like Gecko) Version/26.6 Mobile/15E148 Safari/604.1",/dashboard,https://coloradocatholicbusinessdirectory.com/,?view=list,Colorado Catholic Business Directory,https://coloradocatholicbusinessdirectory.com/dashboard?view=list,,,,,,1786064042259x692870208226282400,,,,,,faith,,,,,,,,,,,,,,,,,,,,button_click
ajs-next-1786064815912-365eb9df-6bdc-4565-993f-5f486935d7aa,,5e230864-4843-4bb8-9b61-9b5675fa45db,2026-08-07 01:06:55.912000+00:00,,1786064042259x692870208226282400,"Mozilla/5.0 (iPhone; CPU iPhone OS 18_7 like Mac OS X) AppleWebKit/605.1.15 (KHTML, like Gecko) Version/26.6 Mobile/15E148 Safari/604.1",/search,https://coloradocatholicbusinessdirectory.com/,,Search | Colorado Catholic Business Directory,https://coloradocatholicbusinessdirectory.com/search,,,,,,,,,,,,search,,,,,,,,,,,,,,,,,,,,button_click
ajs-next-1786064851927-758372f9-d44e-495d-8ecc-f159ce4ea4ed,,5e230864-4843-4bb8-9b61-9b5675fa45db,2026-08-07 01:07:31.927000+00:00,,1786064042259x692870208226282400,"Mozilla/5.0 (iPhone; CPU iPhone OS 18_7 like Mac OS X) AppleWebKit/605.1.15 (KHTML, like Gecko) Version/26.6 Mobile/15E148 Safari/604.1",/business_profile/grinnon-photography-1758568877707x715638242996164100,https://coloradocatholicbusinessdirectory.com/,,Mabel Liz Photography | Colorado Catholic Business Directory,https://coloradocatholicbusinessdirectory.com/business_profile/grinnon-photography-1758568877707x715638242996164100,,,,,,,,,,,"{'business_id': '1786064042259x692870208226282400', 'email': 'mabellizphotography@gmail.com', 'is_logged_in': True}",,,,,,,,,,,,,,,,,,,,,identify
ajs-next-1786065013786-a168b57c-1480-4132-9526-67218aba2d71,,5e230864-4843-4bb8-9b61-9b5675fa45db,2026-08-07 01:10:13.786000+00:00,,1786064042259x692870208226282400,"Mozilla/5.0 (iPhone; CPU iPhone OS 18_7 like Mac OS X) AppleWebKit/605.1.15 (KHTML, like Gecko) Version/26.6 Mobile/15E148 Safari/604.1",/search,https://coloradocatholicbusinessdirectory.com/,,Search | Colorado Catholic Business Directory,https://coloradocatholicbusinessdirectory.com/search,,,,,,1753982403438x535213824960417500,,,main_list,true,,,,,,,,,,,,,,,,,,,,,,impression
ajs-next-1786065040463-8e1a1ad0-2524-436d-8068-530f361c6b5f,,5e230864-4843-4bb8-9b61-9b5675fa45db,2026-08-07 01:10:40.463000+00:00,,1786064042259x692870208226282400,"Mozilla/5.0 (iPhone; CPU iPhone OS 18_7 like Mac OS X) AppleWebKit/605.1.15 (KHTML, like Gecko) Version/26.6 Mobile/15E148 Safari/604.1",/business_profile/mabel-liz-photography,https://coloradocatholicbusinessdirectory.com/,,Mabel Liz Photography | Colorado Catholic Business Directory,https://coloradocatholicbusinessdirectory.com/business_profile/mabel-liz-photography,,,,,,,,,,,"{'business_id': '1786064042259x692870208226282400', 'email': 'mabellizphotography@gmail.com', 'is_logged_in': True}",,,,,,,,,,,,,,,,,,,,,identify
ajs-next-1786062612872-03390b71-3bd8-486e-8bb5-2393f8871414,,8b22555e-1c9c-4460-8222-18026ddf5c87,2026-08-07 00:30:12.872000+00:00,,,"Mozilla/5.0 (iPhone; CPU iPhone OS 26_5_2 like Mac OS X) AppleWebKit/605.1.15 (KHTML, like Gecko) CriOS/150.0.7871.113 Mobile/15E148 Safari/604.1",/search,https://coloradocatholicbusinessdirectory.com/,,Search | Colorado Catholic Business Directory,https://coloradocatholicbusinessdirectory.com/search,,,,,,"1778709723276x637265650543127800, 1772482882558x843076024552954900, 1781830336957x808577548450478500, 1751425811600x127124815802215140, 1777042895042x187867473484191420, 1769719058268x843927058977011000, 1754949567759x639105313824555300, 1761930377989x951815782791809400, 1759930025997x126109694575208930, 1746467711533x453074785848415400, 1744391553368x301043576290850300, 1750785338983x949958887494882000, 1763255155587x707008769292458900, 1777321143190x321072500270616060, 1762271200864x775090106640580500, 1785541764222x907401192484364800, 1753911193017x504194995643152640, 1746938798847x931997689495082400, 1753985929691x853149258569598100, 1781791909727x427924501831676600, 1776373432940x530737443814194940, 1779223019066x495549806274790700, 1754505203290x671062062407191900, 1750436264420x989591292213482400, 1743549178851x847080663521240200, 1753982403438x535213824960417500, 1744398484109x785674167096991400, 1750783674403x491887953737125700, 1769635123521x385801932800474700, 1751402056748x637551618886434600, 1766070455303x639821695383855700, 1763672237927x725969385673238800, 1770152894907x464897480736850900, 1762889659042x996969350831174300, 1747163465846x476237095610093000, 1776360466250x658348247885801300, 1775244057768x699511577684581800, 1765991015203x350068785849064760, 1758568877707x715638242996164100, 1770755356265x111382421474427680, 1749068120323x412920063824988600, 1747185390251x665604546429507900, 1782146204142x629417106351450200, 1750784475796x702583457937545900, 1747165674437x491901038958021200, 1764711530894x480989914892320700, 1777052217878x935579896985562900, 1753909381745x872991521395046100, 1768238584049x399775147114029200, 1771545376609x752763268373144000, 1758120880051x675194275556497400, 1747170561218x640297169073643000, 1744335958024x226211831616957250, 1765001972595x338020444395840100, 1762364811793x796217509980630800, 1766011883106x917993758751800300, 1771436045389x658317953644361100, 1760458225389x690604949380638100, 1778678470875x691076180629588500, 1779371355755x238144527494011940, 1744175271939x575064790204550460, 1750784029587x963255839088365200, 1744157592334x292550965261606100, 1759423986281x805514757919405700, 1747827548541x313848517899538500, 1764342295066x618134664283571500, 1750423781412x480534435350699700, 1751319669665x621437589169731200, 1776102250538x198432379819539760, 1763148950401x545361905340972600, 1755271286521x378031808974615550, 1744743906400x631087870982087000, 1754624056001x759184470890143000, 1749173974503x736079030141835600, 1753374338412x209529915103450200, 1744751205492x235134337285239230, 1778185404695x597979725335827200, 1749057953945x756346430245684600, 1768427614253x929508274229176300, 1744760380914x558772773612561600, 1746827109704x963221719337950200, 1744736810207x919925185055488400, 1764963280733x431041418968701760, 1770943484557x164806709481949200, 1751749348389x952656707958261400, 1744282156200x727555159743162000, 1757355028996x505189727810192200, 1784643082658x121064733756065300, 1779564452798x328047204556438640, 1754081360962x724252535884739300, 1758312173588x895819358343598700, 1744907031541x119079844893356540, 1783603380895x646194509208660700, 1744260813114x505427712482621440, 1746548006831x128230088489826860, 1747864432460x772931238395911000, 1771517879190x523242735258870900, 1746631267951x741803061642879500, 1774573166178x561429420668618400, 1744643921578x315333816253624100, 1746843461447x686795565273950000, 1749742920378x965836759111504900, 1779207002005x542183775914824900, 1763569204895x378265538177280400, 1748389292320x918627677903932400, 1747398900475x598159844147748100, 1752687366861x422755081931784260, 1785246262777x370343103907722500, 1757438153395x416809556103947500, 1768426055630x579798080961828200, 1764781838221x716772635359430500, 1745533127765x291393362647413700, 1783629215270x470942340385689600, 1771433486472x495156137805681660, 1746635677548x343522492232585660, 1745528732739x896561533370513300, 1761919898226x928695665795906700, 1765399408996x262641226191956400, 1781734682517x295026001124971000, 1744397288473x909294892772270800, 1760118921086x941497076227920600, 1776210729408x448410210135887360, 1745273541628x945470626229355500, 1757369121056x350487849823425600, 1762957766158x632118084948257900, 1763408145585x201322720695875870, 1749580724532x760028975589297300, 1772982809798x739419868972941400, 1759153763139x433792388290277000, 1748365021326x105262688542451250, 1746855895334x711816173120128000, 1755621956288x571897163769246900, 1748581534531x956271769254002200, 1743547621069x279645472884266780, 1751744301621x758526182685981300, 1747420152884x437771544876149700, 1777042863057x294476376362385400, 1757720364741x595714121363069200, 1763509156539x144450665564595840, 1747184079669x994211808429350800, 1744740154739x566945822952470660, 1745597587022x519433479989605000, 1752717497153x537286585580736960, 1754084205128x675147807630683600, 1747221865162x703532834449508000, 1754927931120x470668069008822300, 1771538218470x758525499484679000, 1747415704843x665338483592092500, 1753465897836x101289632151690960, 1744134674881x127285411168640110, 1771021914207x198452557005754900, 1744748222708x779656090283929300, 1747216018889x770977089491677400, 1753135741395x558904608479141570, 1757437593796x460281345015416640, 1768581853937x610498789092930300, 1755533063776x956164571796881400, 1744319857648x144922844539837200, 1758147388607x898014240790697700, 1779898672007x583448227567234600, 1747848709032x210920410073364830, 1777405836126x277715594249416060, 1747594874125x270237571814453630, 1775058462201x523059865418210800, 1747183179554x540122160625888100, 1776360294100x840938158936498600, 1744737250347x219277345743008400, 1754941249648x796792188496967000, 1785949295783x548744299333027400, 1752182630575x854371423894944000, 1761762406893x958878656538368500, 1777921226784x512595595894430850, 1776552489781x780158200693874000, 1771003581692x955050931630977700, 1764893879099x465248075524681500, 1746765568691x979794717919274100, 1744579851707x640487742075829500, 1768844277981x664142917381285000, 1768584016102x834619843946063900, 1750783679107x801419812763124500, 1761044854709x307607562836745150, 1751224250248x539537516841198200, 1763305551668x997299018011994600, 1761762460002x434978052003146300",,,,false,,,,,,,,,,,,,,,,,,,,,,impression
ajs-next-1786064334666-31cf43e9-bc84-4dce-aed6-d05e5846525e,,5e230864-4843-4bb8-9b61-9b5675fa45db,2026-08-07 00:58:54.666000+00:00,,1786064042259x692870208226282400,"Mozilla/5.0 (iPhone; CPU iPhone OS 18_7 like Mac OS X) AppleWebKit/605.1.15 (KHTML, like Gecko) Version/26.6 Mobile/15E148 Safari/604.1",/dashboard,https://coloradocatholicbusinessdirectory.com/,?view=list,Colorado Catholic Business Directory,https://coloradocatholicbusinessdirectory.com/dashboard?view=list,,,,,,1786064042259x692870208226282400,,,,,,,Holy Name - Sheridan,7,parish,,,,,,,,,,,,,,,,,input_changed
ajs-next-1786064839950-6f4b2873-92dc-4291-873d-0ba70e0a800b,profile,5e230864-4843-4bb8-9b61-9b5675fa45db,2026-08-07 01:07:19.950000+00:00,business_profile,1786064042259x692870208226282400,"Mozilla/5.0 (iPhone; CPU iPhone OS 18_7 like Mac OS X) AppleWebKit/605.1.15 (KHTML, like Gecko) Version/26.6 Mobile/15E148 Safari/604.1",/business_profile/portraits-by-antonette-1781791909727x427924501831676600,https://coloradocatholicbusinessdirectory.com/,,Mabel Liz Photography | Colorado Catholic Business Directory,https://coloradocatholicbusinessdirectory.com/business_profile/portraits-by-antonette-1781791909727x427924501831676600,/business_profile/portraits-by-antonette-1781791909727x427924501831676600,https://coloradocatholicbusinessdirectory.com/,,Mabel Liz Photography | Colorado Catholic Business Directory,https://coloradocatholicbusinessdirectory.com/business_profile/portraits-by-antonette-1781791909727x427924501831676600,1781791909727x427924501831676600,profile,business_profile,,,,,,,,,,,,,,,,,,,,,,,,page
ajs-next-1786064851928-72f9d44e-f95d-4ecc-b159-ce4ea4ed34bc,profile,5e230864-4843-4bb8-9b61-9b5675fa45db,2026-08-07 01:07:31.928000+00:00,business_profile,1786064042259x692870208226282400,"Mozilla/5.0 (iPhone; CPU iPhone OS 18_7 like Mac OS X) AppleWebKit/605.1.15 (KHTML, like Gecko) Version/26.6 Mobile/15E148 Safari/604.1",/business_profile/grinnon-photography-1758568877707x715638242996164100,https://coloradocatholicbusinessdirectory.com/,,Mabel Liz Photography | Colorado Catholic Business Directory,https://coloradocatholicbusinessdirectory.com/business_profile/grinnon-photography-1758568877707x715638242996164100,/business_profile/grinnon-photography-1758568877707x715638242996164100,https://coloradocatholicbusinessdirectory.com/,,Mabel Liz Photography | Colorado Catholic Business Directory,https://coloradocatholicbusinessdirectory.com/business_profile/grinnon-photography-1758568877707x715638242996164100,1758568877707x715638242996164100,profile,business_profile,,,,,,,,,,,,,,,,,,,,,,,,page
ajs-next-1786065031680-8dc83613-65c5-4be3-8a12-c93965c2f19e,,5e230864-4843-4bb8-9b61-9b5675fa45db,2026-08-07 01:10:31.680000+00:00,,1786064042259x692870208226282400,"Mozilla/5.0 (iPhone; CPU iPhone OS 18_7 like Mac OS X) AppleWebKit/605.1.15 (KHTML, like Gecko) Version/26.6 Mobile/15E148 Safari/604.1",/search,https://coloradocatholicbusinessdirectory.com/,?query=Gave%20fuerte&category=,Search | Colorado Catholic Business Directory,https://coloradocatholicbusinessdirectory.com/search?query=Gave%20fuerte&category=,,,,,,,,,,,,search,,,,,,,,,,,,,,,,,,,,button_click
ajs-next-1786065120068-ab6c2513-91cf-4d2c-aaee-6595de64823b,,5e230864-4843-4bb8-9b61-9b5675fa45db,2026-08-07 01:12:00.068000+00:00,,1786064042259x692870208226282400,"Mozilla/5.0 (iPhone; CPU iPhone OS 18_7 like Mac OS X) AppleWebKit/605.1.15 (KHTML, like Gecko) Version/26.6 Mobile/15E148 Safari/604.1",/,,,Colorado Catholic Business Directory,https://coloradocatholicbusinessdirectory.com/,,,,,,"1771436045389x658317953644361100, 1744579851707x640487742075829500, 1781830336957x808577548450478500, 1744643921578x315333816253624100, 1753982403438x535213824960417500, 1752717497153x537286585580736960, 1770943484557x164806709481949200",,,,true,,,,,,,,,,,,,,,,,,,,,,impression
ajs-next-1786062612260-57c2b40e-0339-4b71-bbd8-886ecbb52393,,8b22555e-1c9c-4460-8222-18026ddf5c87,2026-08-07 00:30:12.260000+00:00,,,"Mozilla/5.0 (iPhone; CPU iPhone OS 26_5_2 like Mac OS X) AppleWebKit/605.1.15 (KHTML, like Gecko) CriOS/150.0.7871.113 Mobile/15E148 Safari/604.1",/search,https://coloradocatholicbusinessdirectory.com/,,Search | Colorado Catholic Business Directory,https://coloradocatholicbusinessdirectory.com/search,,,,,,,,,sidebar,true,,,,,,,,,,,,,,,,,,,,,,impression
ajs-next-1786064129305-27e36fb5-6206-4b44-9a51-34d493d5dc1a,profile,5e230864-4843-4bb8-9b61-9b5675fa45db,2026-08-07 00:55:29.305000+00:00,business_profile,,"Mozilla/5.0 (iPhone; CPU iPhone OS 18_7 like Mac OS X) AppleWebKit/605.1.15 (KHTML, like Gecko) Version/26.6 Mobile/15E148 Safari/604.1",/business_profile/castle-frenchies-1752687366861x422755081931784260,https://coloradocatholicbusinessdirectory.com/,,| Colorado Catholic Business Directory,https://coloradocatholicbusinessdirectory.com/business_profile/castle-frenchies-1752687366861x422755081931784260,/business_profile/castle-frenchies-1752687366861x422755081931784260,https://coloradocatholicbusinessdirectory.com/,,| Colorado Catholic Business Directory,https://coloradocatholicbusinessdirectory.com/business_profile/castle-frenchies-1752687366861x422755081931784260,1752687366861x422755081931784260,profile,business_profile,,,,,,,,,,,,,,,,,,,,,,,,page
ajs-next-1786064246542-135c98a9-459e-4702-a9cf-5f66a628962c,,5e230864-4843-4bb8-9b61-9b5675fa45db,2026-08-07 00:57:26.542000+00:00,,1786064042259x692870208226282400,"Mozilla/5.0 (iPhone; CPU iPhone OS 18_7 like Mac OS X) AppleWebKit/605.1.15 (KHTML, like Gecko) Version/26.6 Mobile/15E148 Safari/604.1",/start,https://coloradocatholicbusinessdirectory.com/,,Login,https://coloradocatholicbusinessdirectory.com/start,,,,,,,,,,,"{'business_id': '1786064042259x692870208226282400', 'email': 'mabellizphotography@gmail.com'}",,,,,,,,,,,,,,,,,,,,,identify
ajs-next-1786065125979-712351b6-faf1-41f2-b3a0-e2706f9f3ae5,search,5e230864-4843-4bb8-9b61-9b5675fa45db,2026-08-07 01:12:05.979000+00:00,search,1786064042259x692870208226282400,"Mozilla/5.0 (iPhone; CPU iPhone OS 18_7 like Mac OS X) AppleWebKit/605.1.15 (KHTML, like Gecko) Version/26.6 Mobile/15E148 Safari/604.1",/search,https://coloradocatholicbusinessdirectory.com/,?query=Photographer%20&category=,Search | Colorado Catholic Business Directory,https://coloradocatholicbusinessdirectory.com/search?query=Photographer%20&category=,/search,https://coloradocatholicbusinessdirectory.com/,?query=Photographer%20&category=,Search | Colorado Catholic Business Directory,https://coloradocatholicbusinessdirectory.com/search?query=Photographer%20&category=,,search,search,,,,,,,,,,,,,,,,,,,,,,,,page
ajs-next-1786062644030-cbb52393-f887-4414-8d32-e26bd7dc1061,,8b22555e-1c9c-4460-8222-18026ddf5c87,2026-08-07 00:30:44.030000+00:00,,,"Mozilla/5.0 (iPhone; CPU iPhone OS 26_5_2 like Mac OS X) AppleWebKit/605.1.15 (KHTML, like Gecko) CriOS/150.0.7871.113 Mobile/15E148 Safari/604.1",/search,https://coloradocatholicbusinessdirectory.com/,,Search | Colorado Catholic Business Directory,https://coloradocatholicbusinessdirectory.com/search,,,,,,,,,,,,map_maker,,,,,,,,,,,,,,,,,,,,button_click
ajs-next-1786062655576-a5e576cc-f382-4331-9a6d-1de5a2aa2d12,,8b22555e-1c9c-4460-8222-18026ddf5c87,2026-08-07 00:30:55.576000+00:00,,,"Mozilla/5.0 (iPhone; CPU iPhone OS 26_5_2 like Mac OS X) AppleWebKit/605.1.15 (KHTML, like Gecko) CriOS/150.0.7871.113 Mobile/15E148 Safari/604.1",/business_profile/og-health-1771433486472x495156137805681660,https://coloradocatholicbusinessdirectory.com/,,| Colorado Catholic Business Directory,https://coloradocatholicbusinessdirectory.com/business_profile/og-health-1771433486472x495156137805681660,,,,,,1771433486472x495156137805681660,,,,,,visit_website,,,,,,,,,,,,,,,,,,,,button_click
ajs-next-1786062587338-555e1c9c-4460-4222-9802-6ddf5c874cce,,8b22555e-1c9c-4460-8222-18026ddf5c87,2026-08-07 00:29:47.338000+00:00,,,"Mozilla/5.0 (iPhone; CPU iPhone OS 26_5_2 like Mac OS X) AppleWebKit/605.1.15 (KHTML, like Gecko) CriOS/150.0.7871.113 Mobile/15E148 Safari/604.1",/,,,Colorado Catholic Business Directory,https://coloradocatholicbusinessdirectory.com/,,,,,,"1770943484557x164806709481949200, 1744643921578x315333816253624100, 1753982403438x535213824960417500, 1744579851707x640487742075829500, 1781830336957x808577548450478500, 1752717497153x537286585580736960, 1771436045389x658317953644361100",,,,true,,,,,,,,,,,,,,,,,,,,,,impression
ajs-next-1786064044128-48433bb8-db61-4b56-b5fa-45dbef328397,,5e230864-4843-4bb8-9b61-9b5675fa45db,2026-08-07 00:54:04.128000+00:00,,,"Mozilla/5.0 (iPhone; CPU iPhone OS 18_7 like Mac OS X) AppleWebKit/605.1.15 (KHTML, like Gecko) Version/26.6 Mobile/15E148 Safari/604.1",/,,,Colorado Catholic Business Directory,https://coloradocatholicbusinessdirectory.com/,,,,,,"1771436045389x658317953644361100, 1770943484557x164806709481949200, 1752717497153x537286585580736960, 1781830336957x808577548450478500, 1744643921578x315333816253624100, 1753982403438x535213824960417500, 1744579851707x640487742075829500",,,,true,,,,,,,,,,,,,,,,,,,,,,impression
ajs-next-1786064810372-4782a77d-4dce-465e-b9df-6bdc1565593f,,5e230864-4843-4bb8-9b61-9b5675fa45db,2026-08-07 01:06:50.372000+00:00,,1786064042259x692870208226282400,"Mozilla/5.0 (iPhone; CPU iPhone OS 18_7 like Mac OS X) AppleWebKit/605.1.15 (KHTML, like Gecko) Version/26.6 Mobile/15E148 Safari/604.1",/search,https://coloradocatholicbusinessdirectory.com/,,Search | Colorado Catholic Business Directory,https://coloradocatholicbusinessdirectory.com/search,,,,,,,,,sidebar,true,,,,,,,,,,,,,,,,,,,,,,impression
ajs-next-1786062587327-818b2255-5e1c-4c44-a042-2218026ddf5c,index,8b22555e-1c9c-4460-8222-18026ddf5c87,2026-08-07 00:29:47.327000+00:00,index,,"Mozilla/5.0 (iPhone; CPU iPhone OS 26_5_2 like Mac OS X) AppleWebKit/605.1.15 (KHTML, like Gecko) CriOS/150.0.7871.113 Mobile/15E148 Safari/604.1",/,,,Colorado Catholic Business Directory,https://coloradocatholicbusinessdirectory.com/,/,,,Colorado Catholic Business Directory,https://coloradocatholicbusinessdirectory.com/,,index,index,,,,,,,,,,,,,,,,,,,,,,,,page
ajs-next-1786064786517-7c83b734-be51-42f0-b5b0-1d252f5f8ca4,,5e230864-4843-4bb8-9b61-9b5675fa45db,2026-08-07 01:06:26.517000+00:00,,1786064042259x692870208226282400,"Mozilla/5.0 (iPhone; CPU iPhone OS 18_7 like Mac OS X) AppleWebKit/605.1.15 (KHTML, like Gecko) Version/26.6 Mobile/15E148 Safari/604.1",/business_profile/mabel-liz-photography,https://coloradocatholicbusinessdirectory.com/,,Mabel Liz Photography | Colorado Catholic Business Directory,https://coloradocatholicbusinessdirectory.com/business_profile/mabel-liz-photography,,,,,,,,,,,"{'business_id': '1786064042259x692870208226282400', 'email': 'mabellizphotography@gmail.com', 'is_logged_in': True}",,,,,,,,,,,,,,,,,,,,,identify
ajs-next-1786065038453-f19e9c93-dfca-4bbe-8b5f-213e874a5acd,search,5e230864-4843-4bb8-9b61-9b5675fa45db,2026-08-07 01:10:38.453000+00:00,search,1786064042259x692870208226282400,"Mozilla/5.0 (iPhone; CPU iPhone OS 18_7 like Mac OS X) AppleWebKit/605.1.15 (KHTML, like Gecko) Version/26.6 Mobile/15E148 Safari/604.1",/search,https://coloradocatholicbusinessdirectory.com/,,Search | Colorado Catholic Business Directory,https://coloradocatholicbusinessdirectory.com/search,/search,https://coloradocatholicbusinessdirectory.com/,,Search | Colorado Catholic Business Directory,https://coloradocatholicbusinessdirectory.com/search,,search,search,,,,,,,,,,,,,,,,,,,,,,,,page
ajs-next-1786065047099-c402ab50-b3ee-4773-9a06-ba6d41293437,dashboard,5e230864-4843-4bb8-9b61-9b5675fa45db,2026-08-07 01:10:47.099000+00:00,dashboard,1786064042259x692870208226282400,"Mozilla/5.0 (iPhone; CPU iPhone OS 18_7 like Mac OS X) AppleWebKit/605.1.15 (KHTML, like Gecko) Version/26.6 Mobile/15E148 Safari/604.1",/dashboard,https://coloradocatholicbusinessdirectory.com/,?view=list,Colorado Catholic Business Directory,https://coloradocatholicbusinessdirectory.com/dashboard?view=list,/dashboard,https://coloradocatholicbusinessdirectory.com/,?view=list,Colorado Catholic Business Directory,https://coloradocatholicbusinessdirectory.com/dashboard?view=list,1786064042259x692870208226282400,dashboard,dashboard,,,,,,,,,,,,,,,,,,,,,,,,page
ajs-next-1786062587631-1c9c4460-4222-4802-addf-5c874cceaa29,,8b22555e-1c9c-4460-8222-18026ddf5c87,2026-08-07 00:29:47.631000+00:00,,,"Mozilla/5.0 (iPhone; CPU iPhone OS 26_5_2 like Mac OS X) AppleWebKit/605.1.15 (KHTML, like Gecko) CriOS/150.0.7871.113 Mobile/15E148 Safari/604.1",/,,,Colorado Catholic Business Directory,https://coloradocatholicbusinessdirectory.com/,,,,,,"1770943484557x164806709481949200, 1744643921578x315333816253624100, 1753982403438x535213824960417500, 1744579851707x640487742075829500, 1781830336957x808577548450478500, 1752717497153x537286585580736960, 1771436045389x658317953644361100",,,,true,,,,,,,,,,,,,,,,,,,,,,impression
ajs-next-1786064043828-08644843-3bb8-4b61-9b56-75fa45dbef32,,5e230864-4843-4bb8-9b61-9b5675fa45db,2026-08-07 00:54:03.828000+00:00,,,"Mozilla/5.0 (iPhone; CPU iPhone OS 18_7 like Mac OS X) AppleWebKit/605.1.15 (KHTML, like Gecko) Version/26.6 Mobile/15E148 Safari/604.1",/,,,Colorado Catholic Business Directory,https://coloradocatholicbusinessdirectory.com/,,,,,,"1771436045389x658317953644361100, 1770943484557x164806709481949200, 1752717497153x537286585580736960, 1781830336957x808577548450478500, 1744643921578x315333816253624100, 1753982403438x535213824960417500, 1744579851707x640487742075829500",,,,true,,,,,,,,,,,,,,,,,,,,,,impression
ajs-next-1786064785075-dacc4bd0-2a3f-4f0c-8785-a54a9e871aa3,,5e230864-4843-4bb8-9b61-9b5675fa45db,2026-08-07 01:06:25.075000+00:00,,1786064042259x692870208226282400,"Mozilla/5.0 (iPhone; CPU iPhone OS 18_7 like Mac OS X) AppleWebKit/605.1.15 (KHTML, like Gecko) Version/26.6 Mobile/15E148 Safari/604.1",/dashboard,https://coloradocatholicbusinessdirectory.com/,?view=list,Colorado Catholic Business Directory,https://coloradocatholicbusinessdirectory.com/dashboard?view=list,,,,,,1786064042259x692870208226282400,,,,,,faith,,,,,,,,,,,,,,,,,,,,button_click
ajs-next-1786064816554-6bdc1565-593f-4f48-a935-d7aaf7232027,search,5e230864-4843-4bb8-9b61-9b5675fa45db,2026-08-07 01:06:56.553000+00:00,search,1786064042259x692870208226282400,"Mozilla/5.0 (iPhone; CPU iPhone OS 18_7 like Mac OS X) AppleWebKit/605.1.15 (KHTML, like Gecko) Version/26.6 Mobile/15E148 Safari/604.1",/search,https://coloradocatholicbusinessdirectory.com/,?query=Photographer&category=,Search | Colorado Catholic Business Directory,https://coloradocatholicbusinessdirectory.com/search?query=Photographer&category=,/search,https://coloradocatholicbusinessdirectory.com/,?query=Photographer&category=,Search | Colorado Catholic Business Directory,https://coloradocatholicbusinessdirectory.com/search?query=Photographer&category=,,search,search,,,,,,,,,,,,,,,,,,,,,,,,page
ajs-next-1786064849284-b95d030b-2ce8-49d6-9bb7-11398e348a40,search,5e230864-4843-4bb8-9b61-9b5675fa45db,2026-08-07 01:07:29.284000+00:00,search,1786064042259x692870208226282400,"Mozilla/5.0 (iPhone; CPU iPhone OS 18_7 like Mac OS X) AppleWebKit/605.1.15 (KHTML, like Gecko) Version/26.6 Mobile/15E148 Safari/604.1",/search,https://coloradocatholicbusinessdirectory.com/,?query=Photographer&category=,Search | Colorado Catholic Business Directory,https://coloradocatholicbusinessdirectory.com/search?query=Photographer&category=,/search,https://coloradocatholicbusinessdirectory.com/,?query=Photographer&category=,Search | Colorado Catholic Business Directory,https://coloradocatholicbusinessdirectory.com/search?query=Photographer&category=,,search,search,,,,,,,,,,,,,,,,,,,,,,,,page
ajs-next-1786064877990-6a28f399-89d1-4977-bda5-a4bfcd3e5d48,,5e230864-4843-4bb8-9b61-9b5675fa45db,2026-08-07 01:07:57.990000+00:00,,1786064042259x692870208226282400,"Mozilla/5.0 (iPhone; CPU iPhone OS 18_7 like Mac OS X) AppleWebKit/605.1.15 (KHTML, like Gecko) Version/26.6 Mobile/15E148 Safari/604.1",/business_profile/mabel-liz-photography,https://coloradocatholicbusinessdirectory.com/,,Mabel Liz Photography | Colorado Catholic Business Directory,https://coloradocatholicbusinessdirectory.com/business_profile/mabel-liz-photography,,,,,,1786064042259x692870208226282400,,,,,,visit_website,,,,,,,,,,,,,,,,,,,,button_click
ajs-next-1786065039374-874a5acd-6883-450e-b363-1033f2a34312,,5e230864-4843-4bb8-9b61-9b5675fa45db,2026-08-07 01:10:39.373000+00:00,,1786064042259x692870208226282400,"Mozilla/5.0 (iPhone; CPU iPhone OS 18_7 like Mac OS X) AppleWebKit/605.1.15 (KHTML, like Gecko) Version/26.6 Mobile/15E148 Safari/604.1",/search,https://coloradocatholicbusinessdirectory.com/,,Search | Colorado Catholic Business Directory,https://coloradocatholicbusinessdirectory.com/search,,,,,,"1758120880051x675194275556497400, 1744740154739x566945822952470660, 1757720364741x595714121363069200, 1746635677548x343522492232585660, 1755271286521x378031808974615550, 1768238584049x399775147114029200, 1776102250538x198432379819539760, 1747864432460x772931238395911000, 1754081360962x724252535884739300, 1774573166178x561429420668618400, 1752717497153x537286585580736960, 1777042895042x187867473484191420, 1751224250248x539537516841198200, 1748581534531x956271769254002200, 1753982403438x535213824960417500, 1770755356265x111382421474427680, 1745597587022x519433479989605000, 1762889659042x996969350831174300, 1762271200864x775090106640580500, 1752687366861x422755081931784260, 1747170561218x640297169073643000, 1763305551668x997299018011994600, 1744398484109x785674167096991400, 1762957766158x632118084948257900, 1744907031541x119079844893356540, 1754505203290x671062062407191900, 1759423986281x805514757919405700, 1768584016102x834619843946063900, 1746631267951x741803061642879500, 1768427614253x929508274229176300, 1747420152884x437771544876149700, 1749580724532x760028975589297300, 1744737250347x219277345743008400, 1747848709032x210920410073364830, 1745528732739x896561533370513300, 1747594874125x270237571814453630, 1758312173588x895819358343598700, 1764893879099x465248075524681500, 1786064042259x692870208226282400, 1744579851707x640487742075829500, 1766011883106x917993758751800300, 1765001972595x338020444395840100, 1759930025997x126109694575208930, 1761919898226x928695665795906700, 1778709723276x637265650543127800, 1743547621069x279645472884266780, 1753465897836x101289632151690960, 1785541764222x907401192484364800, 1744319857648x144922844539837200, 1751425811600x127124815802215140, 1757355028996x505189727810192200, 1777321143190x321072500270616060, 1750783679107x801419812763124500, 1744282156200x727555159743162000, 1752182630575x854371423894944000, 1749068120323x412920063824988600, 1779371355755x238144527494011940, 1750784029587x963255839088365200, 1764963280733x431041418968701760, 1782146204142x629417106351450200, 1757437593796x460281345015416640, 1785246262777x370343103907722500, 1763408145585x201322720695875870, 1781830336957x808577548450478500, 1749173974503x736079030141835600, 1777042863057x294476376362385400, 1746827109704x963221719337950200, 1748389292320x918627677903932400, 1751319669665x621437589169731200, 1772982809798x739419868972941400, 1776210729408x448410210135887360, 1769719058268x843927058977011000, 1753911193017x504194995643152640, 1771538218470x758525499484679000, 1778678470875x691076180629588500, 1761762460002x434978052003146300, 1747163465846x476237095610093000, 1771021914207x198452557005754900, 1770943484557x164806709481949200, 1754927931120x470668069008822300, 1768581853937x610498789092930300, 1747398900475x598159844147748100, 1744743906400x631087870982087000, 1763672237927x725969385673238800, 1744643921578x315333816253624100, 1781734682517x295026001124971000, 1753985929691x853149258569598100, 1765399408996x262641226191956400, 1771545376609x752763268373144000, 1747221865162x703532834449508000, 1747216018889x770977089491677400, 1779223019066x495549806274790700, 1781791909727x427924501831676600, 1764781838221x716772635359430500, 1763569204895x378265538177280400, 1744175271939x575064790204550460, 1755533063776x956164571796881400, 1746765568691x979794717919274100, 1744260813114x505427712482621440, 1762364811793x796217509980630800, 1753909381745x872991521395046100, 1744736810207x919925185055488400, 1763148950401x545361905340972600, 1750423781412x480534435350699700, 1746467711533x453074785848415400, 1749742920378x965836759111504900, 1750436264420x989591292213482400, 1766070455303x639821695383855700, 1776360294100x840938158936498600, 1750784475796x702583457937545900, 1747184079669x994211808429350800, 1754084205128x675147807630683600, 1748365021326x105262688542451250, 1771433486472x495156137805681660, 1779898672007x583448227567234600, 1779564452798x328047204556438640, 1757369121056x350487849823425600, 1744760380914x558772773612561600, 1744157592334x292550965261606100, 1759153763139x433792388290277000, 1755621956288x571897163769246900, 1764342295066x618134664283571500, 1753135741395x558904608479141570, 1765991015203x350068785849064760, 1777052217878x935579896985562900, 1747183179554x540122160625888100, 1768844277981x664142917381285000, 1745533127765x291393362647413700, 1750783674403x491887953737125700, 1770152894907x464897480736850900, 1747827548541x313848517899538500, 1754949567759x639105313824555300, 1771517879190x523242735258870900, 1761930377989x951815782791809400, 1761044854709x307607562836745150, 1775058462201x523059865418210800, 1783603380895x646194509208660700, 1776373432940x530737443814194940, 1754624056001x759184470890143000, 1750785338983x949958887494882000, 1768426055630x579798080961828200, 1747415704843x665338483592092500, 1751744301621x758526182685981300, 1772482882558x843076024552954900, 1751749348389x952656707958261400, 1743549178851x847080663521240200, 1749057953945x756346430245684600, 1778185404695x597979725335827200, 1779207002005x542183775914824900, 1753374338412x209529915103450200, 1763255155587x707008769292458900, 1776360466250x658348247885801300, 1771003581692x955050931630977700, 1757438153395x416809556103947500, 1744134674881x127285411168640110, 1775244057768x699511577684581800, 1763509156539x144450665564595840, 1744335958024x226211831616957250, 1758147388607x898014240790697700, 1785949295783x548744299333027400, 1744397288473x909294892772270800, 1764711530894x480989914892320700, 1776552489781x780158200693874000, 1758568877707x715638242996164100, 1771436045389x658317953644361100, 1760118921086x941497076227920600, 1746938798847x931997689495082400, 1747165674437x491901038958021200, 1746548006831x128230088489826860, 1751402056748x637551618886434600, 1754941249648x796792188496967000, 1745273541628x945470626229355500, 1744751205492x235134337285239230, 1784643082658x121064733756065300, 1746843461447x686795565273950000, 1760458225389x690604949380638100, 1777405836126x277715594249416060, 1744748222708x779656090283929300, 1747185390251x665604546429507900, 1744391553368x301043576290850300, 1769635123521x385801932800474700, 1761762406893x958878656538368500, 1746855895334x711816173120128000, 1783629215270x470942340385689600, 1777921226784x512595595894430850",,,,false,,,,,,,,,,,,,,,,,,,,,,impression
ajs-next-1786065126282-51b6faf1-51f2-43a0-a270-6f9f3ae57ca8,,5e230864-4843-4bb8-9b61-9b5675fa45db,2026-08-07 01:12:06.282000+00:00,,1786064042259x692870208226282400,"Mozilla/5.0 (iPhone; CPU iPhone OS 18_7 like Mac OS X) AppleWebKit/605.1.15 (KHTML, like Gecko) Version/26.6 Mobile/15E148 Safari/604.1",/search,https://coloradocatholicbusinessdirectory.com/,?query=Photographer%20&category=,Search | Colorado Catholic Business Directory,https://coloradocatholicbusinessdirectory.com/search?query=Photographer%20&category=,,,,,,,,,sidebar,true,,,,,,,,,,,,,,,,,,,,,,impression
ajs-next-1786062618121-0b713bd8-886e-4bb5-a393-f88714144d32,,8b22555e-1c9c-4460-8222-18026ddf5c87,2026-08-07 00:30:18.121000+00:00,,,"Mozilla/5.0 (iPhone; CPU iPhone OS 26_5_2 like Mac OS X) AppleWebKit/605.1.15 (KHTML, like Gecko) CriOS/150.0.7871.113 Mobile/15E148 Safari/604.1",/search,https://coloradocatholicbusinessdirectory.com/,,Search | Colorado Catholic Business Directory,https://coloradocatholicbusinessdirectory.com/search,,,,,,,,,,,,map_maker,,,,,,,,,,,,,,,,,,,,button_click
ajs-next-1786064345882-43e9bc84-4dce-4ed6-905e-5846525e955c,,5e230864-4843-4bb8-9b61-9b5675fa45db,2026-08-07 00:59:05.882000+00:00,,1786064042259x692870208226282400,"Mozilla/5.0 (iPhone; CPU iPhone OS 18_7 like Mac OS X) AppleWebKit/605.1.15 (KHTML, like Gecko) Version/26.6 Mobile/15E148 Safari/604.1",/dashboard,https://coloradocatholicbusinessdirectory.com/,?view=list,Colorado Catholic Business Directory,https://coloradocatholicbusinessdirectory.com/dashboard?view=list,,,,,,1786064042259x692870208226282400,,,,,,,Other,8,main_category,,,,,,,,,,,,,,,,,input_changed
ajs-next-1786064057369-d3fddf73-78ed-4988-bebe-29a60109a615,,5e230864-4843-4bb8-9b61-9b5675fa45db,2026-08-07 00:54:17.369000+00:00,,,"Mozilla/5.0 (iPhone; CPU iPhone OS 18_7 like Mac OS X) AppleWebKit/605.1.15 (KHTML, like Gecko) Version/26.6 Mobile/15E148 Safari/604.1",/search,https://coloradocatholicbusinessdirectory.com/,,Search | Colorado Catholic Business Directory,https://coloradocatholicbusinessdirectory.com/search,,,,,,"1749742920378x965836759111504900, 1747827548541x313848517899538500, 1757438153395x416809556103947500, 1754505203290x671062062407191900, 1759153763139x433792388290277000, 1770152894907x464897480736850900, 1779371355755x238144527494011940, 1779564452798x328047204556438640, 1785541764222x907401192484364800, 1753374338412x209529915103450200, 1762957766158x632118084948257900, 1744579851707x640487742075829500, 1750436264420x989591292213482400, 1764893879099x465248075524681500, 1747170561218x640297169073643000, 1747420152884x437771544876149700, 1762889659042x996969350831174300, 1746635677548x343522492232585660, 1749057953945x756346430245684600, 1747221865162x703532834449508000, 1778709723276x637265650543127800, 1768238584049x399775147114029200, 1785949295783x548744299333027400, 1768426055630x579798080961828200, 1744157592334x292550965261606100, 1764342295066x618134664283571500, 1768584016102x834619843946063900, 1748365021326x105262688542451250, 1747216018889x770977089491677400, 1746855895334x711816173120128000, 1757720364741x595714121363069200, 1743547621069x279645472884266780, 1746765568691x979794717919274100, 1758147388607x898014240790697700, 1753135741395x558904608479141570, 1754084205128x675147807630683600, 1744282156200x727555159743162000, 1747185390251x665604546429507900, 1768844277981x664142917381285000, 1753982403438x535213824960417500, 1766011883106x917993758751800300, 1763305551668x997299018011994600, 1760458225389x690604949380638100, 1744260813114x505427712482621440, 1746843461447x686795565273950000, 1757437593796x460281345015416640, 1777052217878x935579896985562900, 1754624056001x759184470890143000, 1774573166178x561429420668618400, 1752717497153x537286585580736960, 1744397288473x909294892772270800, 1753909381745x872991521395046100, 1752182630575x854371423894944000, 1778678470875x691076180629588500, 1760118921086x941497076227920600, 1771538218470x758525499484679000, 1762364811793x796217509980630800, 1764711530894x480989914892320700, 1764781838221x716772635359430500, 1771021914207x198452557005754900, 1771003581692x955050931630977700, 1777405836126x277715594249416060, 1779223019066x495549806274790700, 1754081360962x724252535884739300, 1750785338983x949958887494882000, 1763672237927x725969385673238800, 1749580724532x760028975589297300, 1770755356265x111382421474427680, 1763569204895x378265538177280400, 1761044854709x307607562836745150, 1761762406893x958878656538368500, 1744175271939x575064790204550460, 1754949567759x639105313824555300, 1758312173588x895819358343598700, 1770943484557x164806709481949200, 1771433486472x495156137805681660, 1764963280733x431041418968701760, 1753985929691x853149258569598100, 1761930377989x951815782791809400, 1777921226784x512595595894430850, 1752687366861x422755081931784260, 1766070455303x639821695383855700, 1776552489781x780158200693874000, 1775244057768x699511577684581800, 1747415704843x665338483592092500, 1757355028996x505189727810192200, 1744760380914x558772773612561600, 1755621956288x571897163769246900, 1755271286521x378031808974615550, 1744134674881x127285411168640110, 1772982809798x739419868972941400, 1776360294100x840938158936498600, 1771545376609x752763268373144000, 1751744301621x758526182685981300, 1744740154739x566945822952470660, 1777042863057x294476376362385400, 1744335958024x226211831616957250, 1759423986281x805514757919405700, 1753911193017x504194995643152640, 1754941249648x796792188496967000, 1745533127765x291393362647413700, 1781791909727x427924501831676600, 1754927931120x470668069008822300, 1751749348389x952656707958261400, 1759930025997x126109694575208930, 1776373432940x530737443814194940, 1744319857648x144922844539837200, 1744398484109x785674167096991400, 1745528732739x896561533370513300, 1763509156539x144450665564595840, 1761919898226x928695665795906700, 1785246262777x370343103907722500, 1753465897836x101289632151690960, 1763408145585x201322720695875870, 1751402056748x637551618886434600, 1744737250347x219277345743008400, 1751224250248x539537516841198200, 1771517879190x523242735258870900, 1747165674437x491901038958021200, 1768427614253x929508274229176300, 1772482882558x843076024552954900, 1747398900475x598159844147748100, 1744748222708x779656090283929300, 1765991015203x350068785849064760, 1763255155587x707008769292458900, 1748389292320x918627677903932400, 1784643082658x121064733756065300, 1755533063776x956164571796881400, 1763148950401x545361905340972600, 1747184079669x994211808429350800, 1745597587022x519433479989605000, 1769719058268x843927058977011000, 1776102250538x198432379819539760, 1758120880051x675194275556497400, 1744907031541x119079844893356540, 1746467711533x453074785848415400, 1744751205492x235134337285239230, 1745273541628x945470626229355500, 1765399408996x262641226191956400, 1747163465846x476237095610093000, 1776360466250x658348247885801300, 1746938798847x931997689495082400, 1747848709032x210920410073364830, 1750783679107x801419812763124500, 1744743906400x631087870982087000, 1777042895042x187867473484191420, 1781830336957x808577548450478500, 1750784029587x963255839088365200, 1751319669665x621437589169731200, 1777321143190x321072500270616060, 1781734682517x295026001124971000, 1779898672007x583448227567234600, 1746548006831x128230088489826860, 1750783674403x491887953737125700, 1779207002005x542183775914824900, 1749173974503x736079030141835600, 1782146204142x629417106351450200, 1744736810207x919925185055488400, 1747594874125x270237571814453630, 1747183179554x540122160625888100, 1751425811600x127124815802215140, 1762271200864x775090106640580500, 1783603380895x646194509208660700, 1778185404695x597979725335827200, 1775058462201x523059865418210800, 1771436045389x658317953644361100, 1765001972595x338020444395840100, 1746827109704x963221719337950200, 1744391553368x301043576290850300, 1750423781412x480534435350699700, 1783629215270x470942340385689600, 1769635123521x385801932800474700, 1757369121056x350487849823425600, 1746631267951x741803061642879500, 1768581853937x610498789092930300, 1761762460002x434978052003146300, 1758568877707x715638242996164100, 1748581534531x956271769254002200, 1744643921578x315333816253624100, 1747864432460x772931238395911000, 1776210729408x448410210135887360, 1743549178851x847080663521240200, 1749068120323x412920063824988600, 1750784475796x702583457937545900",,,,false,,,,,,,,,,,,,,,,,,,,,,impression
ajs-next-1786065042631-02589486-4004-4acc-bb69-2eed45fbb106,,5e230864-4843-4bb8-9b61-9b5675fa45db,2026-08-07 01:10:42.631000+00:00,,1786064042259x692870208226282400,"Mozilla/5.0 (iPhone; CPU iPhone OS 18_7 like Mac OS X) AppleWebKit/605.1.15 (KHTML, like Gecko) Version/26.6 Mobile/15E148 Safari/604.1",/search,https://coloradocatholicbusinessdirectory.com/,?query=Photographer&category=,Search | Colorado Catholic Business Directory,https://coloradocatholicbusinessdirectory.com/search?query=Photographer&category=,,,,,,1781830336957x808577548450478500,,,main_list,true,,,,,,,,,,,,,,,,,,,,,,impression
ajs-next-1786064043824-745e2308-6448-433b-b8db-619b5675fa45,index,5e230864-4843-4bb8-9b61-9b5675fa45db,2026-08-07 00:54:03.824000+00:00,index,,"Mozilla/5.0 (iPhone; CPU iPhone OS 18_7 like Mac OS X) AppleWebKit/605.1.15 (KHTML, like Gecko) Version/26.6 Mobile/15E148 Safari/604.1",/,,,Colorado Catholic Business Directory,https://coloradocatholicbusinessdirectory.com/,/,,,Colorado Catholic Business Directory,https://coloradocatholicbusinessdirectory.com/,,index,index,,,,,,,,,,,,,,,,,,,,,,,,page
ajs-next-1786064869508-d4e1cd3b-327c-48b5-93ea-a5b4b27a9dec,,5e230864-4843-4bb8-9b61-9b5675fa45db,2026-08-07 01:07:49.508000+00:00,,1786064042259x692870208226282400,"Mozilla/5.0 (iPhone; CPU iPhone OS 18_7 like Mac OS X) AppleWebKit/605.1.15 (KHTML, like Gecko) Version/26.6 Mobile/15E148 Safari/604.1",/search,https://coloradocatholicbusinessdirectory.com/,?query=Photographer&category=,Search | Colorado Catholic Business Directory,https://coloradocatholicbusinessdirectory.com/search?query=Photographer&category=,,,,,,,,,,,"{'business_id': '1786064042259x692870208226282400', 'email': 'mabellizphotography@gmail.com', 'is_logged_in': True}",,,,,,,,,,,,,,,,,,,,,identify
ajs-next-1786064869812-327cd8b5-53ea-45b4-b27a-9dec8a08d812,,5e230864-4843-4bb8-9b61-9b5675fa45db,2026-08-07 01:07:49.812000+00:00,,1786064042259x692870208226282400,"Mozilla/5.0 (iPhone; CPU iPhone OS 18_7 like Mac OS X) AppleWebKit/605.1.15 (KHTML, like Gecko) Version/26.6 Mobile/15E148 Safari/604.1",/search,https://coloradocatholicbusinessdirectory.com/,?query=Photographer&category=,Search | Colorado Catholic Business Directory,https://coloradocatholicbusinessdirectory.com/search?query=Photographer&category=,,,,,,,,,sidebar,true,,,,,,,,,,,,,,,,,,,,,,impression
ajs-next-1786065119633-6303ab6c-2513-41cf-bd2c-aaee6595de64,index,5e230864-4843-4bb8-9b61-9b5675fa45db,2026-08-07 01:11:59.633000+00:00,index,1786064042259x692870208226282400,"Mozilla/5.0 (iPhone; CPU iPhone OS 18_7 like Mac OS X) AppleWebKit/605.1.15 (KHTML, like Gecko) Version/26.6 Mobile/15E148 Safari/604.1",/,,,Colorado Catholic Business Directory,https://coloradocatholicbusinessdirectory.com/,/,,,Colorado Catholic Business Directory,https://coloradocatholicbusinessdirectory.com/,,index,index,,,,,,,,,,,,,,,,,,,,,,,,page
ajs-next-1786064056393-23388776-4589-43fd-9f73-78ed79887ebe,search,5e230864-4843-4bb8-9b61-9b5675fa45db,2026-08-07 00:54:16.393000+00:00,search,,"Mozilla/5.0 (iPhone; CPU iPhone OS 18_7 like Mac OS X) AppleWebKit/605.1.15 (KHTML, like Gecko) Version/26.6 Mobile/15E148 Safari/604.1",/search,https://coloradocatholicbusinessdirectory.com/,,Search | Colorado Catholic Business Directory,https://coloradocatholicbusinessdirectory.com/search,/search,https://coloradocatholicbusinessdirectory.com/,,Search | Colorado Catholic Business Directory,https://coloradocatholicbusinessdirectory.com/search,,search,search,,,,,,,,,,,,,,,,,,,,,,,,page
ajs-next-1786064140899-f6dc896d-3fe2-4ad9-8efd-2cbce0a468ed,,5e230864-4843-4bb8-9b61-9b5675fa45db,2026-08-07 00:55:40.899000+00:00,,,"Mozilla/5.0 (iPhone; CPU iPhone OS 18_7 like Mac OS X) AppleWebKit/605.1.15 (KHTML, like Gecko) Version/26.6 Mobile/15E148 Safari/604.1",/search,https://coloradocatholicbusinessdirectory.com/,,Search | Colorado Catholic Business Directory,https://coloradocatholicbusinessdirectory.com/search,,,,,,,,,sidebar,true,,,,,,,,,,,,,,,,,,,,,,impression
ajs-next-1786064810984-4dce365e-b9df-4bdc-9565-593f5f486935,,5e230864-4843-4bb8-9b61-9b5675fa45db,2026-08-07 01:06:50.984000+00:00,,1786064042259x692870208226282400,"Mozilla/5.0 (iPhone; CPU iPhone OS 18_7 like Mac OS X) AppleWebKit/605.1.15 (KHTML, like Gecko) Version/26.6 Mobile/15E148 Safari/604.1",/search,https://coloradocatholicbusinessdirectory.com/,,Search | Colorado Catholic Business Directory,https://coloradocatholicbusinessdirectory.com/search,,,,,,"1747594874125x270237571814453630, 1777042895042x187867473484191420, 1744907031541x119079844893356540, 1743547621069x279645472884266780, 1751402056748x637551618886434600, 1746631267951x741803061642879500, 1763305551668x997299018011994600, 1747184079669x994211808429350800, 1777405836126x277715594249416060, 1762271200864x775090106640580500, 1775058462201x523059865418210800, 1744736810207x919925185055488400, 1747170561218x640297169073643000, 1763148950401x545361905340972600, 1744643921578x315333816253624100, 1746855895334x711816173120128000, 1747415704843x665338483592092500, 1771436045389x658317953644361100, 1749068120323x412920063824988600, 1751425811600x127124815802215140, 1758312173588x895819358343598700, 1744397288473x909294892772270800, 1744748222708x779656090283929300, 1750436264420x989591292213482400, 1747183179554x540122160625888100, 1750423781412x480534435350699700, 1768844277981x664142917381285000, 1751224250248x539537516841198200, 1758568877707x715638242996164100, 1781830336957x808577548450478500, 1764893879099x465248075524681500, 1763569204895x378265538177280400, 1779223019066x495549806274790700, 1763509156539x144450665564595840, 1753909381745x872991521395046100, 1744737250347x219277345743008400, 1758120880051x675194275556497400, 1757369121056x350487849823425600, 1768584016102x834619843946063900, 1766011883106x917993758751800300, 1744175271939x575064790204550460, 1748389292320x918627677903932400, 1749580724532x760028975589297300, 1754084205128x675147807630683600, 1768426055630x579798080961828200, 1779898672007x583448227567234600, 1744579851707x640487742075829500, 1744398484109x785674167096991400, 1749057953945x756346430245684600, 1747221865162x703532834449508000, 1753465897836x101289632151690960, 1750783679107x801419812763124500, 1768581853937x610498789092930300, 1760118921086x941497076227920600, 1764781838221x716772635359430500, 1757720364741x595714121363069200, 1779371355755x238144527494011940, 1745597587022x519433479989605000, 1768238584049x399775147114029200, 1770943484557x164806709481949200, 1770152894907x464897480736850900, 1749173974503x736079030141835600, 1744134674881x127285411168640110, 1784643082658x121064733756065300, 1778185404695x597979725335827200, 1781791909727x427924501831676600, 1752687366861x422755081931784260, 1755533063776x956164571796881400, 1772982809798x739419868972941400, 1765991015203x350068785849064760, 1760458225389x690604949380638100, 1752182630575x854371423894944000, 1771545376609x752763268373144000, 1777321143190x321072500270616060, 1779564452798x328047204556438640, 1757355028996x505189727810192200, 1747163465846x476237095610093000, 1776360466250x658348247885801300, 1747827548541x313848517899538500, 1762957766158x632118084948257900, 1759423986281x805514757919405700, 1770755356265x111382421474427680, 1746467711533x453074785848415400, 1753911193017x504194995643152640, 1746548006831x128230088489826860, 1783629215270x470942340385689600, 1747420152884x437771544876149700, 1747864432460x772931238395911000, 1763672237927x725969385673238800, 1761762406893x958878656538368500, 1745528732739x896561533370513300, 1750784475796x702583457937545900, 1771021914207x198452557005754900, 1751319669665x621437589169731200, 1769719058268x843927058977011000, 1761762460002x434978052003146300, 1776360294100x840938158936498600, 1744282156200x727555159743162000, 1754927931120x470668069008822300, 1761044854709x307607562836745150, 1777921226784x512595595894430850, 1747185390251x665604546429507900, 1754081360962x724252535884739300, 1772482882558x843076024552954900, 1744319857648x144922844539837200, 1781734682517x295026001124971000, 1746765568691x979794717919274100, 1744157592334x292550965261606100, 1762889659042x996969350831174300, 1754505203290x671062062407191900, 1785541764222x907401192484364800, 1775244057768x699511577684581800, 1764711530894x480989914892320700, 1778678470875x691076180629588500, 1776373432940x530737443814194940, 1744740154739x566945822952470660, 1744743906400x631087870982087000, 1757437593796x460281345015416640, 1786064042259x692870208226282400, 1746635677548x343522492232585660, 1744260813114x505427712482621440, 1785949295783x548744299333027400, 1776210729408x448410210135887360, 1771433486472x495156137805681660, 1776552489781x780158200693874000, 1777042863057x294476376362385400, 1759153763139x433792388290277000, 1752717497153x537286585580736960, 1745533127765x291393362647413700, 1762364811793x796217509980630800, 1771538218470x758525499484679000, 1744760380914x558772773612561600, 1754949567759x639105313824555300, 1753982403438x535213824960417500, 1761930377989x951815782791809400, 1751744301621x758526182685981300, 1782146204142x629417106351450200, 1753985929691x853149258569598100, 1755271286521x378031808974615550, 1748365021326x105262688542451250, 1758147388607x898014240790697700, 1754624056001x759184470890143000, 1765399408996x262641226191956400, 1750784029587x963255839088365200, 1743549178851x847080663521240200, 1785246262777x370343103907722500, 1747216018889x770977089491677400, 1776102250538x198432379819539760, 1745273541628x945470626229355500, 1754941249648x796792188496967000, 1777052217878x935579896985562900, 1774573166178x561429420668618400, 1763408145585x201322720695875870, 1764342295066x618134664283571500, 1746843461447x686795565273950000, 1766070455303x639821695383855700, 1747165674437x491901038958021200, 1771003581692x955050931630977700, 1750785338983x949958887494882000, 1744391553368x301043576290850300, 1757438153395x416809556103947500, 1759930025997x126109694575208930, 1769635123521x385801932800474700, 1768427614253x929508274229176300, 1779207002005x542183775914824900, 1748581534531x956271769254002200, 1749742920378x965836759111504900, 1747398900475x598159844147748100, 1764963280733x431041418968701760, 1751749348389x952656707958261400, 1746827109704x963221719337950200, 1753135741395x558904608479141570, 1744335958024x226211831616957250, 1765001972595x338020444395840100, 1778709723276x637265650543127800, 1747848709032x210920410073364830, 1755621956288x571897163769246900, 1771517879190x523242735258870900, 1783603380895x646194509208660700, 1753374338412x209529915103450200, 1750783674403x491887953737125700, 1761919898226x928695665795906700, 1744751205492x235134337285239230, 1763255155587x707008769292458900, 1746938798847x931997689495082400",,,,false,,,,,,,,,,,,,,,,,,,,,,impression
ajs-next-1786064853674-d44ef95d-cecc-4159-8e4e-a4ed34bcdca6,,5e230864-4843-4bb8-9b61-9b5675fa45db,2026-08-07 01:07:33.674000+00:00,,1786064042259x692870208226282400,"Mozilla/5.0 (iPhone; CPU iPhone OS 18_7 like Mac OS X) AppleWebKit/605.1.15 (KHTML, like Gecko) Version/26.6 Mobile/15E148 Safari/604.1",/business_profile/grinnon-photography-1758568877707x715638242996164100,https://coloradocatholicbusinessdirectory.com/,,Mabel Liz Photography | Colorado Catholic Business Directory,https://coloradocatholicbusinessdirectory.com/business_profile/grinnon-photography-1758568877707x715638242996164100,,,,,,1758568877707x715638242996164100,,,,,,visit_website,,,,,,,,,,,,,,,,,,,,button_click
ajs-next-1786064056760-87764589-d3fd-4f73-b8ed-79887ebe29a6,,5e230864-4843-4bb8-9b61-9b5675fa45db,2026-08-07 00:54:16.760000+00:00,,,"Mozilla/5.0 (iPhone; CPU iPhone OS 18_7 like Mac OS X) AppleWebKit/605.1.15 (KHTML, like Gecko) Version/26.6 Mobile/15E148 Safari/604.1",/search,https://coloradocatholicbusinessdirectory.com/,,Search | Colorado Catholic Business Directory,https://coloradocatholicbusinessdirectory.com/search,,,,,,,,,sidebar,true,,,,,,,,,,,,,,,,,,,,,,impression
ajs-next-1786064245288-56e0135c-98a9-459e-a702-69cf5f66a628,,5e230864-4843-4bb8-9b61-9b5675fa45db,2026-08-07 00:57:25.288000+00:00,,,"Mozilla/5.0 (iPhone; CPU iPhone OS 18_7 like Mac OS X) AppleWebKit/605.1.15 (KHTML, like Gecko) Version/26.6 Mobile/15E148 Safari/604.1",/start,https://coloradocatholicbusinessdirectory.com/,,Login,https://coloradocatholicbusinessdirectory.com/start,,,,,,,,,,,,sign_up,,,,mabellizphotography@gmail.com,,,,,,,,,,,,,,,,button_click
ajs-next-1786064766452-cec26854-8c6c-4acc-8bd0-2a3f9f0c0785,,5e230864-4843-4bb8-9b61-9b5675fa45db,2026-08-07 01:06:06.452000+00:00,,1786064042259x692870208226282400,"Mozilla/5.0 (iPhone; CPU iPhone OS 18_7 like Mac OS X) AppleWebKit/605.1.15 (KHTML, like Gecko) Version/26.6 Mobile/15E148 Safari/604.1",/dashboard,https://coloradocatholicbusinessdirectory.com/,?view=list,Colorado Catholic Business Directory,https://coloradocatholicbusinessdirectory.com/dashboard?view=list,,,,,,1786064042259x692870208226282400,,,,,,,"Littleton, CO, USA",3,address,,,,,,,,,,,,,,,,,input_changed
ajs-next-1786064786518-b734be51-a2f0-45b0-9d25-2f5f8ca41a9e,profile,5e230864-4843-4bb8-9b61-9b5675fa45db,2026-08-07 01:06:26.518000+00:00,business_profile,1786064042259x692870208226282400,"Mozilla/5.0 (iPhone; CPU iPhone OS 18_7 like Mac OS X) AppleWebKit/605.1.15 (KHTML, like Gecko) Version/26.6 Mobile/15E148 Safari/604.1",/business_profile/mabel-liz-photography,https://coloradocatholicbusinessdirectory.com/,,Mabel Liz Photography | Colorado Catholic Business Directory,https://coloradocatholicbusinessdirectory.com/business_profile/mabel-liz-photography,/business_profile/mabel-liz-photography,https://coloradocatholicbusinessdirectory.com/,,Mabel Liz Photography | Colorado Catholic Business Directory,https://coloradocatholicbusinessdirectory.com/business_profile/mabel-liz-photography,1786064042259x692870208226282400,profile,business_profile,,,,,,,,,,,,,,,,,,,,,,,,page
ajs-next-1786064816219-b9df6bdc-1565-493f-9f48-6935d7aaf723,,5e230864-4843-4bb8-9b61-9b5675fa45db,2026-08-07 01:06:56.219000+00:00,,1786064042259x692870208226282400,"Mozilla/5.0 (iPhone; CPU iPhone OS 18_7 like Mac OS X) AppleWebKit/605.1.15 (KHTML, like Gecko) Version/26.6 Mobile/15E148 Safari/604.1",/search,https://coloradocatholicbusinessdirectory.com/,,Search | Colorado Catholic Business Directory,https://coloradocatholicbusinessdirectory.com/search,,,,,,,,,main_search,,,,,,,,,Photographer,,,,,,,,,,,,,,search
ajs-next-1786065024834-8aba2d71-8dc8-4613-a5c5-8be3ca12c939,,5e230864-4843-4bb8-9b61-9b5675fa45db,2026-08-07 01:10:24.834000+00:00,,1786064042259x692870208226282400,"Mozilla/5.0 (iPhone; CPU iPhone OS 18_7 like Mac OS X) AppleWebKit/605.1.15 (KHTML, like Gecko) Version/26.6 Mobile/15E148 Safari/604.1",/search,https://coloradocatholicbusinessdirectory.com/,?query=Gave%20fuerte&category=,Search | Colorado Catholic Business Directory,https://coloradocatholicbusinessdirectory.com/search?query=Gave%20fuerte&category=,,,,,,1753982403438x535213824960417500,,,main_list,true,,,,,,,,,,,,,,,,,,,,,,impression
ajs-next-1786064057063-4589d3fd-df73-48ed-b988-7ebe29a60109,,5e230864-4843-4bb8-9b61-9b5675fa45db,2026-08-07 00:54:17.063000+00:00,,,"Mozilla/5.0 (iPhone; CPU iPhone OS 18_7 like Mac OS X) AppleWebKit/605.1.15 (KHTML, like Gecko) Version/26.6 Mobile/15E148 Safari/604.1",/search,https://coloradocatholicbusinessdirectory.com/,,Search | Colorado Catholic Business Directory,https://coloradocatholicbusinessdirectory.com/search,,,,,,1781830336957x808577548450478500,,,main_list,true,,,,,,,,,,,,,,,,,,,,,,impression
ajs-next-1786064839207-6935d7aa-f723-4027-a46f-eb06f05cae7b,,5e230864-4843-4bb8-9b61-9b5675fa45db,2026-08-07 01:07:19.207000+00:00,,1786064042259x692870208226282400,"Mozilla/5.0 (iPhone; CPU iPhone OS 18_7 like Mac OS X) AppleWebKit/605.1.15 (KHTML, like Gecko) Version/26.6 Mobile/15E148 Safari/604.1",/search,https://coloradocatholicbusinessdirectory.com/,?query=Photographer&category=,Search | Colorado Catholic Business Directory,https://coloradocatholicbusinessdirectory.com/search?query=Photographer&category=,,,,,,1781791909727x427924501831676600,,,,false,,more_info_text,,,,,,,,,,,,,,,,,,,,button_click
ajs-next-1786065119631-d5966303-ab6c-4513-91cf-fd2caaee6595,,5e230864-4843-4bb8-9b61-9b5675fa45db,2026-08-07 01:11:59.631000+00:00,,1786064042259x692870208226282400,"Mozilla/5.0 (iPhone; CPU iPhone OS 18_7 like Mac OS X) AppleWebKit/605.1.15 (KHTML, like Gecko) Version/26.6 Mobile/15E148 Safari/604.1",/,,,Colorado Catholic Business Directory,https://coloradocatholicbusinessdirectory.com/,,,,,,,,,,,"{'business_id': '1786064042259x692870208226282400', 'email': 'mabellizphotography@gmail.com', 'is_logged_in': True}",,,,,,,,,,,,,,,,,,,,,identify
ajs-next-1786064141515-3fe2fad9-cefd-4cbc-a0a4-68eda917b037,,5e230864-4843-4bb8-9b61-9b5675fa45db,2026-08-07 00:55:41.515000+00:00,,,"Mozilla/5.0 (iPhone; CPU iPhone OS 18_7 like Mac OS X) AppleWebKit/605.1.15 (KHTML, like Gecko) Version/26.6 Mobile/15E148 Safari/604.1",/search,https://coloradocatholicbusinessdirectory.com/,,Search | Colorado Catholic Business Directory,https://coloradocatholicbusinessdirectory.com/search,,,,,,"1761762460002x434978052003146300, 1748365021326x105262688542451250, 1769635123521x385801932800474700, 1747184079669x994211808429350800, 1747415704843x665338483592092500, 1755271286521x378031808974615550, 1771517879190x523242735258870900, 1747221865162x703532834449508000, 1776210729408x448410210135887360, 1754505203290x671062062407191900, 1771003581692x955050931630977700, 1758147388607x898014240790697700, 1775244057768x699511577684581800, 1777321143190x321072500270616060, 1776102250538x198432379819539760, 1777921226784x512595595894430850, 1760118921086x941497076227920600, 1753911193017x504194995643152640, 1751319669665x621437589169731200, 1772982809798x739419868972941400, 1761044854709x307607562836745150, 1774573166178x561429420668618400, 1746467711533x453074785848415400, 1747398900475x598159844147748100, 1746938798847x931997689495082400, 1749173974503x736079030141835600, 1744319857648x144922844539837200, 1749580724532x760028975589297300, 1764781838221x716772635359430500, 1766070455303x639821695383855700, 1778678470875x691076180629588500, 1782146204142x629417106351450200, 1777042863057x294476376362385400, 1748389292320x918627677903932400, 1763305551668x997299018011994600, 1768584016102x834619843946063900, 1757355028996x505189727810192200, 1744579851707x640487742075829500, 1746631267951x741803061642879500, 1744907031541x119079844893356540, 1750784475796x702583457937545900, 1764711530894x480989914892320700, 1757437593796x460281345015416640, 1781734682517x295026001124971000, 1753909381745x872991521395046100, 1755533063776x956164571796881400, 1751744301621x758526182685981300, 1763408145585x201322720695875870, 1758120880051x675194275556497400, 1759153763139x433792388290277000, 1745273541628x945470626229355500, 1771538218470x758525499484679000, 1768427614253x929508274229176300, 1752182630575x854371423894944000, 1781830336957x808577548450478500, 1744282156200x727555159743162000, 1776360466250x658348247885801300, 1744260813114x505427712482621440, 1747165674437x491901038958021200, 1770152894907x464897480736850900, 1765991015203x350068785849064760, 1779207002005x542183775914824900, 1753135741395x558904608479141570, 1776373432940x530737443814194940, 1762957766158x632118084948257900, 1757369121056x350487849823425600, 1768238584049x399775147114029200, 1785541764222x907401192484364800, 1762889659042x996969350831174300, 1747185390251x665604546429507900, 1744737250347x219277345743008400, 1743549178851x847080663521240200, 1760458225389x690604949380638100, 1771436045389x658317953644361100, 1784643082658x121064733756065300, 1754084205128x675147807630683600, 1779223019066x495549806274790700, 1754949567759x639105313824555300, 1762364811793x796217509980630800, 1750784029587x963255839088365200, 1783603380895x646194509208660700, 1768844277981x664142917381285000, 1751402056748x637551618886434600, 1759930025997x126109694575208930, 1771021914207x198452557005754900, 1751749348389x952656707958261400, 1746548006831x128230088489826860, 1758312173588x895819358343598700, 1755621956288x571897163769246900, 1750783674403x491887953737125700, 1747594874125x270237571814453630, 1751425811600x127124815802215140, 1763569204895x378265538177280400, 1754624056001x759184470890143000, 1743547621069x279645472884266780, 1779371355755x238144527494011940, 1776360294100x840938158936498600, 1761919898226x928695665795906700, 1744751205492x235134337285239230, 1744740154739x566945822952470660, 1746843461447x686795565273950000, 1765001972595x338020444395840100, 1747216018889x770977089491677400, 1759423986281x805514757919405700, 1746635677548x343522492232585660, 1779564452798x328047204556438640, 1747183179554x540122160625888100, 1749068120323x412920063824988600, 1747163465846x476237095610093000, 1744335958024x226211831616957250, 1764893879099x465248075524681500, 1771545376609x752763268373144000, 1744643921578x315333816253624100, 1778709723276x637265650543127800, 1751224250248x539537516841198200, 1746827109704x963221719337950200, 1753985929691x853149258569598100, 1746855895334x711816173120128000, 1747864432460x772931238395911000, 1766011883106x917993758751800300, 1777042895042x187867473484191420, 1752687366861x422755081931784260, 1750783679107x801419812763124500, 1769719058268x843927058977011000, 1744391553368x301043576290850300, 1744398484109x785674167096991400, 1761930377989x951815782791809400, 1747170561218x640297169073643000, 1785949295783x548744299333027400, 1754941249648x796792188496967000, 1744397288473x909294892772270800, 1744175271939x575064790204550460, 1745597587022x519433479989605000, 1752717497153x537286585580736960, 1744743906400x631087870982087000, 1763255155587x707008769292458900, 1744748222708x779656090283929300, 1744134674881x127285411168640110, 1764342295066x618134664283571500, 1776552489781x780158200693874000, 1772482882558x843076024552954900, 1768426055630x579798080961828200, 1777052217878x935579896985562900, 1779898672007x583448227567234600, 1781791909727x427924501831676600, 1750423781412x480534435350699700, 1749057953945x756346430245684600, 1754927931120x470668069008822300, 1745528732739x896561533370513300, 1745533127765x291393362647413700, 1785246262777x370343103907722500, 1754081360962x724252535884739300, 1762271200864x775090106640580500, 1758568877707x715638242996164100, 1750785338983x949958887494882000, 1777405836126x277715594249416060, 1747827548541x313848517899538500, 1757720364741x595714121363069200, 1783629215270x470942340385689600, 1763148950401x545361905340972600, 1775058462201x523059865418210800, 1744760380914x558772773612561600, 1749742920378x965836759111504900, 1748581534531x956271769254002200, 1744736810207x919925185055488400, 1761762406893x958878656538368500, 1753982403438x535213824960417500, 1764963280733x431041418968701760, 1770755356265x111382421474427680, 1747420152884x437771544876149700, 1747848709032x210920410073364830, 1765399408996x262641226191956400, 1763672237927x725969385673238800, 1750436264420x989591292213482400, 1770943484557x164806709481949200, 1753465897836x101289632151690960, 1778185404695x597979725335827200, 1768581853937x610498789092930300, 1771433486472x495156137805681660, 1753374338412x209529915103450200, 1744157592334x292550965261606100, 1746765568691x979794717919274100, 1757438153395x416809556103947500, 1763509156539x144450665564595840",,,,false,,,,,,,,,,,,,,,,,,,,,,impression
ajs-next-1786065143562-36b79962-6ee6-4033-8343-25a7afa0b6e9,,5e230864-4843-4bb8-9b61-9b5675fa45db,2026-08-07 01:12:23.562000+00:00,,1786064042259x692870208226282400,"Mozilla/5.0 (iPhone; CPU iPhone OS 18_7 like Mac OS X) AppleWebKit/605.1.15 (KHTML, like Gecko) Version/26.6 Mobile/15E148 Safari/604.1",/,,,Colorado Catholic Business Directory,https://coloradocatholicbusinessdirectory.com/,,,,,,,,,,,"{'business_id': '1786064042259x692870208226282400', 'email': 'mabellizphotography@gmail.com', 'is_logged_in': True}",,,,,,,,,,,,,,,,,,,,,identify
ajs-next-1786064379282-4dce6ed6-d05e-4846-925e-955c9aa08b38,,5e230864-4843-4bb8-9b61-9b5675fa45db,2026-08-07 00:59:39.282000+00:00,,1786064042259x692870208226282400,"Mozilla/5.0 (iPhone; CPU iPhone OS 18_7 like Mac OS X) AppleWebKit/605.1.15 (KHTML, like Gecko) Version/26.6 Mobile/15E148 Safari/604.1",/dashboard,https://coloradocatholicbusinessdirectory.com/,?view=list,Colorado Catholic Business Directory,https://coloradocatholicbusinessdirectory.com/dashboard?view=list,,,,,,1786064042259x692870208226282400,,,,,,,,10,email_checkbox,,,,,,,,,,,,,,,,,input_changed
ajs-next-1786065126889-51f2b3a0-e270-4f9f-bae5-7ca80b1e01ed,,5e230864-4843-4bb8-9b61-9b5675fa45db,2026-08-07 01:12:06.889000+00:00,,1786064042259x692870208226282400,"Mozilla/5.0 (iPhone; CPU iPhone OS 18_7 like Mac OS X) AppleWebKit/605.1.15 (KHTML, like Gecko) Version/26.6 Mobile/15E148 Safari/604.1",/search,https://coloradocatholicbusinessdirectory.com/,?query=Photographer%20&category=,Search | Colorado Catholic Business Directory,https://coloradocatholicbusinessdirectory.com/search?query=Photographer%20&category=,,,,,,"1786064042259x692870208226282400, 1758568877707x715638242996164100, 1781791909727x427924501831676600",,,,false,,,,,,,,,,,,,,,,,,,,,,impression
ajs-next-1786064313628-57719c6d-31cf-43e9-bc84-4dce6ed6d05e,,5e230864-4843-4bb8-9b61-9b5675fa45db,2026-08-07 00:58:33.628000+00:00,,1786064042259x692870208226282400,"Mozilla/5.0 (iPhone; CPU iPhone OS 18_7 like Mac OS X) AppleWebKit/605.1.15 (KHTML, like Gecko) Version/26.6 Mobile/15E148 Safari/604.1",/dashboard,https://coloradocatholicbusinessdirectory.com/,?view=list,Colorado Catholic Business Directory,https://coloradocatholicbusinessdirectory.com/dashboard?view=list,,,,,,1786064042259x692870208226282400,,,,,,,720-765-1703,5,phone,,,,,,,,,,,,,,,,,input_changed
ajs-next-1786064872384-a5b4b27a-9dec-4a08-9812-86785c913592,,5e230864-4843-4bb8-9b61-9b5675fa45db,2026-08-07 01:07:52.384000+00:00,,1786064042259x692870208226282400,"Mozilla/5.0 (iPhone; CPU iPhone OS 18_7 like Mac OS X) AppleWebKit/605.1.15 (KHTML, like Gecko) Version/26.6 Mobile/15E148 Safari/604.1",/search,https://coloradocatholicbusinessdirectory.com/,?query=Photographer&category=,Search | Colorado Catholic Business Directory,https://coloradocatholicbusinessdirectory.com/search?query=Photographer&category=,,,,,,1786064042259x692870208226282400,,,,false,,more_info_text,,,,,,,,,,,,,,,,,,,,button_click
ajs-next-1786064141204-896d3fe2-fad9-4efd-acbc-e0a468eda917,,5e230864-4843-4bb8-9b61-9b5675fa45db,2026-08-07 00:55:41.204000+00:00,,,"Mozilla/5.0 (iPhone; CPU iPhone OS 18_7 like Mac OS X) AppleWebKit/605.1.15 (KHTML, like Gecko) Version/26.6 Mobile/15E148 Safari/604.1",/search,https://coloradocatholicbusinessdirectory.com/,,Search | Colorado Catholic Business Directory,https://coloradocatholicbusinessdirectory.com/search,,,,,,1752717497153x537286585580736960,,,main_list,true,,,,,,,,,,,,,,,,,,,,,,impression
ajs-next-1786065040464-1ad02524-f36d-4068-930f-361c6b5fb4aa,profile,5e230864-4843-4bb8-9b61-9b5675fa45db,2026-08-07 01:10:40.464000+00:00,business_profile,1786064042259x692870208226282400,"Mozilla/5.0 (iPhone; CPU iPhone OS 18_7 like Mac OS X) AppleWebKit/605.1.15 (KHTML, like Gecko) Version/26.6 Mobile/15E148 Safari/604.1",/business_profile/mabel-liz-photography,https://coloradocatholicbusinessdirectory.com/,,Mabel Liz Photography | Colorado Catholic Business Directory,https://coloradocatholicbusinessdirectory.com/business_profile/mabel-liz-photography,/business_profile/mabel-liz-photography,https://coloradocatholicbusinessdirectory.com/,,Mabel Liz Photography | Colorado Catholic Business Directory,https://coloradocatholicbusinessdirectory.com/business_profile/mabel-liz-photography,1786064042259x692870208226282400,profile,business_profile,,,,,,,,,,,,,,,,,,,,,,,,page
ajs-next-1786065124746-91cffd2c-aaee-4595-9e64-823b8cc0473a,,5e230864-4843-4bb8-9b61-9b5675fa45db,2026-08-07 01:12:04.746000+00:00,,1786064042259x692870208226282400,"Mozilla/5.0 (iPhone; CPU iPhone OS 18_7 like Mac OS X) AppleWebKit/605.1.15 (KHTML, like Gecko) Version/26.6 Mobile/15E148 Safari/604.1",/,,,Colorado Catholic Business Directory,https://coloradocatholicbusinessdirectory.com/,,,,,,,,,,,,,,,,,,Photographer ,,,,,,,,,,,,,,search
ajs-next-1786064140513-5cb3f6dc-896d-4fe2-bad9-cefd2cbce0a4,search,5e230864-4843-4bb8-9b61-9b5675fa45db,2026-08-07 00:55:40.513000+00:00,search,,"Mozilla/5.0 (iPhone; CPU iPhone OS 18_7 like Mac OS X) AppleWebKit/605.1.15 (KHTML, like Gecko) Version/26.6 Mobile/15E148 Safari/604.1",/search,https://coloradocatholicbusinessdirectory.com/,,Search | Colorado Catholic Business Directory,https://coloradocatholicbusinessdirectory.com/search,/search,https://coloradocatholicbusinessdirectory.com/,,Search | Colorado Catholic Business Directory,https://coloradocatholicbusinessdirectory.com/search,,search,search,,,,,,,,,,,,,,,,,,,,,,,,page
ajs-next-1786064849914-2ce899d6-9bb7-4139-8e34-8a406e34abb0,,5e230864-4843-4bb8-9b61-9b5675fa45db,2026-08-07 01:07:29.914000+00:00,,1786064042259x692870208226282400,"Mozilla/5.0 (iPhone; CPU iPhone OS 18_7 like Mac OS X) AppleWebKit/605.1.15 (KHTML, like Gecko) Version/26.6 Mobile/15E148 Safari/604.1",/search,https://coloradocatholicbusinessdirectory.com/,?query=Photographer&category=,Search | Colorado Catholic Business Directory,https://coloradocatholicbusinessdirectory.com/search?query=Photographer&category=,,,,,,1744579851707x640487742075829500,,,main_list,true,,,,,,,,,,,,,,,,,,,,,,impression
ajs-next-1786065038805-6bbecb5f-213e-474a-9acd-6883e50ef363,,5e230864-4843-4bb8-9b61-9b5675fa45db,2026-08-07 01:10:38.805000+00:00,,1786064042259x692870208226282400,"Mozilla/5.0 (iPhone; CPU iPhone OS 18_7 like Mac OS X) AppleWebKit/605.1.15 (KHTML, like Gecko) Version/26.6 Mobile/15E148 Safari/604.1",/search,https://coloradocatholicbusinessdirectory.com/,,Search | Colorado Catholic Business Directory,https://coloradocatholicbusinessdirectory.com/search,,,,,,1753982403438x535213824960417500,,,main_list,true,,,,,,,,,,,,,,,,,,,,,,impression
ajs-next-1786065038171-65c2f19e-9c93-4fca-abbe-cb5f213e874a,search,5e230864-4843-4bb8-9b61-9b5675fa45db,2026-08-07 01:10:38.171000+00:00,search,1786064042259x692870208226282400,"Mozilla/5.0 (iPhone; CPU iPhone OS 18_7 like Mac OS X) AppleWebKit/605.1.15 (KHTML, like Gecko) Version/26.6 Mobile/15E148 Safari/604.1",/search,https://coloradocatholicbusinessdirectory.com/,?query=Gave%20fuerte&category=,Search | Colorado Catholic Business Directory,https://coloradocatholicbusinessdirectory.com/search?query=Gave%20fuerte&category=,/search,https://coloradocatholicbusinessdirectory.com/,?query=Gave%20fuerte&category=,Search | Colorado Catholic Business Directory,https://coloradocatholicbusinessdirectory.com/search?query=Gave%20fuerte&category=,,search,search,,,,,,,,,,,,,,,,,,,,,,,,page
ajs-next-1786064128161-df7378ed-7988-4ebe-a9a6-0109a61550e3,,5e230864-4843-4bb8-9b61-9b5675fa45db,2026-08-07 00:55:28.161000+00:00,,,"Mozilla/5.0 (iPhone; CPU iPhone OS 18_7 like Mac OS X) AppleWebKit/605.1.15 (KHTML, like Gecko) Version/26.6 Mobile/15E148 Safari/604.1",/search,https://coloradocatholicbusinessdirectory.com/,,Search | Colorado Catholic Business Directory,https://coloradocatholicbusinessdirectory.com/search,,,,,,1752687366861x422755081931784260,,,,false,,more_info_text,,,,,,,,,,,,,,,,,,,,button_click
ajs-next-1786064229175-c3fd56e0-135c-48a9-859e-e70269cf5f66,start,5e230864-4843-4bb8-9b61-9b5675fa45db,2026-08-07 00:57:09.175000+00:00,start,,"Mozilla/5.0 (iPhone; CPU iPhone OS 18_7 like Mac OS X) AppleWebKit/605.1.15 (KHTML, like Gecko) Version/26.6 Mobile/15E148 Safari/604.1",/start,https://coloradocatholicbusinessdirectory.com/,,Login,https://coloradocatholicbusinessdirectory.com/start,/start,https://coloradocatholicbusinessdirectory.com/,,Login,https://coloradocatholicbusinessdirectory.com/start,,start,start,,,,,,,,,,,,,,,,,,,,,,,,page
ajs-next-1786064247457-98a9459e-e702-49cf-9f66-a628962cfc45,,5e230864-4843-4bb8-9b61-9b5675fa45db,2026-08-07 00:57:27.457000+00:00,,1786064042259x692870208226282400,"Mozilla/5.0 (iPhone; CPU iPhone OS 18_7 like Mac OS X) AppleWebKit/605.1.15 (KHTML, like Gecko) Version/26.6 Mobile/15E148 Safari/604.1",/start,https://coloradocatholicbusinessdirectory.com/,,Login,https://coloradocatholicbusinessdirectory.com/start,,,,,,,,,,,,sign_up,,,,mabellizphotography@gmail.com,,,,,,,,,,,,,,,,button_click
ajs-next-1786064870452-53eaa5b4-b27a-4dec-8a08-d81286785c91,,5e230864-4843-4bb8-9b61-9b5675fa45db,2026-08-07 01:07:50.452000+00:00,,1786064042259x692870208226282400,"Mozilla/5.0 (iPhone; CPU iPhone OS 18_7 like Mac OS X) AppleWebKit/605.1.15 (KHTML, like Gecko) Version/26.6 Mobile/15E148 Safari/604.1",/search,https://coloradocatholicbusinessdirectory.com/,?query=Photographer&category=,Search | Colorado Catholic Business Directory,https://coloradocatholicbusinessdirectory.com/search?query=Photographer&category=,,,,,,"1781791909727x427924501831676600, 1758568877707x715638242996164100, 1786064042259x692870208226282400",,,,false,,,,,,,,,,,,,,,,,,,,,,impression
ajs-next-1786065023603-1480f132-d526-4721-8aba-2d718dc83613,,5e230864-4843-4bb8-9b61-9b5675fa45db,2026-08-07 01:10:23.603000+00:00,,1786064042259x692870208226282400,"Mozilla/5.0 (iPhone; CPU iPhone OS 18_7 like Mac OS X) AppleWebKit/605.1.15 (KHTML, like Gecko) Version/26.6 Mobile/15E148 Safari/604.1",/search,https://coloradocatholicbusinessdirectory.com/,,Search | Colorado Catholic Business Directory,https://coloradocatholicbusinessdirectory.com/search,,,,,,,,,,,,search,,,,,,,,,,,,,,,,,,,,button_click
ajs-next-1786064248369-775bb99f-5771-4c6d-b1cf-43e9bc844dce,,5e230864-4843-4bb8-9b61-9b5675fa45db,2026-08-07 00:57:28.369000+00:00,,1786064042259x692870208226282400,"Mozilla/5.0 (iPhone; CPU iPhone OS 18_7 like Mac OS X) AppleWebKit/605.1.15 (KHTML, like Gecko) Version/26.6 Mobile/15E148 Safari/604.1",/dashboard,https://coloradocatholicbusinessdirectory.com/,?view=list,Colorado Catholic Business Directory,https://coloradocatholicbusinessdirectory.com/dashboard?view=list,,,,,,,,,,,"{'business_id': '1786064042259x692870208226282400', 'email': 'mabellizphotography@gmail.com', 'is_logged_in': True}",,,,,,,,,,,,,,,,,,,,,identify
ajs-next-1786064850225-99d69bb7-1139-4e34-8a40-6e34abb06415,,5e230864-4843-4bb8-9b61-9b5675fa45db,2026-08-07 01:07:30.225000+00:00,,1786064042259x692870208226282400,"Mozilla/5.0 (iPhone; CPU iPhone OS 18_7 like Mac OS X) AppleWebKit/605.1.15 (KHTML, like Gecko) Version/26.6 Mobile/15E148 Safari/604.1",/search,https://coloradocatholicbusinessdirectory.com/,?query=Photographer&category=,Search | Colorado Catholic Business Directory,https://coloradocatholicbusinessdirectory.com/search?query=Photographer&category=,,,,,,"1786064042259x692870208226282400, 1758568877707x715638242996164100, 1781791909727x427924501831676600",,,,false,,,,,,,,,,,,,,,,,,,,,,impression
ajs-next-1786065025143-2d718dc8-3613-45c5-8be3-ca12c93965c2,,5e230864-4843-4bb8-9b61-9b5675fa45db,2026-08-07 01:10:25.143000+00:00,,1786064042259x692870208226282400,"Mozilla/5.0 (iPhone; CPU iPhone OS 18_7 like Mac OS X) AppleWebKit/605.1.15 (KHTML, like Gecko) Version/26.6 Mobile/15E148 Safari/604.1",/search,https://coloradocatholicbusinessdirectory.com/,?query=Gave%20fuerte&category=,Search | Colorado Catholic Business Directory,https://coloradocatholicbusinessdirectory.com/search?query=Gave%20fuerte&category=,,,,,,,,,,false,,,,,,,,,,,,,,,,,,,,,,impression
ajs-next-1786065032306-65c58be3-ca12-4939-a5c2-f19e9c93dfca,search,5e230864-4843-4bb8-9b61-9b5675fa45db,2026-08-07 01:10:32.306000+00:00,search,1786064042259x692870208226282400,"Mozilla/5.0 (iPhone; CPU iPhone OS 18_7 like Mac OS X) AppleWebKit/605.1.15 (KHTML, like Gecko) Version/26.6 Mobile/15E148 Safari/604.1",/search,https://coloradocatholicbusinessdirectory.com/,?query=Gabe%20fuerte&category=,Search | Colorado Catholic Business Directory,https://coloradocatholicbusinessdirectory.com/search?query=Gabe%20fuerte&category=,/search,https://coloradocatholicbusinessdirectory.com/,?query=Gabe%20fuerte&category=,Search | Colorado Catholic Business Directory,https://coloradocatholicbusinessdirectory.com/search?query=Gabe%20fuerte&category=,,search,search,,,,,,,,,,,,,,,,,,,,,,,,page
ajs-next-1786064446874-d05e5846-525e-455c-9aa0-8b38833cf18e,,5e230864-4843-4bb8-9b61-9b5675fa45db,2026-08-07 01:00:46.874000+00:00,,1786064042259x692870208226282400,"Mozilla/5.0 (iPhone; CPU iPhone OS 18_7 like Mac OS X) AppleWebKit/605.1.15 (KHTML, like Gecko) Version/26.6 Mobile/15E148 Safari/604.1",/dashboard,https://coloradocatholicbusinessdirectory.com/,?view=list,Colorado Catholic Business Directory,https://coloradocatholicbusinessdirectory.com/dashboard?view=list,,,,,,1786064042259x692870208226282400,,,,,,,"Hey! I’m Mabel. I'm a Catholic wedding, family, and portrait photographer based in central Colorado! 

I'm SO happy you're here and I can't wait to connect more and help capture the beautiful moments God has blessed you with!",11,description,,,,,,,,,,,,,,,,,input_changed
ajs-next-1786064869509-cd3b327c-d8b5-43ea-a5b4-b27a9dec8a08,search,5e230864-4843-4bb8-9b61-9b5675fa45db,2026-08-07 01:07:49.509000+00:00,search,1786064042259x692870208226282400,"Mozilla/5.0 (iPhone; CPU iPhone OS 18_7 like Mac OS X) AppleWebKit/605.1.15 (KHTML, like Gecko) Version/26.6 Mobile/15E148 Safari/604.1",/search,https://coloradocatholicbusinessdirectory.com/,?query=Photographer&category=,Search | Colorado Catholic Business Directory,https://coloradocatholicbusinessdirectory.com/search?query=Photographer&category=,/search,https://coloradocatholicbusinessdirectory.com/,?query=Photographer&category=,Search | Colorado Catholic Business Directory,https://coloradocatholicbusinessdirectory.com/search?query=Photographer&category=,,search,search,,,,,,,,,,,,,,,,,,,,,,,,page
ajs-next-1786064371933-bc844dce-6ed6-405e-9846-525e955c9aa0,,5e230864-4843-4bb8-9b61-9b5675fa45db,2026-08-07 00:59:31.933000+00:00,,1786064042259x692870208226282400,"Mozilla/5.0 (iPhone; CPU iPhone OS 18_7 like Mac OS X) AppleWebKit/605.1.15 (KHTML, like Gecko) Version/26.6 Mobile/15E148 Safari/604.1",/dashboard,https://coloradocatholicbusinessdirectory.com/,?view=list,Colorado Catholic Business Directory,https://coloradocatholicbusinessdirectory.com/dashboard?view=list,,,,,,1786064042259x692870208226282400,,,,,,,Photographer,9,sub_category,,,,,,,,,,,,,,,,,input_changed
ajs-next-1786064396728-6ed6d05e-5846-425e-955c-9aa08b38833c,,5e230864-4843-4bb8-9b61-9b5675fa45db,2026-08-07 00:59:56.728000+00:00,,1786064042259x692870208226282400,"Mozilla/5.0 (iPhone; CPU iPhone OS 18_7 like Mac OS X) AppleWebKit/605.1.15 (KHTML, like Gecko) Version/26.6 Mobile/15E148 Safari/604.1",/dashboard,https://coloradocatholicbusinessdirectory.com/,?view=list,Colorado Catholic Business Directory,https://coloradocatholicbusinessdirectory.com/dashboard?view=list,,,,,,1786064042259x692870208226282400,,,,,,,Hey! I’m Mabel. ,11,description,,,,,,,,,,,,,,,,,input_changed
ajs-next-1786065031987-361365c5-8be3-4a12-8939-65c2f19e9c93,,5e230864-4843-4bb8-9b61-9b5675fa45db,2026-08-07 01:10:31.987000+00:00,,1786064042259x692870208226282400,"Mozilla/5.0 (iPhone; CPU iPhone OS 18_7 like Mac OS X) AppleWebKit/605.1.15 (KHTML, like Gecko) Version/26.6 Mobile/15E148 Safari/604.1",/search,https://coloradocatholicbusinessdirectory.com/,?query=Gave%20fuerte&category=,Search | Colorado Catholic Business Directory,https://coloradocatholicbusinessdirectory.com/search?query=Gave%20fuerte&category=,,,,,,,,,main_search,,,,,,,,,Gabe fuerte,,,,,,,,,,,,,,search
ajs-next-1786064248369-b99f5771-9c6d-41cf-83e9-bc844dce6ed6,dashboard,5e230864-4843-4bb8-9b61-9b5675fa45db,2026-08-07 00:57:28.369000+00:00,dashboard,1786064042259x692870208226282400,"Mozilla/5.0 (iPhone; CPU iPhone OS 18_7 like Mac OS X) AppleWebKit/605.1.15 (KHTML, like Gecko) Version/26.6 Mobile/15E148 Safari/604.1",/dashboard,https://coloradocatholicbusinessdirectory.com/,?view=list,Colorado Catholic Business Directory,https://coloradocatholicbusinessdirectory.com/dashboard?view=list,/dashboard,https://coloradocatholicbusinessdirectory.com/,?view=list,Colorado Catholic Business Directory,https://coloradocatholicbusinessdirectory.com/dashboard?view=list,1786064042259x692870208226282400,dashboard,dashboard,,,,,,,,,,,,,,,,,,,,,,,,page
ajs-next-1786064773762-68548c6c-dacc-4bd0-aa3f-9f0c0785a54a,,5e230864-4843-4bb8-9b61-9b5675fa45db,2026-08-07 01:06:13.762000+00:00,,1786064042259x692870208226282400,"Mozilla/5.0 (iPhone; CPU iPhone OS 18_7 like Mac OS X) AppleWebKit/605.1.15 (KHTML, like Gecko) Version/26.6 Mobile/15E148 Safari/604.1",/dashboard,https://coloradocatholicbusinessdirectory.com/,?view=list,Colorado Catholic Business Directory,https://coloradocatholicbusinessdirectory.com/dashboard?view=list,,,,,,1786064042259x692870208226282400,,,,,,,,9,sub_category,,,,,,,,,,,,,,,,,input_changed
ajs-next-1786064817469-5f486935-d7aa-4723-a027-a46feb06f05c,,5e230864-4843-4bb8-9b61-9b5675fa45db,2026-08-07 01:06:57.469000+00:00,,1786064042259x692870208226282400,"Mozilla/5.0 (iPhone; CPU iPhone OS 18_7 like Mac OS X) AppleWebKit/605.1.15 (KHTML, like Gecko) Version/26.6 Mobile/15E148 Safari/604.1",/search,https://coloradocatholicbusinessdirectory.com/,?query=Photographer&category=,Search | Colorado Catholic Business Directory,https://coloradocatholicbusinessdirectory.com/search?query=Photographer&category=,,,,,,"1758568877707x715638242996164100, 1786064042259x692870208226282400, 1781791909727x427924501831676600",,,,false,,,,,,,,,,,,,,,,,,,,,,impression
ajs-next-1786065039063-cb5f213e-874a-4acd-a883-e50ef3631033,,5e230864-4843-4bb8-9b61-9b5675fa45db,2026-08-07 01:10:39.063000+00:00,,1786064042259x692870208226282400,"Mozilla/5.0 (iPhone; CPU iPhone OS 18_7 like Mac OS X) AppleWebKit/605.1.15 (KHTML, like Gecko) Version/26.6 Mobile/15E148 Safari/604.1",/search,https://coloradocatholicbusinessdirectory.com/,,Search | Colorado Catholic Business Directory,https://coloradocatholicbusinessdirectory.com/search,,,,,,1753982403438x535213824960417500,,,main_list,true,,,,,,,,,,,,,,,,,,,,,,impression
ajs-next-1786065144000-6ee6f033-c343-45a7-afa0-b6e968b78f66,,5e230864-4843-4bb8-9b61-9b5675fa45db,2026-08-07 01:12:24+00:00,,1786064042259x692870208226282400,"Mozilla/5.0 (iPhone; CPU iPhone OS 18_7 like Mac OS X) AppleWebKit/605.1.15 (KHTML, like Gecko) Version/26.6 Mobile/15E148 Safari/604.1",/,,,Colorado Catholic Business Directory,https://coloradocatholicbusinessdirectory.com/,,,,,,"1781830336957x808577548450478500, 1770943484557x164806709481949200, 1744579851707x640487742075829500, 1752717497153x537286585580736960, 1753982403438x535213824960417500, 1771436045389x658317953644361100, 1744643921578x315333816253624100",,,,true,,,,,,,,,,,,,,,,,,,,,,impression
ajs-next-1786064849608-030b2ce8-99d6-4bb7-9139-8e348a406e34,,5e230864-4843-4bb8-9b61-9b5675fa45db,2026-08-07 01:07:29.608000+00:00,,1786064042259x692870208226282400,"Mozilla/5.0 (iPhone; CPU iPhone OS 18_7 like Mac OS X) AppleWebKit/605.1.15 (KHTML, like Gecko) Version/26.6 Mobile/15E148 Safari/604.1",/search,https://coloradocatholicbusinessdirectory.com/,?query=Photographer&category=,Search | Colorado Catholic Business Directory,https://coloradocatholicbusinessdirectory.com/search?query=Photographer&category=,,,,,,,,,sidebar,true,,,,,,,,,,,,,,,,,,,,,,impression
ajs-next-1786065023910-f132d526-6721-4aba-ad71-8dc8361365c5,,5e230864-4843-4bb8-9b61-9b5675fa45db,2026-08-07 01:10:23.910000+00:00,,1786064042259x692870208226282400,"Mozilla/5.0 (iPhone; CPU iPhone OS 18_7 like Mac OS X) AppleWebKit/605.1.15 (KHTML, like Gecko) Version/26.6 Mobile/15E148 Safari/604.1",/search,https://coloradocatholicbusinessdirectory.com/,,Search | Colorado Catholic Business Directory,https://coloradocatholicbusinessdirectory.com/search,,,,,,,,,main_search,,,,,,,,,Gave fuerte,,,,,,,,,,,,,,search
ajs-next-1786065033221-c93965c2-f19e-4c93-9fca-6bbecb5f213e,,5e230864-4843-4bb8-9b61-9b5675fa45db,2026-08-07 01:10:33.221000+00:00,,1786064042259x692870208226282400,"Mozilla/5.0 (iPhone; CPU iPhone OS 18_7 like Mac OS X) AppleWebKit/605.1.15 (KHTML, like Gecko) Version/26.6 Mobile/15E148 Safari/604.1",/search,https://coloradocatholicbusinessdirectory.com/,?query=Gabe%20fuerte&category=,Search | Colorado Catholic Business Directory,https://coloradocatholicbusinessdirectory.com/search?query=Gabe%20fuerte&category=,,,,,,,,,,false,,,,,,,,,,,,,,,,,,,,,,impression
ajs-next-1786065042018-75d63b92-0258-4486-8004-9accbb692eed,search,5e230864-4843-4bb8-9b61-9b5675fa45db,2026-08-07 01:10:42.018000+00:00,search,1786064042259x692870208226282400,"Mozilla/5.0 (iPhone; CPU iPhone OS 18_7 like Mac OS X) AppleWebKit/605.1.15 (KHTML, like Gecko) Version/26.6 Mobile/15E148 Safari/604.1",/search,https://coloradocatholicbusinessdirectory.com/,?query=Photographer&category=,Search | Colorado Catholic Business Directory,https://coloradocatholicbusinessdirectory.com/search?query=Photographer&category=,/search,https://coloradocatholicbusinessdirectory.com/,?query=Photographer&category=,Search | Colorado Catholic Business Directory,https://coloradocatholicbusinessdirectory.com/search?query=Photographer&category=,,search,search,,,,,,,,,,,,,,,,,,,,,,,,page
ajs-next-1786065047097-2f8ac402-ab50-43ee-9773-5a06ba6d4129,,5e230864-4843-4bb8-9b61-9b5675fa45db,2026-08-07 01:10:47.097000+00:00,,1786064042259x692870208226282400,"Mozilla/5.0 (iPhone; CPU iPhone OS 18_7 like Mac OS X) AppleWebKit/605.1.15 (KHTML, like Gecko) Version/26.6 Mobile/15E148 Safari/604.1",/dashboard,https://coloradocatholicbusinessdirectory.com/,?view=list,Colorado Catholic Business Directory,https://coloradocatholicbusinessdirectory.com/dashboard?view=list,,,,,,,,,,,"{'business_id': '1786064042259x692870208226282400', 'email': 'mabellizphotography@gmail.com', 'is_logged_in': True}",,,,,,,,,,,,,,,,,,,,,identify
ajs-next-1786064734226-fc847438-98b5-4d02-a400-ea4e55d13ae6,,5e230864-4843-4bb8-9b61-9b5675fa45db,2026-08-07 01:05:34.226000+00:00,,1786064042259x692870208226282400,"Mozilla/5.0 (iPhone; CPU iPhone OS 18_7 like Mac OS X) AppleWebKit/605.1.15 (KHTML, like Gecko) Version/26.6 Mobile/15E148 Safari/604.1",/business_profile/mabel-liz-photography,https://coloradocatholicbusinessdirectory.com/,,Mabel Liz Photography | Colorado Catholic Business Directory,https://coloradocatholicbusinessdirectory.com/business_profile/mabel-liz-photography,,,,,,,,,,,"{'business_id': '1786064042259x692870208226282400', 'email': 'mabellizphotography@gmail.com', 'is_logged_in': True}",,,,,,,,,,,,,,,,,,,,,identify
ajs-next-1786064839949-f4256f4b-2873-42dc-b291-873d0ba70e0a,,5e230864-4843-4bb8-9b61-9b5675fa45db,2026-08-07 01:07:19.949000+00:00,,1786064042259x692870208226282400,"Mozilla/5.0 (iPhone; CPU iPhone OS 18_7 like Mac OS X) AppleWebKit/605.1.15 (KHTML, like Gecko) Version/26.6 Mobile/15E148 Safari/604.1",/business_profile/portraits-by-antonette-1781791909727x427924501831676600,https://coloradocatholicbusinessdirectory.com/,,Mabel Liz Photography | Colorado Catholic Business Directory,https://coloradocatholicbusinessdirectory.com/business_profile/portraits-by-antonette-1781791909727x427924501831676600,,,,,,,,,,,"{'business_id': '1786064042259x692870208226282400', 'email': 'mabellizphotography@gmail.com', 'is_logged_in': True}",,,,,,,,,,,,,,,,,,,,,identify
ajs-next-1786064870142-d8b553ea-a5b4-427a-9dec-8a08d8128678,,5e230864-4843-4bb8-9b61-9b5675fa45db,2026-08-07 01:07:50.142000+00:00,,1786064042259x692870208226282400,"Mozilla/5.0 (iPhone; CPU iPhone OS 18_7 like Mac OS X) AppleWebKit/605.1.15 (KHTML, like Gecko) Version/26.6 Mobile/15E148 Safari/604.1",/search,https://coloradocatholicbusinessdirectory.com/,?query=Photographer&category=,Search | Colorado Catholic Business Directory,https://coloradocatholicbusinessdirectory.com/search?query=Photographer&category=,,,,,,1771436045389x658317953644361100,,,main_list,true,,,,,,,,,,,,,,,,,,,,,,impression
ajs-next-1786065013170-2c089f21-a168-457c-9480-f132d5266721,search,5e230864-4843-4bb8-9b61-9b5675fa45db,2026-08-07 01:10:13.170000+00:00,search,1786064042259x692870208226282400,"Mozilla/5.0 (iPhone; CPU iPhone OS 18_7 like Mac OS X) AppleWebKit/605.1.15 (KHTML, like Gecko) Version/26.6 Mobile/15E148 Safari/604.1",/search,https://coloradocatholicbusinessdirectory.com/,,Search | Colorado Catholic Business Directory,https://coloradocatholicbusinessdirectory.com/search,/search,https://coloradocatholicbusinessdirectory.com/,,Search | Colorado Catholic Business Directory,https://coloradocatholicbusinessdirectory.com/search,,search,search,,,,,,,,,,,,,,,,,,,,,,,,page
ajs-next-1786065042320-3b920258-9486-4004-9acc-bb692eed45fb,,5e230864-4843-4bb8-9b61-9b5675fa45db,2026-08-07 01:10:42.320000+00:00,,1786064042259x692870208226282400,"Mozilla/5.0 (iPhone; CPU iPhone OS 18_7 like Mac OS X) AppleWebKit/605.1.15 (KHTML, like Gecko) Version/26.6 Mobile/15E148 Safari/604.1",/search,https://coloradocatholicbusinessdirectory.com/,?query=Photographer&category=,Search | Colorado Catholic Business Directory,https://coloradocatholicbusinessdirectory.com/search?query=Photographer&category=,,,,,,,,,sidebar,true,,,,,,,,,,,,,,,,,,,,,,impression
ajs-next-1786064758067-74f5eb94-cec2-4854-8c6c-dacc4bd02a3f,,5e230864-4843-4bb8-9b61-9b5675fa45db,2026-08-07 01:05:58.067000+00:00,,1786064042259x692870208226282400,"Mozilla/5.0 (iPhone; CPU iPhone OS 18_7 like Mac OS X) AppleWebKit/605.1.15 (KHTML, like Gecko) Version/26.6 Mobile/15E148 Safari/604.1",/dashboard,https://coloradocatholicbusinessdirectory.com/,?view=list,Colorado Catholic Business Directory,https://coloradocatholicbusinessdirectory.com/dashboard?view=list,,,,,,,,,,,"{'business_id': '1786064042259x692870208226282400', 'email': 'mabellizphotography@gmail.com', 'is_logged_in': True}",,,,,,,,,,,,,,,,,,,,,identify
ajs-next-1786064841367-287392dc-f291-473d-8ba7-0e0a800bfe21,,5e230864-4843-4bb8-9b61-9b5675fa45db,2026-08-07 01:07:21.367000+00:00,,1786064042259x692870208226282400,"Mozilla/5.0 (iPhone; CPU iPhone OS 18_7 like Mac OS X) AppleWebKit/605.1.15 (KHTML, like Gecko) Version/26.6 Mobile/15E148 Safari/604.1",/business_profile/portraits-by-antonette-1781791909727x427924501831676600,https://coloradocatholicbusinessdirectory.com/,,Mabel Liz Photography | Colorado Catholic Business Directory,https://coloradocatholicbusinessdirectory.com/business_profile/portraits-by-antonette-1781791909727x427924501831676600,,,,,,1781791909727x427924501831676600,,,,,,visit_website,,,,,,,,,,,,,,,,,,,,button_click
ajs-next-1786065032913-ca12c939-65c2-419e-9c93-dfca6bbecb5f,,5e230864-4843-4bb8-9b61-9b5675fa45db,2026-08-07 01:10:32.913000+00:00,,1786064042259x692870208226282400,"Mozilla/5.0 (iPhone; CPU iPhone OS 18_7 like Mac OS X) AppleWebKit/605.1.15 (KHTML, like Gecko) Version/26.6 Mobile/15E148 Safari/604.1",/search,https://coloradocatholicbusinessdirectory.com/,?query=Gabe%20fuerte&category=,Search | Colorado Catholic Business Directory,https://coloradocatholicbusinessdirectory.com/search?query=Gabe%20fuerte&category=,,,,,,1753982403438x535213824960417500,,,main_list,true,,,,,,,,,,,,,,,,,,,,,,impression
ajs-next-1786065013473-9f21a168-b57c-4480-b132-d52667218aba,,5e230864-4843-4bb8-9b61-9b5675fa45db,2026-08-07 01:10:13.473000+00:00,,1786064042259x692870208226282400,"Mozilla/5.0 (iPhone; CPU iPhone OS 18_7 like Mac OS X) AppleWebKit/605.1.15 (KHTML, like Gecko) Version/26.6 Mobile/15E148 Safari/604.1",/search,https://coloradocatholicbusinessdirectory.com/,,Search | Colorado Catholic Business Directory,https://coloradocatholicbusinessdirectory.com/search,,,,,,,,,sidebar,true,,,,,,,,,,,,,,,,,,,,,,impression
ajs-next-1786064726958-525e955c-9aa0-4b38-833c-f18e67c2c277,,5e230864-4843-4bb8-9b61-9b5675fa45db,2026-08-07 01:05:26.958000+00:00,,1786064042259x692870208226282400,"Mozilla/5.0 (iPhone; CPU iPhone OS 18_7 like Mac OS X) AppleWebKit/605.1.15 (KHTML, like Gecko) Version/26.6 Mobile/15E148 Safari/604.1",/dashboard,https://coloradocatholicbusinessdirectory.com/,?view=list,Colorado Catholic Business Directory,https://coloradocatholicbusinessdirectory.com/dashboard?view=list,,,,,,1786064042259x692870208226282400,,,,,,save,,,,,,,,,,,,,,,,,,,,button_click
ajs-next-1786064732974-9aa08b38-833c-418e-a7c2-c277c5e4d299,,5e230864-4843-4bb8-9b61-9b5675fa45db,2026-08-07 01:05:32.974000+00:00,,1786064042259x692870208226282400,"Mozilla/5.0 (iPhone; CPU iPhone OS 18_7 like Mac OS X) AppleWebKit/605.1.15 (KHTML, like Gecko) Version/26.6 Mobile/15E148 Safari/604.1",/dashboard,https://coloradocatholicbusinessdirectory.com/,?view=list,Colorado Catholic Business Directory,https://coloradocatholicbusinessdirectory.com/dashboard?view=list,,,,,,1786064042259x692870208226282400,,,,,,,,,,mabellizphotography@gmail.com,,,Holy Name - Sheridan,,Photography,"Hey! I’m Mabel. I'm a Catholic wedding, family, and portrait photographer based in central Colorado! 

I'm SO happy you're here and I can't wait to connect more and help capture the beautiful moments God has blessed you with!",mabellizphotography@gmail.com,Mabel Liz Photography,Other,720-765-1703,Photographer,mabellizphotography.com,,,,db_update
ajs-next-1786065124442-251391cf-fd2c-4aee-a595-de64823b8cc0,,5e230864-4843-4bb8-9b61-9b5675fa45db,2026-08-07 01:12:04.442000+00:00,,1786064042259x692870208226282400,"Mozilla/5.0 (iPhone; CPU iPhone OS 18_7 like Mac OS X) AppleWebKit/605.1.15 (KHTML, like Gecko) Version/26.6 Mobile/15E148 Safari/604.1",/,,,Colorado Catholic Business Directory,https://coloradocatholicbusinessdirectory.com/,,,,,,,,,,,,search,,,,,,,,,,,,,,,,,,,,button_click
ajs-next-1786064850695-9bb71139-8e34-4a40-ae34-abb064153026,,5e230864-4843-4bb8-9b61-9b5675fa45db,2026-08-07 01:07:30.695000+00:00,,1786064042259x692870208226282400,"Mozilla/5.0 (iPhone; CPU iPhone OS 18_7 like Mac OS X) AppleWebKit/605.1.15 (KHTML, like Gecko) Version/26.6 Mobile/15E148 Safari/604.1",/search,https://coloradocatholicbusinessdirectory.com/,?query=Photographer&category=,Search | Colorado Catholic Business Directory,https://coloradocatholicbusinessdirectory.com/search?query=Photographer&category=,,,,,,1758568877707x715638242996164100,,,,false,,more_info_text,,,,,,,,,,,,,,,,,,,,button_click
ajs-next-1786065042942-94864004-9acc-4b69-aeed-45fbb106cbc7,,5e230864-4843-4bb8-9b61-9b5675fa45db,2026-08-07 01:10:42.942000+00:00,,1786064042259x692870208226282400,"Mozilla/5.0 (iPhone; CPU iPhone OS 18_7 like Mac OS X) AppleWebKit/605.1.15 (KHTML, like Gecko) Version/26.6 Mobile/15E148 Safari/604.1",/search,https://coloradocatholicbusinessdirectory.com/,?query=Photographer&category=,Search | Colorado Catholic Business Directory,https://coloradocatholicbusinessdirectory.com/search?query=Photographer&category=,,,,,,"1781791909727x427924501831676600, 1786064042259x692870208226282400, 1758568877707x715638242996164100",,,,false,,,,,,,,,,,,,,,,,,,,,,impression
ajs-next-1786064810049-ae2e3130-4782-477d-8dce-365eb9df6bdc,,5e230864-4843-4bb8-9b61-9b5675fa45db,2026-08-07 01:06:50.049000+00:00,,1786064042259x692870208226282400,"Mozilla/5.0 (iPhone; CPU iPhone OS 18_7 like Mac OS X) AppleWebKit/605.1.15 (KHTML, like Gecko) Version/26.6 Mobile/15E148 Safari/604.1",/search,https://coloradocatholicbusinessdirectory.com/,,Search | Colorado Catholic Business Directory,https://coloradocatholicbusinessdirectory.com/search,,,,,,,,,,,"{'business_id': '1786064042259x692870208226282400', 'email': 'mabellizphotography@gmail.com', 'is_logged_in': True}",,,,,,,,,,,,,,,,,,,,,identify
ajs-next-1786065013169-a4302c08-9f21-4168-b57c-1480f132d526,,5e230864-4843-4bb8-9b61-9b5675fa45db,2026-08-07 01:10:13.169000+00:00,,1786064042259x692870208226282400,"Mozilla/5.0 (iPhone; CPU iPhone OS 18_7 like Mac OS X) AppleWebKit/605.1.15 (KHTML, like Gecko) Version/26.6 Mobile/15E148 Safari/604.1",/search,https://coloradocatholicbusinessdirectory.com/,,Search | Colorado Catholic Business Directory,https://coloradocatholicbusinessdirectory.com/search,,,,,,,,,,,"{'business_id': '1786064042259x692870208226282400', 'email': 'mabellizphotography@gmail.com', 'is_logged_in': True}",,,,,,,,,,,,,,,,,,,,,identify
ajs-next-1786064810676-a77d4dce-365e-49df-abdc-1565593f5f48,,5e230864-4843-4bb8-9b61-9b5675fa45db,2026-08-07 01:06:50.676000+00:00,,1786064042259x692870208226282400,"Mozilla/5.0 (iPhone; CPU iPhone OS 18_7 like Mac OS X) AppleWebKit/605.1.15 (KHTML, like Gecko) Version/26.6 Mobile/15E148 Safari/604.1",/search,https://coloradocatholicbusinessdirectory.com/,,Search | Colorado Catholic Business Directory,https://coloradocatholicbusinessdirectory.com/search,,,,,,1770943484557x164806709481949200,,,main_list,true,,,,,,,,,,,,,,,,,,,,,,impression
ajs-next-1786064817162-593f5f48-6935-47aa-b723-2027a46feb06,,5e230864-4843-4bb8-9b61-9b5675fa45db,2026-08-07 01:06:57.162000+00:00,,1786064042259x692870208226282400,"Mozilla/5.0 (iPhone; CPU iPhone OS 18_7 like Mac OS X) AppleWebKit/605.1.15 (KHTML, like Gecko) Version/26.6 Mobile/15E148 Safari/604.1",/search,https://coloradocatholicbusinessdirectory.com/,?query=Photographer&category=,Search | Colorado Catholic Business Directory,https://coloradocatholicbusinessdirectory.com/search?query=Photographer&category=,,,,,,1770943484557x164806709481949200,,,main_list,true,,,,,,,,,,,,,,,,,,,,,,impression
ajs-next-1786064781553-8c6cdacc-4bd0-4a3f-9f0c-0785a54a9e87,,5e230864-4843-4bb8-9b61-9b5675fa45db,2026-08-07 01:06:21.553000+00:00,,1786064042259x692870208226282400,"Mozilla/5.0 (iPhone; CPU iPhone OS 18_7 like Mac OS X) AppleWebKit/605.1.15 (KHTML, like Gecko) Version/26.6 Mobile/15E148 Safari/604.1",/dashboard,https://coloradocatholicbusinessdirectory.com/,?view=list,Colorado Catholic Business Directory,https://coloradocatholicbusinessdirectory.com/dashboard?view=list,,,,,,1786064042259x692870208226282400,,,,,,save,,,,,,,,,,,,,,,,,,,,button_click
ajs-next-1786064816857-1565593f-5f48-4935-97aa-f7232027a46f,,5e230864-4843-4bb8-9b61-9b5675fa45db,2026-08-07 01:06:56.857000+00:00,,1786064042259x692870208226282400,"Mozilla/5.0 (iPhone; CPU iPhone OS 18_7 like Mac OS X) AppleWebKit/605.1.15 (KHTML, like Gecko) Version/26.6 Mobile/15E148 Safari/604.1",/search,https://coloradocatholicbusinessdirectory.com/,?query=Photographer&category=,Search | Colorado Catholic Business Directory,https://coloradocatholicbusinessdirectory.com/search?query=Photographer&category=,,,,,,,,,sidebar,true,,,,,,,,,,,,,,,,,,,,,,impression
ajs-next-1786064734228-743898b5-7d02-4400-aa4e-55d13ae63be3,profile,5e230864-4843-4bb8-9b61-9b5675fa45db,2026-08-07 01:05:34.228000+00:00,business_profile,1786064042259x692870208226282400,"Mozilla/5.0 (iPhone; CPU iPhone OS 18_7 like Mac OS X) AppleWebKit/605.1.15 (KHTML, like Gecko) Version/26.6 Mobile/15E148 Safari/604.1",/business_profile/mabel-liz-photography,https://coloradocatholicbusinessdirectory.com/,,Mabel Liz Photography | Colorado Catholic Business Directory,https://coloradocatholicbusinessdirectory.com/business_profile/mabel-liz-photography,/business_profile/mabel-liz-photography,https://coloradocatholicbusinessdirectory.com/,,Mabel Liz Photography | Colorado Catholic Business Directory,https://coloradocatholicbusinessdirectory.com/business_profile/mabel-liz-photography,1786064042259x692870208226282400,profile,business_profile,,,,,,,,,,,,,,,,,,,,,,,,page
ajs-next-1786064867945-f4d6cba7-0bcf-42b9-9779-874f9c67d397,,5e230864-4843-4bb8-9b61-9b5675fa45db,2026-08-07 01:07:47.945000+00:00,,1786064042259x692870208226282400,"Mozilla/5.0 (iPhone; CPU iPhone OS 18_7 like Mac OS X) AppleWebKit/605.1.15 (KHTML, like Gecko) Version/26.6 Mobile/15E148 Safari/604.1",/business_profile/grinnon-photography-1758568877707x715638242996164100,https://coloradocatholicbusinessdirectory.com/,,Mabel Liz Photography | Colorado Catholic Business Directory,https://coloradocatholicbusinessdirectory.com/business_profile/grinnon-photography-1758568877707x715638242996164100,,,,,,,,,,,"{'business_id': '1786064042259x692870208226282400', 'email': 'mabellizphotography@gmail.com', 'is_logged_in': True}",,,,,,,,,,,,,,,,,,,,,identify
ajs-next-1786065032608-8be3ca12-c939-45c2-b19e-9c93dfca6bbe,,5e230864-4843-4bb8-9b61-9b5675fa45db,2026-08-07 01:10:32.608000+00:00,,1786064042259x692870208226282400,"Mozilla/5.0 (iPhone; CPU iPhone OS 18_7 like Mac OS X) AppleWebKit/605.1.15 (KHTML, like Gecko) Version/26.6 Mobile/15E148 Safari/604.1",/search,https://coloradocatholicbusinessdirectory.com/,?query=Gabe%20fuerte&category=,Search | Colorado Catholic Business Directory,https://coloradocatholicbusinessdirectory.com/search?query=Gabe%20fuerte&category=,,,,,,,,,sidebar,true,,,,,,,,,,,,,,,,,,,,,,impression
ajs-next-1786064785586-4bd02a3f-9f0c-4785-a54a-9e871aa3005d,,5e230864-4843-4bb8-9b61-9b5675fa45db,2026-08-07 01:06:25.586000+00:00,,1786064042259x692870208226282400,"Mozilla/5.0 (iPhone; CPU iPhone OS 18_7 like Mac OS X) AppleWebKit/605.1.15 (KHTML, like Gecko) Version/26.6 Mobile/15E148 Safari/604.1",/dashboard,https://coloradocatholicbusinessdirectory.com/,?view=list,Colorado Catholic Business Directory,https://coloradocatholicbusinessdirectory.com/dashboard?view=list,,,,,,1786064042259x692870208226282400,,,,,,,,,,mabellizphotography@gmail.com,,,Holy Name - Sheridan,,Photographer,"Hey! I’m Mabel. I'm a Catholic wedding, family, and portrait photographer based in central Colorado! 

I'm SO happy you're here and I can't wait to connect more and help capture the beautiful moments God has blessed you with!",mabellizphotography@gmail.com,Mabel Liz Photography,Other,720-765-1703,,mabellizphotography.com,,,,db_update
ajs-next-1786065038500-9c93dfca-6bbe-4b5f-a13e-874a5acd6883,,5e230864-4843-4bb8-9b61-9b5675fa45db,2026-08-07 01:10:38.500000+00:00,,1786064042259x692870208226282400,"Mozilla/5.0 (iPhone; CPU iPhone OS 18_7 like Mac OS X) AppleWebKit/605.1.15 (KHTML, like Gecko) Version/26.6 Mobile/15E148 Safari/604.1",/search,https://coloradocatholicbusinessdirectory.com/,,Search | Colorado Catholic Business Directory,https://coloradocatholicbusinessdirectory.com/search,,,,,,,,,sidebar,true,,,,,,,,,,,,,,,,,,,,,,impression
ajs-next-1786065039113-213e874a-5acd-4883-a50e-f3631033f2a3,,5e230864-4843-4bb8-9b61-9b5675fa45db,2026-08-07 01:10:39.113000+00:00,,1786064042259x692870208226282400,"Mozilla/5.0 (iPhone; CPU iPhone OS 18_7 like Mac OS X) AppleWebKit/605.1.15 (KHTML, like Gecko) Version/26.6 Mobile/15E148 Safari/604.1",/search,https://coloradocatholicbusinessdirectory.com/,,Search | Colorado Catholic Business Directory,https://coloradocatholicbusinessdirectory.com/search,,,,,,"1758120880051x675194275556497400, 1744740154739x566945822952470660, 1757720364741x595714121363069200, 1746635677548x343522492232585660, 1755271286521x378031808974615550, 1768238584049x399775147114029200, 1776102250538x198432379819539760, 1747864432460x772931238395911000, 1754081360962x724252535884739300, 1774573166178x561429420668618400, 1752717497153x537286585580736960, 1777042895042x187867473484191420, 1751224250248x539537516841198200, 1748581534531x956271769254002200, 1753982403438x535213824960417500, 1770755356265x111382421474427680, 1745597587022x519433479989605000, 1762889659042x996969350831174300, 1762271200864x775090106640580500, 1752687366861x422755081931784260, 1747170561218x640297169073643000, 1763305551668x997299018011994600, 1744398484109x785674167096991400, 1762957766158x632118084948257900, 1744907031541x119079844893356540, 1754505203290x671062062407191900, 1759423986281x805514757919405700, 1768584016102x834619843946063900, 1746631267951x741803061642879500, 1768427614253x929508274229176300, 1747420152884x437771544876149700, 1749580724532x760028975589297300, 1744737250347x219277345743008400, 1747848709032x210920410073364830, 1745528732739x896561533370513300, 1747594874125x270237571814453630, 1758312173588x895819358343598700, 1764893879099x465248075524681500, 1786064042259x692870208226282400, 1744579851707x640487742075829500, 1766011883106x917993758751800300, 1765001972595x338020444395840100, 1759930025997x126109694575208930, 1761919898226x928695665795906700, 1778709723276x637265650543127800, 1743547621069x279645472884266780, 1753465897836x101289632151690960, 1785541764222x907401192484364800, 1744319857648x144922844539837200, 1751425811600x127124815802215140, 1757355028996x505189727810192200, 1777321143190x321072500270616060, 1750783679107x801419812763124500, 1744282156200x727555159743162000, 1752182630575x854371423894944000, 1749068120323x412920063824988600, 1779371355755x238144527494011940, 1750784029587x963255839088365200, 1764963280733x431041418968701760, 1782146204142x629417106351450200, 1757437593796x460281345015416640, 1785246262777x370343103907722500, 1763408145585x201322720695875870, 1781830336957x808577548450478500, 1749173974503x736079030141835600, 1777042863057x294476376362385400, 1746827109704x963221719337950200, 1748389292320x918627677903932400, 1751319669665x621437589169731200, 1772982809798x739419868972941400, 1776210729408x448410210135887360, 1769719058268x843927058977011000, 1753911193017x504194995643152640, 1771538218470x758525499484679000, 1778678470875x691076180629588500, 1761762460002x434978052003146300, 1747163465846x476237095610093000, 1771021914207x198452557005754900, 1770943484557x164806709481949200, 1754927931120x470668069008822300, 1768581853937x610498789092930300, 1747398900475x598159844147748100, 1744743906400x631087870982087000, 1763672237927x725969385673238800, 1744643921578x315333816253624100, 1781734682517x295026001124971000, 1753985929691x853149258569598100, 1765399408996x262641226191956400, 1771545376609x752763268373144000, 1747221865162x703532834449508000, 1747216018889x770977089491677400, 1779223019066x495549806274790700, 1781791909727x427924501831676600, 1764781838221x716772635359430500, 1763569204895x378265538177280400, 1744175271939x575064790204550460, 1755533063776x956164571796881400, 1746765568691x979794717919274100, 1744260813114x505427712482621440, 1762364811793x796217509980630800, 1753909381745x872991521395046100, 1744736810207x919925185055488400, 1763148950401x545361905340972600, 1750423781412x480534435350699700, 1746467711533x453074785848415400, 1749742920378x965836759111504900, 1750436264420x989591292213482400, 1766070455303x639821695383855700, 1776360294100x840938158936498600, 1750784475796x702583457937545900, 1747184079669x994211808429350800, 1754084205128x675147807630683600, 1748365021326x105262688542451250, 1771433486472x495156137805681660, 1779898672007x583448227567234600, 1779564452798x328047204556438640, 1757369121056x350487849823425600, 1744760380914x558772773612561600, 1744157592334x292550965261606100, 1759153763139x433792388290277000, 1755621956288x571897163769246900, 1764342295066x618134664283571500, 1753135741395x558904608479141570, 1765991015203x350068785849064760, 1777052217878x935579896985562900, 1747183179554x540122160625888100, 1768844277981x664142917381285000, 1745533127765x291393362647413700, 1750783674403x491887953737125700, 1770152894907x464897480736850900, 1747827548541x313848517899538500, 1754949567759x639105313824555300, 1771517879190x523242735258870900, 1761930377989x951815782791809400, 1761044854709x307607562836745150, 1775058462201x523059865418210800, 1783603380895x646194509208660700, 1776373432940x530737443814194940, 1754624056001x759184470890143000, 1750785338983x949958887494882000, 1768426055630x579798080961828200, 1747415704843x665338483592092500, 1751744301621x758526182685981300, 1772482882558x843076024552954900, 1751749348389x952656707958261400, 1743549178851x847080663521240200, 1749057953945x756346430245684600, 1778185404695x597979725335827200, 1779207002005x542183775914824900, 1753374338412x209529915103450200, 1763255155587x707008769292458900, 1776360466250x658348247885801300, 1771003581692x955050931630977700, 1757438153395x416809556103947500, 1744134674881x127285411168640110, 1775244057768x699511577684581800, 1763509156539x144450665564595840, 1744335958024x226211831616957250, 1758147388607x898014240790697700, 1785949295783x548744299333027400, 1744397288473x909294892772270800, 1764711530894x480989914892320700, 1776552489781x780158200693874000, 1758568877707x715638242996164100, 1771436045389x658317953644361100, 1760118921086x941497076227920600, 1746938798847x931997689495082400, 1747165674437x491901038958021200, 1746548006831x128230088489826860, 1751402056748x637551618886434600, 1754941249648x796792188496967000, 1745273541628x945470626229355500, 1744751205492x235134337285239230, 1784643082658x121064733756065300, 1746843461447x686795565273950000, 1760458225389x690604949380638100, 1777405836126x277715594249416060, 1744748222708x779656090283929300, 1747185390251x665604546429507900, 1744391553368x301043576290850300, 1769635123521x385801932800474700, 1761762406893x958878656538368500, 1746855895334x711816173120128000, 1783629215270x470942340385689600, 1777921226784x512595595894430850",,,,false,,,,,,,,,,,,,,,,,,,,,,impression
ajs-next-1786064873370-634a6a28-f399-49d1-b977-fda5a4bfcd3e,profile,5e230864-4843-4bb8-9b61-9b5675fa45db,2026-08-07 01:07:53.370000+00:00,business_profile,1786064042259x692870208226282400,"Mozilla/5.0 (iPhone; CPU iPhone OS 18_7 like Mac OS X) AppleWebKit/605.1.15 (KHTML, like Gecko) Version/26.6 Mobile/15E148 Safari/604.1",/business_profile/mabel-liz-photography,https://coloradocatholicbusinessdirectory.com/,,Mabel Liz Photography | Colorado Catholic Business Directory,https://coloradocatholicbusinessdirectory.com/business_profile/mabel-liz-photography,/business_profile/mabel-liz-photography,https://coloradocatholicbusinessdirectory.com/,,Mabel Liz Photography | Colorado Catholic Business Directory,https://coloradocatholicbusinessdirectory.com/business_profile/mabel-liz-photography,1786064042259x692870208226282400,profile,business_profile,,,,,,,,,,,,,,,,,,,,,,,,page
ajs-next-1786065014099-b57c1480-f132-4526-a721-8aba2d718dc8,,5e230864-4843-4bb8-9b61-9b5675fa45db,2026-08-07 01:10:14.099000+00:00,,1786064042259x692870208226282400,"Mozilla/5.0 (iPhone; CPU iPhone OS 18_7 like Mac OS X) AppleWebKit/605.1.15 (KHTML, like Gecko) Version/26.6 Mobile/15E148 Safari/604.1",/search,https://coloradocatholicbusinessdirectory.com/,,Search | Colorado Catholic Business Directory,https://coloradocatholicbusinessdirectory.com/search,,,,,,"1758120880051x675194275556497400, 1744740154739x566945822952470660, 1757720364741x595714121363069200, 1746635677548x343522492232585660, 1755271286521x378031808974615550, 1768238584049x399775147114029200, 1776102250538x198432379819539760, 1747864432460x772931238395911000, 1754081360962x724252535884739300, 1774573166178x561429420668618400, 1752717497153x537286585580736960, 1777042895042x187867473484191420, 1751224250248x539537516841198200, 1748581534531x956271769254002200, 1753982403438x535213824960417500, 1770755356265x111382421474427680, 1745597587022x519433479989605000, 1762889659042x996969350831174300, 1762271200864x775090106640580500, 1752687366861x422755081931784260, 1747170561218x640297169073643000, 1763305551668x997299018011994600, 1744398484109x785674167096991400, 1762957766158x632118084948257900, 1744907031541x119079844893356540, 1754505203290x671062062407191900, 1759423986281x805514757919405700, 1768584016102x834619843946063900, 1746631267951x741803061642879500, 1768427614253x929508274229176300, 1747420152884x437771544876149700, 1749580724532x760028975589297300, 1744737250347x219277345743008400, 1747848709032x210920410073364830, 1745528732739x896561533370513300, 1747594874125x270237571814453630, 1758312173588x895819358343598700, 1764893879099x465248075524681500, 1786064042259x692870208226282400, 1744579851707x640487742075829500, 1766011883106x917993758751800300, 1765001972595x338020444395840100, 1759930025997x126109694575208930, 1761919898226x928695665795906700, 1778709723276x637265650543127800, 1743547621069x279645472884266780, 1753465897836x101289632151690960, 1785541764222x907401192484364800, 1744319857648x144922844539837200, 1751425811600x127124815802215140, 1757355028996x505189727810192200, 1777321143190x321072500270616060, 1750783679107x801419812763124500, 1744282156200x727555159743162000, 1752182630575x854371423894944000, 1749068120323x412920063824988600, 1779371355755x238144527494011940, 1750784029587x963255839088365200, 1764963280733x431041418968701760, 1782146204142x629417106351450200, 1757437593796x460281345015416640, 1785246262777x370343103907722500, 1763408145585x201322720695875870, 1781830336957x808577548450478500, 1749173974503x736079030141835600, 1777042863057x294476376362385400, 1746827109704x963221719337950200, 1748389292320x918627677903932400, 1751319669665x621437589169731200, 1772982809798x739419868972941400, 1776210729408x448410210135887360, 1769719058268x843927058977011000, 1753911193017x504194995643152640, 1771538218470x758525499484679000, 1778678470875x691076180629588500, 1761762460002x434978052003146300, 1747163465846x476237095610093000, 1771021914207x198452557005754900, 1770943484557x164806709481949200, 1754927931120x470668069008822300, 1768581853937x610498789092930300, 1747398900475x598159844147748100, 1744743906400x631087870982087000, 1763672237927x725969385673238800, 1744643921578x315333816253624100, 1781734682517x295026001124971000, 1753985929691x853149258569598100, 1765399408996x262641226191956400, 1771545376609x752763268373144000, 1747221865162x703532834449508000, 1747216018889x770977089491677400, 1779223019066x495549806274790700, 1781791909727x427924501831676600, 1764781838221x716772635359430500, 1763569204895x378265538177280400, 1744175271939x575064790204550460, 1755533063776x956164571796881400, 1746765568691x979794717919274100, 1744260813114x505427712482621440, 1762364811793x796217509980630800, 1753909381745x872991521395046100, 1744736810207x919925185055488400, 1763148950401x545361905340972600, 1750423781412x480534435350699700, 1746467711533x453074785848415400, 1749742920378x965836759111504900, 1750436264420x989591292213482400, 1766070455303x639821695383855700, 1776360294100x840938158936498600, 1750784475796x702583457937545900, 1747184079669x994211808429350800, 1754084205128x675147807630683600, 1748365021326x105262688542451250, 1771433486472x495156137805681660, 1779898672007x583448227567234600, 1779564452798x328047204556438640, 1757369121056x350487849823425600, 1744760380914x558772773612561600, 1744157592334x292550965261606100, 1759153763139x433792388290277000, 1755621956288x571897163769246900, 1764342295066x618134664283571500, 1753135741395x558904608479141570, 1765991015203x350068785849064760, 1777052217878x935579896985562900, 1747183179554x540122160625888100, 1768844277981x664142917381285000, 1745533127765x291393362647413700, 1750783674403x491887953737125700, 1770152894907x464897480736850900, 1747827548541x313848517899538500, 1754949567759x639105313824555300, 1771517879190x523242735258870900, 1761930377989x951815782791809400, 1761044854709x307607562836745150, 1775058462201x523059865418210800, 1783603380895x646194509208660700, 1776373432940x530737443814194940, 1754624056001x759184470890143000, 1750785338983x949958887494882000, 1768426055630x579798080961828200, 1747415704843x665338483592092500, 1751744301621x758526182685981300, 1772482882558x843076024552954900, 1751749348389x952656707958261400, 1743549178851x847080663521240200, 1749057953945x756346430245684600, 1778185404695x597979725335827200, 1779207002005x542183775914824900, 1753374338412x209529915103450200, 1763255155587x707008769292458900, 1776360466250x658348247885801300, 1771003581692x955050931630977700, 1757438153395x416809556103947500, 1744134674881x127285411168640110, 1775244057768x699511577684581800, 1763509156539x144450665564595840, 1744335958024x226211831616957250, 1758147388607x898014240790697700, 1785949295783x548744299333027400, 1744397288473x909294892772270800, 1764711530894x480989914892320700, 1776552489781x780158200693874000, 1758568877707x715638242996164100, 1771436045389x658317953644361100, 1760118921086x941497076227920600, 1746938798847x931997689495082400, 1747165674437x491901038958021200, 1746548006831x128230088489826860, 1751402056748x637551618886434600, 1754941249648x796792188496967000, 1745273541628x945470626229355500, 1744751205492x235134337285239230, 1784643082658x121064733756065300, 1746843461447x686795565273950000, 1760458225389x690604949380638100, 1777405836126x277715594249416060, 1744748222708x779656090283929300, 1747185390251x665604546429507900, 1744391553368x301043576290850300, 1769635123521x385801932800474700, 1761762406893x958878656538368500, 1746855895334x711816173120128000, 1783629215270x470942340385689600, 1777921226784x512595595894430850",,,,false,,,,,,,,,,,,,,,,,,,,,,impression
ajs-next-1786065042017-b0a075d6-3b92-4258-9486-40049accbb69,,5e230864-4843-4bb8-9b61-9b5675fa45db,2026-08-07 01:10:42.017000+00:00,,1786064042259x692870208226282400,"Mozilla/5.0 (iPhone; CPU iPhone OS 18_7 like Mac OS X) AppleWebKit/605.1.15 (KHTML, like Gecko) Version/26.6 Mobile/15E148 Safari/604.1",/search,https://coloradocatholicbusinessdirectory.com/,?query=Photographer&category=,Search | Colorado Catholic Business Directory,https://coloradocatholicbusinessdirectory.com/search?query=Photographer&category=,,,,,,,,,,,"{'business_id': '1786064042259x692870208226282400', 'email': 'mabellizphotography@gmail.com', 'is_logged_in': True}",,,,,,,,,,,,,,,,,,,,,identify
ajs-next-1786064717433-5846525e-955c-4aa0-8b38-833cf18e67c2,,5e230864-4843-4bb8-9b61-9b5675fa45db,2026-08-07 01:05:17.433000+00:00,,1786064042259x692870208226282400,"Mozilla/5.0 (iPhone; CPU iPhone OS 18_7 like Mac OS X) AppleWebKit/605.1.15 (KHTML, like Gecko) Version/26.6 Mobile/15E148 Safari/604.1",/dashboard,https://coloradocatholicbusinessdirectory.com/,?view=list,Colorado Catholic Business Directory,https://coloradocatholicbusinessdirectory.com/dashboard?view=list,,,,,,1786064042259x692870208226282400,,,,,,,,2,logo,,,,,,,,,,,,,,,,,input_changed
ajs-next-1786064810050-31304782-a77d-4dce-b65e-b9df6bdc1565,search,5e230864-4843-4bb8-9b61-9b5675fa45db,2026-08-07 01:06:50.050000+00:00,search,1786064042259x692870208226282400,"Mozilla/5.0 (iPhone; CPU iPhone OS 18_7 like Mac OS X) AppleWebKit/605.1.15 (KHTML, like Gecko) Version/26.6 Mobile/15E148 Safari/604.1",/search,https://coloradocatholicbusinessdirectory.com/,,Search | Colorado Catholic Business Directory,https://coloradocatholicbusinessdirectory.com/search,/search,https://coloradocatholicbusinessdirectory.com/,,Search | Colorado Catholic Business Directory,https://coloradocatholicbusinessdirectory.com/search,,search,search,,,,,,,,,,,,,,,,,,,,,,,,page
ajs-next-1786065024228-d5266721-8aba-4d71-8dc8-361365c58be3,search,5e230864-4843-4bb8-9b61-9b5675fa45db,2026-08-07 01:10:24.228000+00:00,search,1786064042259x692870208226282400,"Mozilla/5.0 (iPhone; CPU iPhone OS 18_7 like Mac OS X) AppleWebKit/605.1.15 (KHTML, like Gecko) Version/26.6 Mobile/15E148 Safari/604.1",/search,https://coloradocatholicbusinessdirectory.com/,?query=Gave%20fuerte&category=,Search | Colorado Catholic Business Directory,https://coloradocatholicbusinessdirectory.com/search?query=Gave%20fuerte&category=,/search,https://coloradocatholicbusinessdirectory.com/,?query=Gave%20fuerte&category=,Search | Colorado Catholic Business Directory,https://coloradocatholicbusinessdirectory.com/search?query=Gave%20fuerte&category=,,search,search,,,,,,,,,,,,,,,,,,,,,,,,page
ajs-next-1786064849283-ccaab95d-030b-4ce8-99d6-9bb711398e34,,5e230864-4843-4bb8-9b61-9b5675fa45db,2026-08-07 01:07:29.283000+00:00,,1786064042259x692870208226282400,"Mozilla/5.0 (iPhone; CPU iPhone OS 18_7 like Mac OS X) AppleWebKit/605.1.15 (KHTML, like Gecko) Version/26.6 Mobile/15E148 Safari/604.1",/search,https://coloradocatholicbusinessdirectory.com/,?query=Photographer&category=,Search | Colorado Catholic Business Directory,https://coloradocatholicbusinessdirectory.com/search?query=Photographer&category=,,,,,,,,,,,"{'business_id': '1786064042259x692870208226282400', 'email': 'mabellizphotography@gmail.com', 'is_logged_in': True}",,,,,,,,,,,,,,,,,,,,,identify
ajs-next-1786064867948-cba70bcf-52b9-4779-874f-9c67d397dbf1,profile,5e230864-4843-4bb8-9b61-9b5675fa45db,2026-08-07 01:07:47.948000+00:00,business_profile,1786064042259x692870208226282400,"Mozilla/5.0 (iPhone; CPU iPhone OS 18_7 like Mac OS X) AppleWebKit/605.1.15 (KHTML, like Gecko) Version/26.6 Mobile/15E148 Safari/604.1",/business_profile/grinnon-photography-1758568877707x715638242996164100,https://coloradocatholicbusinessdirectory.com/,,Mabel Liz Photography | Colorado Catholic Business Directory,https://coloradocatholicbusinessdirectory.com/business_profile/grinnon-photography-1758568877707x715638242996164100,/business_profile/grinnon-photography-1758568877707x715638242996164100,https://coloradocatholicbusinessdirectory.com/,,Mabel Liz Photography | Colorado Catholic Business Directory,https://coloradocatholicbusinessdirectory.com/business_profile/grinnon-photography-1758568877707x715638242996164100,1758568877707x715638242996164100,profile,business_profile,,,,,,,,,,,,,,,,,,,,,,,,page
ajs-next-1786065125978-43c27123-51b6-4af1-91f2-b3a0e2706f9f,,5e230864-4843-4bb8-9b61-9b5675fa45db,2026-08-07 01:12:05.978000+00:00,,1786064042259x692870208226282400,"Mozilla/5.0 (iPhone; CPU iPhone OS 18_7 like Mac OS X) AppleWebKit/605.1.15 (KHTML, like Gecko) Version/26.6 Mobile/15E148 Safari/604.1",/search,https://coloradocatholicbusinessdirectory.com/,?query=Photographer%20&category=,Search | Colorado Catholic Business Directory,https://coloradocatholicbusinessdirectory.com/search?query=Photographer%20&category=,,,,,,,,,,,"{'business_id': '1786064042259x692870208226282400', 'email': 'mabellizphotography@gmail.com', 'is_logged_in': True}",,,,,,,,,,,,,,,,,,,,,identify
ajs-next-1786065143564-99626ee6-f033-4343-a5a7-afa0b6e968b7,index,5e230864-4843-4bb8-9b61-9b5675fa45db,2026-08-07 01:12:23.564000+00:00,index,1786064042259x692870208226282400,"Mozilla/5.0 (iPhone; CPU iPhone OS 18_7 like Mac OS X) AppleWebKit/605.1.15 (KHTML, like Gecko) Version/26.6 Mobile/15E148 Safari/604.1",/,,,Colorado Catholic Business Directory,https://coloradocatholicbusinessdirectory.com/,/,,,Colorado Catholic Business Directory,https://coloradocatholicbusinessdirectory.com/,,index,index,,,,,,,,,,,,,,,,,,,,,,,,page
ajs-next-1786095138831-180abaed-e0a1-4635-be66-d19a365b0755,,480bb81b-aa1d-46ec-980a-baede0a1e635,2026-08-07 09:32:18.831000+00:00,,,"Mozilla/5.0 AppleWebKit/537.36 (KHTML, like Gecko; compatible; bingbot/2.0; +http://www.bing.com/bingbot.htm) Chrome/136.0.0.0 Safari/537.36",/search,,?category=Other,Search | Colorado Catholic Business Directory,https://coloradocatholicbusinessdirectory.com/search?category=Other,,,,,,,,,main_list,true,,,,,,,,,,,,,,,,,,,[],False,,impression
ajs-next-1786104275698-45c89b84-49e9-4a0f-906d-024c474e4e45,search,5864adf5-bd2f-4ffe-bb72-6cce0535c4cb,2026-08-07 12:04:35.698000+00:00,search,,"Mozilla/5.0 (iPhone; CPU iPhone OS 18_7 like Mac OS X) AppleWebKit/605.1.15 (KHTML, like Gecko) Version/26.6 Mobile/15E148 Safari/604.1",/search,https://coloradocatholicbusinessdirectory.com/,?query=&category=Marketing%2FB2B,Search | Colorado Catholic Business Directory,https://coloradocatholicbusinessdirectory.com/search?query=&category=Marketing%2FB2B,/search,https://coloradocatholicbusinessdirectory.com/,?query=&category=Marketing%2FB2B,Search | Colorado Catholic Business Directory,https://coloradocatholicbusinessdirectory.com/search?query=&category=Marketing%2FB2B,,search,search,,,,,,,,,,,,,,,,,,,,,,,,page
ajs-next-1786104276003-9b8449e9-7a0f-406d-824c-474e4e458f61,,5864adf5-bd2f-4ffe-bb72-6cce0535c4cb,2026-08-07 12:04:36.003000+00:00,,,"Mozilla/5.0 (iPhone; CPU iPhone OS 18_7 like Mac OS X) AppleWebKit/605.1.15 (KHTML, like Gecko) Version/26.6 Mobile/15E148 Safari/604.1",/search,https://coloradocatholicbusinessdirectory.com/,?query=&category=Marketing%2FB2B,Search | Colorado Catholic Business Directory,https://coloradocatholicbusinessdirectory.com/search?query=&category=Marketing%2FB2B,,,,,,,,,sidebar,true,,,,,,,,,,,,,,,,,,,,,,impression
ajs-next-1786104276620-7a0fd06d-024c-474e-8e45-8f617f0e6a07,,5864adf5-bd2f-4ffe-bb72-6cce0535c4cb,2026-08-07 12:04:36.620000+00:00,,,"Mozilla/5.0 (iPhone; CPU iPhone OS 18_7 like Mac OS X) AppleWebKit/605.1.15 (KHTML, like Gecko) Version/26.6 Mobile/15E148 Safari/604.1",/search,https://coloradocatholicbusinessdirectory.com/,?query=&category=Marketing%2FB2B,Search | Colorado Catholic Business Directory,https://coloradocatholicbusinessdirectory.com/search?query=&category=Marketing%2FB2B,,,,,,"1753374338412x209529915103450200, 1778709723276x637265650543127800, 1752717497153x537286585580736960, 1768426055630x579798080961828200, 1776373432940x530737443814194940, 1757437593796x460281345015416640, 1754081360962x724252535884739300, 1779564452798x328047204556438640, 1754084205128x675147807630683600, 1744397288473x909294892772270800, 1765399408996x262641226191956400, 1757438153395x416809556103947500, 1777321143190x321072500270616060, 1743547621069x279645472884266780, 1744643921578x315333816253624100",,,,false,,,,,,,,,,,,,,,,,,,,,,impression
ajs-next-1786104276309-49e97a0f-d06d-424c-874e-4e458f617f0e,,5864adf5-bd2f-4ffe-bb72-6cce0535c4cb,2026-08-07 12:04:36.309000+00:00,,,"Mozilla/5.0 (iPhone; CPU iPhone OS 18_7 like Mac OS X) AppleWebKit/605.1.15 (KHTML, like Gecko) Version/26.6 Mobile/15E148 Safari/604.1",/search,https://coloradocatholicbusinessdirectory.com/,?query=&category=Marketing%2FB2B,Search | Colorado Catholic Business Directory,https://coloradocatholicbusinessdirectory.com/search?query=&category=Marketing%2FB2B,,,,,,1744643921578x315333816253624100,,,main_list,true,,,,,,,,,,,,,,,,,,,,,,impression
ajs-next-1786119656260-860430d2-40a6-488e-99a0-372f93edacb2,dashboard,67363e05-8604-40d2-80a6-188e99a0372f,2026-08-07 16:20:56.260000+00:00,dashboard,,Mozilla/5.0 (Windows NT 10.0; Win64; x64; rv:153.0) Gecko/20100101 Firefox/153.0,/dashboard,,?view=settings,Colorado Catholic Business Directory,https://coloradocatholicbusinessdirectory.com/dashboard?view=settings,/dashboard,,?view=settings,Colorado Catholic Business Directory,https://coloradocatholicbusinessdirectory.com/dashboard?view=settings,1786119632366x155088793365941730,dashboard,dashboard,,,,,,,,,,,,,,,,,,,,,,,,page
ajs-next-1786119692440-d911af3e-7e01-4ad6-ae88-c646d906bf8a,dashboard,67363e05-8604-40d2-80a6-188e99a0372f,2026-08-07 16:21:32.440000+00:00,dashboard,1753982403438x535213824960417500,Mozilla/5.0 (Windows NT 10.0; Win64; x64; rv:153.0) Gecko/20100101 Firefox/153.0,/dashboard,https://coloradocatholicbusinessdirectory.com/,?view=list,Colorado Catholic Business Directory,https://coloradocatholicbusinessdirectory.com/dashboard?view=list,/dashboard,https://coloradocatholicbusinessdirectory.com/,?view=list,Colorado Catholic Business Directory,https://coloradocatholicbusinessdirectory.com/dashboard?view=list,1753982403438x535213824960417500,dashboard,dashboard,,,,,,,,,,,,,,,,,,,,,,,,page
ajs-next-1786119740176-af3e7e01-1ad6-4e88-8646-d906bf8adb9d,,67363e05-8604-40d2-80a6-188e99a0372f,2026-08-07 16:22:20.176000+00:00,,1753982403438x535213824960417500,Mozilla/5.0 (Windows NT 10.0; Win64; x64; rv:153.0) Gecko/20100101 Firefox/153.0,/dashboard,https://coloradocatholicbusinessdirectory.com/,?view=list,Colorado Catholic Business Directory,https://coloradocatholicbusinessdirectory.com/dashboard?view=list,,,,,,1753982403438x535213824960417500,,,,,,,"Choosing Fidelis means aligning your financial life with your faith, values, and community. As Colorado’s largest Catholic credit union, Fidelis is member-owned, mission-driven, and dedicated to serving the Catholic community.

- Lower fees, higher savings rates, and competitive loan options
- Faith-aligned financial stewardship guided by Catholic values
- Support for Catholic parishes, schools, and charitable causes
- Local and personal service from a trusted team who shares your values

We're excited to partner with you, your family, and your parish!

We currently have 3 locations throughout Denver: Arvada, Northglenn, and the Denver Tech Center.
https://www.fideliscu.org/locations-hours",11,description,,,,,,,,,,,,,,,,,input_changed
ajs-next-1786119663576-23cab2ec-7845-47cc-9121-2effafa6cf50,,67363e05-8604-40d2-80a6-188e99a0372f,2026-08-07 16:21:03.576000+00:00,,,Mozilla/5.0 (Windows NT 10.0; Win64; x64; rv:153.0) Gecko/20100101 Firefox/153.0,/,https://coloradocatholicbusinessdirectory.com/,,Colorado Catholic Business Directory,https://coloradocatholicbusinessdirectory.com/,,,,,,"1752717497153x537286585580736960, 1781830336957x808577548450478500, 1770943484557x164806709481949200, 1753982403438x535213824960417500, 1744579851707x640487742075829500, 1744643921578x315333816253624100, 1771436045389x658317953644361100",,,,true,,,,,,,,,,,,,,,,,,,,,,impression
ajs-next-1786119746612-2e88c646-d906-4f8a-9b9d-2729812f9826,,67363e05-8604-40d2-80a6-188e99a0372f,2026-08-07 16:22:26.612000+00:00,,1753982403438x535213824960417500,Mozilla/5.0 (Windows NT 10.0; Win64; x64; rv:153.0) Gecko/20100101 Firefox/153.0,/dashboard,https://coloradocatholicbusinessdirectory.com/,?view=list,Colorado Catholic Business Directory,https://coloradocatholicbusinessdirectory.com/dashboard?view=list,,,,,,1753982403438x535213824960417500,,,,,,,,,,tedm@fideliscu.org,,,St. Mary - Littleton,,,"Choosing Fidelis means aligning your financial life with your faith, values, and community. As Colorado’s largest Catholic credit union, Fidelis is member-owned, mission-driven, and dedicated to serving the Catholic community.

- Lower fees, higher savings rates, and competitive loan options
- Faith-aligned financial stewardship guided by Catholic values
- Support for Catholic parishes, schools, and charitable causes
- Local and personal service from a trusted team who shares your values

We're excited to partner with you, your family, and your parish!

We currently have 3 locations throughout Denver: Arvada, Northglenn, and the Denver Tech Center.
https://www.fideliscu.org/locations-hours",tedm@fideliscu.org,Fidelis Catholic Credit Union,Finance,303.424.5037,Banking and Financial Services,www.fideliscu.org/about,,,,db_update
ajs-next-1786119687473-31d042ad-2a66-4911-af3e-7e011ad62e88,dashboard,67363e05-8604-40d2-80a6-188e99a0372f,2026-08-07 16:21:27.473000+00:00,dashboard,1753982403438x535213824960417500,Mozilla/5.0 (Windows NT 10.0; Win64; x64; rv:153.0) Gecko/20100101 Firefox/153.0,/dashboard,https://coloradocatholicbusinessdirectory.com/,?view=list,Colorado Catholic Business Directory,https://coloradocatholicbusinessdirectory.com/dashboard?view=list,/dashboard,https://coloradocatholicbusinessdirectory.com/,?view=list,Colorado Catholic Business Directory,https://coloradocatholicbusinessdirectory.com/dashboard?view=list,1753982403438x535213824960417500,dashboard,dashboard,,,,,,,,,,,,,,,,,,,,,,,,page
ajs-next-1786119637713-6a67363e-0586-4430-9240-a6188e99a037,dashboard,67363e05-8604-40d2-80a6-188e99a0372f,2026-08-07 16:20:37.713000+00:00,dashboard,,Mozilla/5.0 (Windows NT 10.0; Win64; x64; rv:153.0) Gecko/20100101 Firefox/153.0,/dashboard,,?view=billing,Colorado Catholic Business Directory,https://coloradocatholicbusinessdirectory.com/dashboard?view=billing,/dashboard,,?view=billing,Colorado Catholic Business Directory,https://coloradocatholicbusinessdirectory.com/dashboard?view=billing,1786119632366x155088793365941730,dashboard,dashboard,,,,,,,,,,,,,,,,,,,,,,,,page
ajs-next-1786119667559-b2ec7845-37cc-4121-aeff-afa6cf502e9c,,67363e05-8604-40d2-80a6-188e99a0372f,2026-08-07 16:21:07.558000+00:00,,,Mozilla/5.0 (Windows NT 10.0; Win64; x64; rv:153.0) Gecko/20100101 Firefox/153.0,/,https://coloradocatholicbusinessdirectory.com/,,Colorado Catholic Business Directory,https://coloradocatholicbusinessdirectory.com/,,,,,,,,,navbar,,,login,,,,,,,,,,,,,,,,,,,,button_click
ajs-next-1786119745624-1ad62e88-c646-4906-bf8a-db9d2729812f,,67363e05-8604-40d2-80a6-188e99a0372f,2026-08-07 16:22:25.624000+00:00,,1753982403438x535213824960417500,Mozilla/5.0 (Windows NT 10.0; Win64; x64; rv:153.0) Gecko/20100101 Firefox/153.0,/dashboard,https://coloradocatholicbusinessdirectory.com/,?view=list,Colorado Catholic Business Directory,https://coloradocatholicbusinessdirectory.com/dashboard?view=list,,,,,,1753982403438x535213824960417500,,,,,,faith,,,,,,,,,,,,,,,,,,,,button_click
ajs-next-1786119651253-3e058604-30d2-40a6-988e-99a0372f93ed,dashboard,67363e05-8604-40d2-80a6-188e99a0372f,2026-08-07 16:20:51.253000+00:00,dashboard,,Mozilla/5.0 (Windows NT 10.0; Win64; x64; rv:153.0) Gecko/20100101 Firefox/153.0,/dashboard,,?view=list,Colorado Catholic Business Directory,https://coloradocatholicbusinessdirectory.com/dashboard?view=list,/dashboard,,?view=list,Colorado Catholic Business Directory,https://coloradocatholicbusinessdirectory.com/dashboard?view=list,1786119632366x155088793365941730,dashboard,dashboard,,,,,,,,,,,,,,,,,,,,,,,,page
ajs-next-1786119663271-c77123ca-b2ec-4845-b7cc-91212effafa6,,67363e05-8604-40d2-80a6-188e99a0372f,2026-08-07 16:21:03.271000+00:00,,,Mozilla/5.0 (Windows NT 10.0; Win64; x64; rv:153.0) Gecko/20100101 Firefox/153.0,/,https://coloradocatholicbusinessdirectory.com/,,Colorado Catholic Business Directory,https://coloradocatholicbusinessdirectory.com/,,,,,,"1752717497153x537286585580736960, 1781830336957x808577548450478500, 1770943484557x164806709481949200, 1753982403438x535213824960417500, 1744579851707x640487742075829500, 1744643921578x315333816253624100, 1771436045389x658317953644361100",,,,true,,,,,,,,,,,,,,,,,,,,,,impression
ajs-next-1786119749920-1a434f9e-2e5b-463f-a6a2-bbb346ce89e3,profile,67363e05-8604-40d2-80a6-188e99a0372f,2026-08-07 16:22:29.920000+00:00,business_profile,1753982403438x535213824960417500,Mozilla/5.0 (Windows NT 10.0; Win64; x64; rv:153.0) Gecko/20100101 Firefox/153.0,/business_profile/fidelis-catholic-credit-union,https://coloradocatholicbusinessdirectory.com/,,Fidelis Catholic Credit Union | Colorado Catholic Business Directory,https://coloradocatholicbusinessdirectory.com/business_profile/fidelis-catholic-credit-union,/business_profile/fidelis-catholic-credit-union,https://coloradocatholicbusinessdirectory.com/,,Fidelis Catholic Credit Union | Colorado Catholic Business Directory,https://coloradocatholicbusinessdirectory.com/business_profile/fidelis-catholic-credit-union,1753982403438x535213824960417500,profile,business_profile,,,,,,,,,,,,,,,,,,,,,,,,page
ajs-next-1786119657884-30d240a6-188e-49a0-b72f-93edacb276d2,dashboard,67363e05-8604-40d2-80a6-188e99a0372f,2026-08-07 16:20:57.884000+00:00,dashboard,,Mozilla/5.0 (Windows NT 10.0; Win64; x64; rv:153.0) Gecko/20100101 Firefox/153.0,/dashboard,,?view=list,Colorado Catholic Business Directory,https://coloradocatholicbusinessdirectory.com/dashboard?view=list,/dashboard,,?view=list,Colorado Catholic Business Directory,https://coloradocatholicbusinessdirectory.com/dashboard?view=list,1786119632366x155088793365941730,dashboard,dashboard,,,,,,,,,,,,,,,,,,,,,,,,page
ajs-next-1786119674392-89b5a763-5f98-4f39-816e-1f22f3a43f8d,,67363e05-8604-40d2-80a6-188e99a0372f,2026-08-07 16:21:14.392000+00:00,,,Mozilla/5.0 (Windows NT 10.0; Win64; x64; rv:153.0) Gecko/20100101 Firefox/153.0,/start,https://coloradocatholicbusinessdirectory.com/,?login=yes,Login,https://coloradocatholicbusinessdirectory.com/start?login=yes,,,,,,,,,,,,login,,,,tedm@fideliscu.org,,,,,,,,,,,,,,,,button_click
ajs-next-1786119670852-337089b5-a763-4f98-9f39-816e1f22f3a4,start,67363e05-8604-40d2-80a6-188e99a0372f,2026-08-07 16:21:10.852000+00:00,start,,Mozilla/5.0 (Windows NT 10.0; Win64; x64; rv:153.0) Gecko/20100101 Firefox/153.0,/start,https://coloradocatholicbusinessdirectory.com/,?login=yes,Login,https://coloradocatholicbusinessdirectory.com/start?login=yes,/start,https://coloradocatholicbusinessdirectory.com/,?login=yes,Login,https://coloradocatholicbusinessdirectory.com/start?login=yes,,start,start,,,,,,,,,,,,,,,,,,,,,,,,page
ajs-next-1786119677085-a4bd45b2-ec4e-4b44-b714-b9a74b960dbd,index,67363e05-8604-40d2-80a6-188e99a0372f,2026-08-07 16:21:17.085000+00:00,index,1753982403438x535213824960417500,Mozilla/5.0 (Windows NT 10.0; Win64; x64; rv:153.0) Gecko/20100101 Firefox/153.0,/,https://coloradocatholicbusinessdirectory.com/,,Colorado Catholic Business Directory,https://coloradocatholicbusinessdirectory.com/,/,https://coloradocatholicbusinessdirectory.com/,,Colorado Catholic Business Directory,https://coloradocatholicbusinessdirectory.com/,,index,index,,,,,,,,,,,,,,,,,,,,,,,,page
ajs-next-1786119749919-42981a43-4f9e-4e5b-b63f-26a2bbb346ce,,67363e05-8604-40d2-80a6-188e99a0372f,2026-08-07 16:22:29.919000+00:00,,1753982403438x535213824960417500,Mozilla/5.0 (Windows NT 10.0; Win64; x64; rv:153.0) Gecko/20100101 Firefox/153.0,/business_profile/fidelis-catholic-credit-union,https://coloradocatholicbusinessdirectory.com/,,Fidelis Catholic Credit Union | Colorado Catholic Business Directory,https://coloradocatholicbusinessdirectory.com/business_profile/fidelis-catholic-credit-union,,,,,,,,,,,"{'email': 'tedm@fideliscu.org', 'is_logged_in': True}",,,,,,,,,,,,,,,,,,,,,identify
ajs-next-1786119691097-2a66d911-af3e-4e01-9ad6-2e88c646d906,dashboard,67363e05-8604-40d2-80a6-188e99a0372f,2026-08-07 16:21:31.097000+00:00,dashboard,1753982403438x535213824960417500,Mozilla/5.0 (Windows NT 10.0; Win64; x64; rv:153.0) Gecko/20100101 Firefox/153.0,/dashboard,https://coloradocatholicbusinessdirectory.com/,?view=settings,Colorado Catholic Business Directory,https://coloradocatholicbusinessdirectory.com/dashboard?view=settings,/dashboard,https://coloradocatholicbusinessdirectory.com/,?view=settings,Colorado Catholic Business Directory,https://coloradocatholicbusinessdirectory.com/dashboard?view=settings,1753982403438x535213824960417500,dashboard,dashboard,,,,,,,,,,,,,,,,,,,,,,,,page
ajs-next-1786119677082-ded4a4bd-45b2-4c4e-8b44-b714b9a74b96,,67363e05-8604-40d2-80a6-188e99a0372f,2026-08-07 16:21:17.082000+00:00,,1753982403438x535213824960417500,Mozilla/5.0 (Windows NT 10.0; Win64; x64; rv:153.0) Gecko/20100101 Firefox/153.0,/,https://coloradocatholicbusinessdirectory.com/,,Colorado Catholic Business Directory,https://coloradocatholicbusinessdirectory.com/,,,,,,,,,,,"{'email': 'tedm@fideliscu.org', 'is_logged_in': True}",,,,,,,,,,,,,,,,,,,,,identify
ajs-next-1786119740195-7e011ad6-2e88-4646-9906-bf8adb9d2729,,67363e05-8604-40d2-80a6-188e99a0372f,2026-08-07 16:22:20.195000+00:00,,1753982403438x535213824960417500,Mozilla/5.0 (Windows NT 10.0; Win64; x64; rv:153.0) Gecko/20100101 Firefox/153.0,/dashboard,https://coloradocatholicbusinessdirectory.com/,?view=list,Colorado Catholic Business Directory,https://coloradocatholicbusinessdirectory.com/dashboard?view=list,,,,,,1753982403438x535213824960417500,,,,,,save,,,,,,,,,,,,,,,,,,,,button_click
ajs-next-1786119688519-42ad2a66-d911-4f3e-be01-1ad62e88c646,dashboard,67363e05-8604-40d2-80a6-188e99a0372f,2026-08-07 16:21:28.519000+00:00,dashboard,1753982403438x535213824960417500,Mozilla/5.0 (Windows NT 10.0; Win64; x64; rv:153.0) Gecko/20100101 Firefox/153.0,/dashboard,https://coloradocatholicbusinessdirectory.com/,?view=billing,Colorado Catholic Business Directory,https://coloradocatholicbusinessdirectory.com/dashboard?view=billing,/dashboard,https://coloradocatholicbusinessdirectory.com/,?view=billing,Colorado Catholic Business Directory,https://coloradocatholicbusinessdirectory.com/dashboard?view=billing,1753982403438x535213824960417500,dashboard,dashboard,,,,,,,,,,,,,,,,,,,,,,,,page
ajs-next-1786119678065-ec4ecb44-b714-49a7-8b96-0dbd8fd4a96d,,67363e05-8604-40d2-80a6-188e99a0372f,2026-08-07 16:21:18.065000+00:00,,1753982403438x535213824960417500,Mozilla/5.0 (Windows NT 10.0; Win64; x64; rv:153.0) Gecko/20100101 Firefox/153.0,/,https://coloradocatholicbusinessdirectory.com/,,Colorado Catholic Business Directory,https://coloradocatholicbusinessdirectory.com/,,,,,,"1781830336957x808577548450478500, 1770943484557x164806709481949200, 1752717497153x537286585580736960, 1744643921578x315333816253624100, 1771436045389x658317953644361100, 1744579851707x640487742075829500, 1753982403438x535213824960417500",,,,true,,,,,,,,,,,,,,,,,,,,,,impression
ajs-next-1786119678062-45b2ec4e-cb44-4714-b9a7-4b960dbd8fd4,,67363e05-8604-40d2-80a6-188e99a0372f,2026-08-07 16:21:18.062000+00:00,,1753982403438x535213824960417500,Mozilla/5.0 (Windows NT 10.0; Win64; x64; rv:153.0) Gecko/20100101 Firefox/153.0,/,https://coloradocatholicbusinessdirectory.com/,,Colorado Catholic Business Directory,https://coloradocatholicbusinessdirectory.com/,,,,,,"1781830336957x808577548450478500, 1770943484557x164806709481949200, 1752717497153x537286585580736960, 1744643921578x315333816253624100, 1771436045389x658317953644361100, 1744579851707x640487742075829500, 1753982403438x535213824960417500",,,,true,,,,,,,,,,,,,,,,,,,,,,impression
ajs-next-1786119687471-d68331d0-42ad-4a66-9911-af3e7e011ad6,,67363e05-8604-40d2-80a6-188e99a0372f,2026-08-07 16:21:27.471000+00:00,,1753982403438x535213824960417500,Mozilla/5.0 (Windows NT 10.0; Win64; x64; rv:153.0) Gecko/20100101 Firefox/153.0,/dashboard,https://coloradocatholicbusinessdirectory.com/,?view=list,Colorado Catholic Business Directory,https://coloradocatholicbusinessdirectory.com/dashboard?view=list,,,,,,,,,,,"{'email': 'tedm@fideliscu.org', 'is_logged_in': True}",,,,,,,,,,,,,,,,,,,,,identify
ajs-next-1786119663268-fdfcc771-23ca-42ec-b845-37cc91212eff,index,67363e05-8604-40d2-80a6-188e99a0372f,2026-08-07 16:21:03.268000+00:00,index,,Mozilla/5.0 (Windows NT 10.0; Win64; x64; rv:153.0) Gecko/20100101 Firefox/153.0,/,https://coloradocatholicbusinessdirectory.com/,,Colorado Catholic Business Directory,https://coloradocatholicbusinessdirectory.com/,/,https://coloradocatholicbusinessdirectory.com/,,Colorado Catholic Business Directory,https://coloradocatholicbusinessdirectory.com/,,index,index,,,,,,,,,,,,,,,,,,,,,,,,page
ajs-next-1786125681515-d69e03ab-24c3-49d7-872e-071b7ff5587c,start,9e03ab24-c389-4707-ae07-1b7ff5587c68,2026-08-07 18:01:21.515000+00:00,start,,"Mozilla/5.0 (Windows NT 10.0; Win64; x64) AppleWebKit/537.36 (KHTML, like Gecko) Chrome/151.0.0.0 Safari/537.36",/start,https://coloradocatholicbusinessdirectory.com/,?login=yes,Login,https://coloradocatholicbusinessdirectory.com/start?login=yes,/start,https://coloradocatholicbusinessdirectory.com/,?login=yes,Login,https://coloradocatholicbusinessdirectory.com/start?login=yes,,start,start,,,,,,,,,,,,,,,,,,,,,"[{'brand': 'Chromium', 'version': '151'}, {'brand': 'Not:A-Brand', 'version': '99'}, {'brand': 'Google Chrome', 'version': '151'}]",False,Windows,page
ajs-next-1786125620716-bca4cf64-7558-4f4f-ac8a-fc6cd63dbf0e,,d2b9bca4-cf64-4558-8f4f-ac8afc6cd63d,2026-08-07 18:00:20.716000+00:00,,,"Mozilla/5.0 (Windows NT 10.0; Win64; x64) AppleWebKit/537.36 (KHTML, like Gecko) Chrome/151.0.0.0 Safari/537.36",/,,,Colorado Catholic Business Directory,https://coloradocatholicbusinessdirectory.com/,,,,,,"1771436045389x658317953644361100, 1753982403438x535213824960417500, 1744579851707x640487742075829500, 1781830336957x808577548450478500, 1770943484557x164806709481949200, 1752717497153x537286585580736960, 1744643921578x315333816253624100",,,,true,,,,,,,,,,,,,,,,,,,"[{'brand': 'Chromium', 'version': '151'}, {'brand': 'Not:A-Brand', 'version': '99'}, {'brand': 'Google Chrome', 'version': '151'}]",False,Windows,impression
ajs-next-1786125839735-3f953186-2c46-47f3-a3ac-10e825c67993,,97e6a573-c986-4702-b7ef-accda406c402,2026-08-07 18:03:59.735000+00:00,,1779564452798x328047204556438640,"Mozilla/5.0 (Windows NT 10.0; Win64; x64) AppleWebKit/537.36 (KHTML, like Gecko) Chrome/151.0.0.0 Safari/537.36",/start,https://coloradocatholicbusinessdirectory.com/,?login=yes,Login,https://coloradocatholicbusinessdirectory.com/start?login=yes,,,,,,,,,navbar,,,login,,,,,,,,,,,,,,,,,"[{'brand': 'Not=A?Brand', 'version': '99'}, {'brand': 'Google Chrome', 'version': '151'}, {'brand': 'Chromium', 'version': '151'}]",False,Windows,button_click
ajs-next-1786125582308-d72b6f9c-fe98-41be-ae8a-b7270ce99997,,97e6a573-c986-4702-b7ef-accda406c402,2026-08-07 17:59:42.308000+00:00,,1779564452798x328047204556438640,"Mozilla/5.0 (Windows NT 10.0; Win64; x64) AppleWebKit/537.36 (KHTML, like Gecko) Chrome/151.0.0.0 Safari/537.36",/,,,Colorado Catholic Business Directory,https://coloradocatholicbusinessdirectory.com/,,,,,,"1771436045389x658317953644361100, 1753982403438x535213824960417500, 1744643921578x315333816253624100, 1744579851707x640487742075829500, 1752717497153x537286585580736960, 1781830336957x808577548450478500, 1770943484557x164806709481949200",,,,true,,,,,,,,,,,,,,,,,,,"[{'brand': 'Not=A?Brand', 'version': '99'}, {'brand': 'Google Chrome', 'version': '151'}, {'brand': 'Chromium', 'version': '151'}]",False,Windows,impression
ajs-next-1786125736825-ef41ff54-e7f1-410c-8ea4-b47d20af280f,,97e6a573-c986-4702-b7ef-accda406c402,2026-08-07 18:02:16.825000+00:00,,1779564452798x328047204556438640,"Mozilla/5.0 (Windows NT 10.0; Win64; x64) AppleWebKit/537.36 (KHTML, like Gecko) Chrome/151.0.0.0 Safari/537.36",/,,,Colorado Catholic Business Directory,https://coloradocatholicbusinessdirectory.com/,,,,,,"1770943484557x164806709481949200, 1752717497153x537286585580736960, 1771436045389x658317953644361100, 1744643921578x315333816253624100, 1753982403438x535213824960417500, 1744579851707x640487742075829500, 1781830336957x808577548450478500",,,,true,,,,,,,,,,,,,,,,,,,"[{'brand': 'Not=A?Brand', 'version': '99'}, {'brand': 'Google Chrome', 'version': '151'}, {'brand': 'Chromium', 'version': '151'}]",False,Windows,impression
ajs-next-1786125636067-8cba4fcd-2539-4b78-81e4-50baee007afa,,97e6a573-c986-4702-b7ef-accda406c402,2026-08-07 18:00:36.067000+00:00,,1779564452798x328047204556438640,"Mozilla/5.0 (Windows NT 10.0; Win64; x64) AppleWebKit/537.36 (KHTML, like Gecko) Chrome/151.0.0.0 Safari/537.36",/start,https://coloradocatholicbusinessdirectory.com/,?login=yes,Login,https://coloradocatholicbusinessdirectory.com/start?login=yes,,,,,,,,,,,,login,,,,Anniefinsilver.c21@gmail.com,,,,,,,,,,,,,"[{'brand': 'Not=A?Brand', 'version': '99'}, {'brand': 'Google Chrome', 'version': '151'}, {'brand': 'Chromium', 'version': '151'}]",False,Windows,button_click
ajs-next-1786125784018-4e658e37-776a-4008-9b79-06bb83fe0078,,fb30ac6c-cd7f-4e65-8e37-776a20089b79,2026-08-07 18:03:04.018000+00:00,,,"Mozilla/5.0 (Windows NT 10.0; Win64; x64) AppleWebKit/537.36 (KHTML, like Gecko) Chrome/150.0.0.0 Safari/537.36",/,,,Colorado Catholic Business Directory,https://coloradocatholicbusinessdirectory.com/,,,,,,,,,,,,search,,,,,,,,,,,,,,,,,"[{'brand': 'Chromium', 'version': '150'}, {'brand': 'Not:A-Brand', 'version': '8'}, {'brand': 'Google Chrome', 'version': '150'}]",False,Windows,button_click
ajs-next-1786125740087-913967f6-f621-44ed-a7db-6785b35f9eef,start,97e6a573-c986-4702-b7ef-accda406c402,2026-08-07 18:02:20.087000+00:00,start,1779564452798x328047204556438640,"Mozilla/5.0 (Windows NT 10.0; Win64; x64) AppleWebKit/537.36 (KHTML, like Gecko) Chrome/151.0.0.0 Safari/537.36",/start,https://coloradocatholicbusinessdirectory.com/,?login=yes,Login,https://coloradocatholicbusinessdirectory.com/start?login=yes,/start,https://coloradocatholicbusinessdirectory.com/,?login=yes,Login,https://coloradocatholicbusinessdirectory.com/start?login=yes,,start,start,,,,,,,,,,,,,,,,,,,,,"[{'brand': 'Not=A?Brand', 'version': '99'}, {'brand': 'Google Chrome', 'version': '151'}, {'brand': 'Chromium', 'version': '151'}]",False,Windows,page
ajs-next-1786125613519-405208f5-0f42-4cba-8fcd-2539ab7881e4,,97e6a573-c986-4702-b7ef-accda406c402,2026-08-07 18:00:13.519000+00:00,,1779564452798x328047204556438640,"Mozilla/5.0 (Windows NT 10.0; Win64; x64) AppleWebKit/537.36 (KHTML, like Gecko) Chrome/151.0.0.0 Safari/537.36",/start,https://coloradocatholicbusinessdirectory.com/,?login=no,Login,https://coloradocatholicbusinessdirectory.com/start?login=no,,,,,,,,,,,,sign_up,,,,Anniefinsilver.c21@gmail.com,,,,,,,,,,,,,"[{'brand': 'Not=A?Brand', 'version': '99'}, {'brand': 'Google Chrome', 'version': '151'}, {'brand': 'Chromium', 'version': '151'}]",False,Windows,button_click
ajs-next-1786125620568-0f428cba-4fcd-4539-ab78-81e450baee00,start,97e6a573-c986-4702-b7ef-accda406c402,2026-08-07 18:00:20.568000+00:00,start,1779564452798x328047204556438640,"Mozilla/5.0 (Windows NT 10.0; Win64; x64) AppleWebKit/537.36 (KHTML, like Gecko) Chrome/151.0.0.0 Safari/537.36",/start,https://coloradocatholicbusinessdirectory.com/,?login=yes,Login,https://coloradocatholicbusinessdirectory.com/start?login=yes,/start,https://coloradocatholicbusinessdirectory.com/,?login=yes,Login,https://coloradocatholicbusinessdirectory.com/start?login=yes,,start,start,,,,,,,,,,,,,,,,,,,,,"[{'brand': 'Not=A?Brand', 'version': '99'}, {'brand': 'Google Chrome', 'version': '151'}, {'brand': 'Chromium', 'version': '151'}]",False,Windows,page
ajs-next-1786125632832-d4b6e2fa-a636-4724-a2c1-075078b4652e,,d2b9bca4-cf64-4558-8f4f-ac8afc6cd63d,2026-08-07 18:00:32.832000+00:00,,,"Mozilla/5.0 (Windows NT 10.0; Win64; x64) AppleWebKit/537.36 (KHTML, like Gecko) Chrome/151.0.0.0 Safari/537.36",/search,https://coloradocatholicbusinessdirectory.com/,?query=&category=,Search | Colorado Catholic Business Directory,https://coloradocatholicbusinessdirectory.com/search?query=&category=,,,,,,,,,sidebar,true,,,,,,,,,,,,,,,,,,,"[{'brand': 'Chromium', 'version': '151'}, {'brand': 'Not:A-Brand', 'version': '99'}, {'brand': 'Google Chrome', 'version': '151'}]",False,Windows,impression
ajs-next-1786125778192-7cfb30ac-6ccd-4f4e-a58e-37776a20089b,index,fb30ac6c-cd7f-4e65-8e37-776a20089b79,2026-08-07 18:02:58.192000+00:00,index,,"Mozilla/5.0 (Windows NT 10.0; Win64; x64) AppleWebKit/537.36 (KHTML, like Gecko) Chrome/150.0.0.0 Safari/537.36",/,,,Colorado Catholic Business Directory,https://coloradocatholicbusinessdirectory.com/,/,,,Colorado Catholic Business Directory,https://coloradocatholicbusinessdirectory.com/,,index,index,,,,,,,,,,,,,,,,,,,,,"[{'brand': 'Chromium', 'version': '150'}, {'brand': 'Not:A-Brand', 'version': '8'}, {'brand': 'Google Chrome', 'version': '150'}]",False,Windows,page
ajs-next-1786125753857-44ed27db-6785-435f-9eef-14d96e326876,start,97e6a573-c986-4702-b7ef-accda406c402,2026-08-07 18:02:33.857000+00:00,start,1779564452798x328047204556438640,"Mozilla/5.0 (Windows NT 10.0; Win64; x64) AppleWebKit/537.36 (KHTML, like Gecko) Chrome/151.0.0.0 Safari/537.36",/start,https://coloradocatholicbusinessdirectory.com/,?login=no,Login,https://coloradocatholicbusinessdirectory.com/start?login=no,/start,https://coloradocatholicbusinessdirectory.com/,?login=no,Login,https://coloradocatholicbusinessdirectory.com/start?login=no,,start,start,,,,,,,,,,,,,,,,,,,,,"[{'brand': 'Not=A?Brand', 'version': '99'}, {'brand': 'Google Chrome', 'version': '151'}, {'brand': 'Chromium', 'version': '151'}]",False,Windows,page
ajs-next-1786125857383-10e825c6-7993-45af-a435-953d5c5a5358,start,97e6a573-c986-4702-b7ef-accda406c402,2026-08-07 18:04:17.383000+00:00,start,1779564452798x328047204556438640,"Mozilla/5.0 (Windows NT 10.0; Win64; x64) AppleWebKit/537.36 (KHTML, like Gecko) Chrome/151.0.0.0 Safari/537.36",/start,https://coloradocatholicbusinessdirectory.com/,?login=yes,Login,https://coloradocatholicbusinessdirectory.com/start?login=yes,/start,https://coloradocatholicbusinessdirectory.com/,?login=yes,Login,https://coloradocatholicbusinessdirectory.com/start?login=yes,,start,start,,,,,,,,,,,,,,,,,,,,,"[{'brand': 'Not=A?Brand', 'version': '99'}, {'brand': 'Google Chrome', 'version': '151'}, {'brand': 'Chromium', 'version': '151'}]",False,Windows,page
ajs-next-1786125826360-68761b31-3f95-4186-ac46-f7f363ac10e8,,97e6a573-c986-4702-b7ef-accda406c402,2026-08-07 18:03:46.360000+00:00,,1779564452798x328047204556438640,"Mozilla/5.0 (Windows NT 10.0; Win64; x64) AppleWebKit/537.36 (KHTML, like Gecko) Chrome/151.0.0.0 Safari/537.36",/start,https://coloradocatholicbusinessdirectory.com/,?login=yes,Login,https://coloradocatholicbusinessdirectory.com/start?login=yes,,,,,,,,,,,,sign_up,,,,anniefinsilver.c21@gmail.com,,,,,,,,,,,,,"[{'brand': 'Not=A?Brand', 'version': '99'}, {'brand': 'Google Chrome', 'version': '151'}, {'brand': 'Chromium', 'version': '151'}]",False,Windows,button_click
ajs-next-1786125857074-63ac10e8-25c6-4993-a5af-6435953d5c5a,,97e6a573-c986-4702-b7ef-accda406c402,2026-08-07 18:04:17.074000+00:00,,1779564452798x328047204556438640,"Mozilla/5.0 (Windows NT 10.0; Win64; x64) AppleWebKit/537.36 (KHTML, like Gecko) Chrome/151.0.0.0 Safari/537.36",/start,https://coloradocatholicbusinessdirectory.com/,?login=no,Login,https://coloradocatholicbusinessdirectory.com/start?login=no,,,,,,,,,navbar,,,login,,,,,,,,,,,,,,,,,"[{'brand': 'Not=A?Brand', 'version': '99'}, {'brand': 'Google Chrome', 'version': '151'}, {'brand': 'Chromium', 'version': '151'}]",False,Windows,button_click
ajs-next-1786125789135-149e1d6a-3d39-438b-accd-ac7bff9155a2,search,fb30ac6c-cd7f-4e65-8e37-776a20089b79,2026-08-07 18:03:09.135000+00:00,search,,"Mozilla/5.0 (Windows NT 10.0; Win64; x64) AppleWebKit/537.36 (KHTML, like Gecko) Chrome/150.0.0.0 Safari/537.36",/search,https://coloradocatholicbusinessdirectory.com/,?query=&category=,Search | Colorado Catholic Business Directory,https://coloradocatholicbusinessdirectory.com/search?query=&category=,/search,https://coloradocatholicbusinessdirectory.com/,?query=&category=,Search | Colorado Catholic Business Directory,https://coloradocatholicbusinessdirectory.com/search?query=&category=,,search,search,,,,,,,,,,,,,,,,,,,,,"[{'brand': 'Chromium', 'version': '150'}, {'brand': 'Not:A-Brand', 'version': '8'}, {'brand': 'Google Chrome', 'version': '150'}]",False,Windows,page
ajs-next-1786125582314-6f9cfe98-01be-4e8a-b727-0ce9999721a5,,97e6a573-c986-4702-b7ef-accda406c402,2026-08-07 17:59:42.314000+00:00,,1779564452798x328047204556438640,"Mozilla/5.0 (Windows NT 10.0; Win64; x64) AppleWebKit/537.36 (KHTML, like Gecko) Chrome/151.0.0.0 Safari/537.36",/,,,Colorado Catholic Business Directory,https://coloradocatholicbusinessdirectory.com/,,,,,,"1771436045389x658317953644361100, 1753982403438x535213824960417500, 1744643921578x315333816253624100, 1744579851707x640487742075829500, 1752717497153x537286585580736960, 1781830336957x808577548450478500, 1770943484557x164806709481949200",,,,true,,,,,,,,,,,,,,,,,,,"[{'brand': 'Not=A?Brand', 'version': '99'}, {'brand': 'Google Chrome', 'version': '151'}, {'brand': 'Chromium', 'version': '151'}]",False,Windows,impression
ajs-next-1786125581912-0991d72b-6f9c-4e98-81be-ee8ab7270ce9,index,97e6a573-c986-4702-b7ef-accda406c402,2026-08-07 17:59:41.912000+00:00,index,1779564452798x328047204556438640,"Mozilla/5.0 (Windows NT 10.0; Win64; x64) AppleWebKit/537.36 (KHTML, like Gecko) Chrome/151.0.0.0 Safari/537.36",/,,,Colorado Catholic Business Directory,https://coloradocatholicbusinessdirectory.com/,/,,,Colorado Catholic Business Directory,https://coloradocatholicbusinessdirectory.com/,,index,index,,,,,,,,,,,,,,,,,,,,,"[{'brand': 'Not=A?Brand', 'version': '99'}, {'brand': 'Google Chrome', 'version': '151'}, {'brand': 'Chromium', 'version': '151'}]",False,Windows,page
ajs-next-1786125810909-9eef14d9-6e32-4876-9b31-3f9531862c46,,97e6a573-c986-4702-b7ef-accda406c402,2026-08-07 18:03:30.909000+00:00,,1779564452798x328047204556438640,"Mozilla/5.0 (Windows NT 10.0; Win64; x64) AppleWebKit/537.36 (KHTML, like Gecko) Chrome/151.0.0.0 Safari/537.36",/start,https://coloradocatholicbusinessdirectory.com/,?login=yes,Login,https://coloradocatholicbusinessdirectory.com/start?login=yes,,,,,,,,,,,,login,,,,Anniefinsilver.c21@gmail.com,,,,,,,,,,,,,"[{'brand': 'Not=A?Brand', 'version': '99'}, {'brand': 'Google Chrome', 'version': '151'}, {'brand': 'Chromium', 'version': '151'}]",False,Windows,button_click
ajs-next-1786125805104-b35f9eef-14d9-4e32-a876-1b313f953186,start,97e6a573-c986-4702-b7ef-accda406c402,2026-08-07 18:03:25.104000+00:00,start,1779564452798x328047204556438640,"Mozilla/5.0 (Windows NT 10.0; Win64; x64) AppleWebKit/537.36 (KHTML, like Gecko) Chrome/151.0.0.0 Safari/537.36",/start,https://coloradocatholicbusinessdirectory.com/,?login=yes,Login,https://coloradocatholicbusinessdirectory.com/start?login=yes,/start,https://coloradocatholicbusinessdirectory.com/,?login=yes,Login,https://coloradocatholicbusinessdirectory.com/start?login=yes,,start,start,,,,,,,,,,,,,,,,,,,,,"[{'brand': 'Not=A?Brand', 'version': '99'}, {'brand': 'Google Chrome', 'version': '151'}, {'brand': 'Chromium', 'version': '151'}]",False,Windows,page
ajs-next-1786125620255-08f50f42-8cba-4fcd-a539-ab7881e450ba,,97e6a573-c986-4702-b7ef-accda406c402,2026-08-07 18:00:20.255000+00:00,,1779564452798x328047204556438640,"Mozilla/5.0 (Windows NT 10.0; Win64; x64) AppleWebKit/537.36 (KHTML, like Gecko) Chrome/151.0.0.0 Safari/537.36",/start,https://coloradocatholicbusinessdirectory.com/,?login=no,Login,https://coloradocatholicbusinessdirectory.com/start?login=no,,,,,,,,,navbar,,,login,,,,,,,,,,,,,,,,,"[{'brand': 'Not=A?Brand', 'version': '99'}, {'brand': 'Google Chrome', 'version': '151'}, {'brand': 'Chromium', 'version': '151'}]",False,Windows,button_click
ajs-next-1786125640717-4fcd2539-ab78-41e4-90ba-ee007afa5d4c,,97e6a573-c986-4702-b7ef-accda406c402,2026-08-07 18:00:40.717000+00:00,,1779564452798x328047204556438640,"Mozilla/5.0 (Windows NT 10.0; Win64; x64) AppleWebKit/537.36 (KHTML, like Gecko) Chrome/151.0.0.0 Safari/537.36",/start,https://coloradocatholicbusinessdirectory.com/,?login=yes,Login,https://coloradocatholicbusinessdirectory.com/start?login=yes,,,,,,,,,,,,forgot_pw,,,,,,,,,,,,,,,,,"[{'brand': 'Not=A?Brand', 'version': '99'}, {'brand': 'Google Chrome', 'version': '151'}, {'brand': 'Chromium', 'version': '151'}]",False,Windows,button_click
ajs-next-1786125620929-cf647558-4f4f-4c8a-bc6c-d63dbf0efb32,,d2b9bca4-cf64-4558-8f4f-ac8afc6cd63d,2026-08-07 18:00:20.929000+00:00,,,"Mozilla/5.0 (Windows NT 10.0; Win64; x64) AppleWebKit/537.36 (KHTML, like Gecko) Chrome/151.0.0.0 Safari/537.36",/,,,Colorado Catholic Business Directory,https://coloradocatholicbusinessdirectory.com/,,,,,,"1771436045389x658317953644361100, 1753982403438x535213824960417500, 1744579851707x640487742075829500, 1781830336957x808577548450478500, 1770943484557x164806709481949200, 1752717497153x537286585580736960, 1744643921578x315333816253624100",,,,true,,,,,,,,,,,,,,,,,,,"[{'brand': 'Chromium', 'version': '151'}, {'brand': 'Not:A-Brand', 'version': '99'}, {'brand': 'Google Chrome', 'version': '151'}]",False,Windows,impression
ajs-next-1786125819928-6e326876-1b31-4f95-b186-2c46f7f363ac,,97e6a573-c986-4702-b7ef-accda406c402,2026-08-07 18:03:39.928000+00:00,,1779564452798x328047204556438640,"Mozilla/5.0 (Windows NT 10.0; Win64; x64) AppleWebKit/537.36 (KHTML, like Gecko) Chrome/151.0.0.0 Safari/537.36",/start,https://coloradocatholicbusinessdirectory.com/,?login=yes,Login,https://coloradocatholicbusinessdirectory.com/start?login=yes,,,,,,,,,,,,dont_have_acct,,,,,,,,,,,,,,,,,"[{'brand': 'Not=A?Brand', 'version': '99'}, {'brand': 'Google Chrome', 'version': '151'}, {'brand': 'Chromium', 'version': '151'}]",False,Windows,button_click
ajs-next-1786125842897-f7f363ac-10e8-45c6-b993-e5af6435953d,,97e6a573-c986-4702-b7ef-accda406c402,2026-08-07 18:04:02.897000+00:00,,1779564452798x328047204556438640,"Mozilla/5.0 (Windows NT 10.0; Win64; x64) AppleWebKit/537.36 (KHTML, like Gecko) Chrome/151.0.0.0 Safari/537.36",/start,https://coloradocatholicbusinessdirectory.com/,?login=no,Login,https://coloradocatholicbusinessdirectory.com/start?login=no,,,,,,,,,navbar,,,list_your_business,,,,,,,,,,,,,,,,,"[{'brand': 'Not=A?Brand', 'version': '99'}, {'brand': 'Google Chrome', 'version': '151'}, {'brand': 'Chromium', 'version': '151'}]",False,Windows,button_click
ajs-next-1786125587060-fe9801be-ee8a-4727-8ce9-999721a5efda,,97e6a573-c986-4702-b7ef-accda406c402,2026-08-07 17:59:47.060000+00:00,,1779564452798x328047204556438640,"Mozilla/5.0 (Windows NT 10.0; Win64; x64) AppleWebKit/537.36 (KHTML, like Gecko) Chrome/151.0.0.0 Safari/537.36",/,,,Colorado Catholic Business Directory,https://coloradocatholicbusinessdirectory.com/,,,,,,,,,navbar,,,list_your_business,,,,,,,,,,,,,,,,,"[{'brand': 'Not=A?Brand', 'version': '99'}, {'brand': 'Google Chrome', 'version': '151'}, {'brand': 'Chromium', 'version': '151'}]",False,Windows,button_click
ajs-next-1786125633387-e2faa636-b724-42c1-8750-78b4652ee7ad,,d2b9bca4-cf64-4558-8f4f-ac8afc6cd63d,2026-08-07 18:00:33.387000+00:00,,,"Mozilla/5.0 (Windows NT 10.0; Win64; x64) AppleWebKit/537.36 (KHTML, like Gecko) Chrome/151.0.0.0 Safari/537.36",/search,https://coloradocatholicbusinessdirectory.com/,?query=&category=,Search | Colorado Catholic Business Directory,https://coloradocatholicbusinessdirectory.com/search?query=&category=,,,,,,1752717497153x537286585580736960,,,main_list,true,,,,,,,,,,,,,,,,,,,"[{'brand': 'Chromium', 'version': '151'}, {'brand': 'Not:A-Brand', 'version': '99'}, {'brand': 'Google Chrome', 'version': '151'}]",False,Windows,impression
ajs-next-1786125620601-9bd2b9bc-a4cf-4475-984f-4fac8afc6cd6,index,d2b9bca4-cf64-4558-8f4f-ac8afc6cd63d,2026-08-07 18:00:20.601000+00:00,index,,"Mozilla/5.0 (Windows NT 10.0; Win64; x64) AppleWebKit/537.36 (KHTML, like Gecko) Chrome/151.0.0.0 Safari/537.36",/,,,Colorado Catholic Business Directory,https://coloradocatholicbusinessdirectory.com/,/,,,Colorado Catholic Business Directory,https://coloradocatholicbusinessdirectory.com/,,index,index,,,,,,,,,,,,,,,,,,,,,"[{'brand': 'Chromium', 'version': '151'}, {'brand': 'Not:A-Brand', 'version': '99'}, {'brand': 'Google Chrome', 'version': '151'}]",False,Windows,page
ajs-next-1786125626237-75584f4f-ac8a-4c6c-963d-bf0efb322e06,,d2b9bca4-cf64-4558-8f4f-ac8afc6cd63d,2026-08-07 18:00:26.237000+00:00,,,"Mozilla/5.0 (Windows NT 10.0; Win64; x64) AppleWebKit/537.36 (KHTML, like Gecko) Chrome/151.0.0.0 Safari/537.36",/,,,Colorado Catholic Business Directory,https://coloradocatholicbusinessdirectory.com/,,,,,,,,,,,,search,,,,,,,,,,,,,,,,,"[{'brand': 'Chromium', 'version': '151'}, {'brand': 'Not:A-Brand', 'version': '99'}, {'brand': 'Google Chrome', 'version': '151'}]",False,Windows,button_click
ajs-next-1786125738404-e7f1c10c-4ea4-447d-a0af-280f88fbbbf0,,97e6a573-c986-4702-b7ef-accda406c402,2026-08-07 18:02:18.404000+00:00,,1779564452798x328047204556438640,"Mozilla/5.0 (Windows NT 10.0; Win64; x64) AppleWebKit/537.36 (KHTML, like Gecko) Chrome/151.0.0.0 Safari/537.36",/,,,Colorado Catholic Business Directory,https://coloradocatholicbusinessdirectory.com/,,,,,,,,,navbar,,,login,,,,,,,,,,,,,,,,,"[{'brand': 'Not=A?Brand', 'version': '99'}, {'brand': 'Google Chrome', 'version': '151'}, {'brand': 'Chromium', 'version': '151'}]",False,Windows,button_click
ajs-next-1786125778568-cd7f4e65-8e37-476a-a008-9b7906bb83fe,,fb30ac6c-cd7f-4e65-8e37-776a20089b79,2026-08-07 18:02:58.568000+00:00,,,"Mozilla/5.0 (Windows NT 10.0; Win64; x64) AppleWebKit/537.36 (KHTML, like Gecko) Chrome/150.0.0.0 Safari/537.36",/,,,Colorado Catholic Business Directory,https://coloradocatholicbusinessdirectory.com/,,,,,,"1753982403438x535213824960417500, 1781830336957x808577548450478500, 1771436045389x658317953644361100, 1744579851707x640487742075829500, 1770943484557x164806709481949200, 1744643921578x315333816253624100, 1752717497153x537286585580736960",,,,true,,,,,,,,,,,,,,,,,,,"[{'brand': 'Chromium', 'version': '150'}, {'brand': 'Not:A-Brand', 'version': '8'}, {'brand': 'Google Chrome', 'version': '150'}]",False,Windows,impression
ajs-next-1786125753547-f62144ed-27db-4785-b35f-9eef14d96e32,,97e6a573-c986-4702-b7ef-accda406c402,2026-08-07 18:02:33.547000+00:00,,1779564452798x328047204556438640,"Mozilla/5.0 (Windows NT 10.0; Win64; x64) AppleWebKit/537.36 (KHTML, like Gecko) Chrome/151.0.0.0 Safari/537.36",/start,https://coloradocatholicbusinessdirectory.com/,?login=yes,Login,https://coloradocatholicbusinessdirectory.com/start?login=yes,,,,,,,,,navbar,,,list_your_business,,,,,,,,,,,,,,,,,"[{'brand': 'Not=A?Brand', 'version': '99'}, {'brand': 'Google Chrome', 'version': '151'}, {'brand': 'Chromium', 'version': '151'}]",False,Windows,button_click
ajs-next-1786125784324-8e37776a-2008-4b79-86bb-83fe007841e8,,fb30ac6c-cd7f-4e65-8e37-776a20089b79,2026-08-07 18:03:04.324000+00:00,,,"Mozilla/5.0 (Windows NT 10.0; Win64; x64) AppleWebKit/537.36 (KHTML, like Gecko) Chrome/150.0.0.0 Safari/537.36",/,,,Colorado Catholic Business Directory,https://coloradocatholicbusinessdirectory.com/,,,,,,,,,,,,,,,,,,,,,,,,,,,,,"[{'brand': 'Chromium', 'version': '150'}, {'brand': 'Not:A-Brand', 'version': '8'}, {'brand': 'Google Chrome', 'version': '150'}]",False,Windows,search
ajs-next-1786125736676-b401ef41-ff54-47f1-810c-4ea4b47d20af,index,97e6a573-c986-4702-b7ef-accda406c402,2026-08-07 18:02:16.676000+00:00,index,1779564452798x328047204556438640,"Mozilla/5.0 (Windows NT 10.0; Win64; x64) AppleWebKit/537.36 (KHTML, like Gecko) Chrome/151.0.0.0 Safari/537.36",/,,,Colorado Catholic Business Directory,https://coloradocatholicbusinessdirectory.com/,/,,,Colorado Catholic Business Directory,https://coloradocatholicbusinessdirectory.com/,,index,index,,,,,,,,,,,,,,,,,,,,,"[{'brand': 'Not=A?Brand', 'version': '99'}, {'brand': 'Google Chrome', 'version': '151'}, {'brand': 'Chromium', 'version': '151'}]",False,Windows,page
ajs-next-1786125736981-ff54e7f1-c10c-4ea4-b47d-20af280f88fb,,97e6a573-c986-4702-b7ef-accda406c402,2026-08-07 18:02:16.981000+00:00,,1779564452798x328047204556438640,"Mozilla/5.0 (Windows NT 10.0; Win64; x64) AppleWebKit/537.36 (KHTML, like Gecko) Chrome/151.0.0.0 Safari/537.36",/,,,Colorado Catholic Business Directory,https://coloradocatholicbusinessdirectory.com/,,,,,,"1770943484557x164806709481949200, 1752717497153x537286585580736960, 1771436045389x658317953644361100, 1744643921578x315333816253624100, 1753982403438x535213824960417500, 1744579851707x640487742075829500, 1781830336957x808577548450478500",,,,true,,,,,,,,,,,,,,,,,,,"[{'brand': 'Not=A?Brand', 'version': '99'}, {'brand': 'Google Chrome', 'version': '151'}, {'brand': 'Chromium', 'version': '151'}]",False,Windows,impression
ajs-next-1786125789753-3d39938b-6ccd-4c7b-bf91-55a2594be605,,fb30ac6c-cd7f-4e65-8e37-776a20089b79,2026-08-07 18:03:09.753000+00:00,,,"Mozilla/5.0 (Windows NT 10.0; Win64; x64) AppleWebKit/537.36 (KHTML, like Gecko) Chrome/150.0.0.0 Safari/537.36",/search,https://coloradocatholicbusinessdirectory.com/,?query=&category=,Search | Colorado Catholic Business Directory,https://coloradocatholicbusinessdirectory.com/search?query=&category=,,,,,,1753982403438x535213824960417500,,,main_list,true,,,,,,,,,,,,,,,,,,,"[{'brand': 'Chromium', 'version': '150'}, {'brand': 'Not:A-Brand', 'version': '8'}, {'brand': 'Google Chrome', 'version': '150'}]",False,Windows,impression
ajs-next-1786125626544-4f4fac8a-fc6c-463d-bf0e-fb322e06399d,,d2b9bca4-cf64-4558-8f4f-ac8afc6cd63d,2026-08-07 18:00:26.544000+00:00,,,"Mozilla/5.0 (Windows NT 10.0; Win64; x64) AppleWebKit/537.36 (KHTML, like Gecko) Chrome/151.0.0.0 Safari/537.36",/,,,Colorado Catholic Business Directory,https://coloradocatholicbusinessdirectory.com/,,,,,,,,,,,,,,,,,,,,,,,,,,,,,"[{'brand': 'Chromium', 'version': '151'}, {'brand': 'Not:A-Brand', 'version': '99'}, {'brand': 'Google Chrome', 'version': '151'}]",False,Windows,search
ajs-next-1786125745963-67f6f621-44ed-47db-a785-b35f9eef14d9,,97e6a573-c986-4702-b7ef-accda406c402,2026-08-07 18:02:25.963000+00:00,,1779564452798x328047204556438640,"Mozilla/5.0 (Windows NT 10.0; Win64; x64) AppleWebKit/537.36 (KHTML, like Gecko) Chrome/151.0.0.0 Safari/537.36",/start,https://coloradocatholicbusinessdirectory.com/,?login=yes,Login,https://coloradocatholicbusinessdirectory.com/start?login=yes,,,,,,,,,,,,login,,,,Anniefinsilver.c21@gmail.com,,,,,,,,,,,,,"[{'brand': 'Not=A?Brand', 'version': '99'}, {'brand': 'Google Chrome', 'version': '151'}, {'brand': 'Chromium', 'version': '151'}]",False,Windows,button_click
ajs-next-1786125645190-2539ab78-81e4-40ba-ae00-7afa5d4c3d17,,97e6a573-c986-4702-b7ef-accda406c402,2026-08-07 18:00:45.190000+00:00,,1779564452798x328047204556438640,"Mozilla/5.0 (Windows NT 10.0; Win64; x64) AppleWebKit/537.36 (KHTML, like Gecko) Chrome/151.0.0.0 Safari/537.36",/start,https://coloradocatholicbusinessdirectory.com/,?login=yes,Login,https://coloradocatholicbusinessdirectory.com/start?login=yes,,,,,,,,,,,,send_email,,,,,,,,,,,,,,,,,"[{'brand': 'Not=A?Brand', 'version': '99'}, {'brand': 'Google Chrome', 'version': '151'}, {'brand': 'Chromium', 'version': '151'}]",False,Windows,button_click
ajs-next-1786125798350-27db6785-b35f-4eef-94d9-6e3268761b31,,97e6a573-c986-4702-b7ef-accda406c402,2026-08-07 18:03:18.350000+00:00,,1779564452798x328047204556438640,"Mozilla/5.0 (Windows NT 10.0; Win64; x64) AppleWebKit/537.36 (KHTML, like Gecko) Chrome/151.0.0.0 Safari/537.36",/start,https://coloradocatholicbusinessdirectory.com/,?login=no,Login,https://coloradocatholicbusinessdirectory.com/start?login=no,,,,,,,,,,,,sign_up,,,,anniefinsilver.c21@gmail.com,,,,,,,,,,,,,"[{'brand': 'Not=A?Brand', 'version': '99'}, {'brand': 'Google Chrome', 'version': '151'}, {'brand': 'Chromium', 'version': '151'}]",False,Windows,button_click
ajs-next-1786125862688-25c67993-e5af-4435-953d-5c5a53589a79,,97e6a573-c986-4702-b7ef-accda406c402,2026-08-07 18:04:22.688000+00:00,,1779564452798x328047204556438640,"Mozilla/5.0 (Windows NT 10.0; Win64; x64) AppleWebKit/537.36 (KHTML, like Gecko) Chrome/151.0.0.0 Safari/537.36",/start,https://coloradocatholicbusinessdirectory.com/,?login=yes,Login,https://coloradocatholicbusinessdirectory.com/start?login=yes,,,,,,,,,,,,login,,,,Anniefinsilver.c21@gmail.com,,,,,,,,,,,,,"[{'brand': 'Not=A?Brand', 'version': '99'}, {'brand': 'Google Chrome', 'version': '151'}, {'brand': 'Chromium', 'version': '151'}]",False,Windows,button_click
ajs-next-1786125815974-14d96e32-6876-4b31-bf95-31862c46f7f3,,97e6a573-c986-4702-b7ef-accda406c402,2026-08-07 18:03:35.974000+00:00,,1779564452798x328047204556438640,"Mozilla/5.0 (Windows NT 10.0; Win64; x64) AppleWebKit/537.36 (KHTML, like Gecko) Chrome/151.0.0.0 Safari/537.36",/start,https://coloradocatholicbusinessdirectory.com/,?login=yes,Login,https://coloradocatholicbusinessdirectory.com/start?login=yes,,,,,,,,,navbar,,,login,,,,,,,,,,,,,,,,,"[{'brand': 'Not=A?Brand', 'version': '99'}, {'brand': 'Google Chrome', 'version': '151'}, {'brand': 'Chromium', 'version': '151'}]",False,Windows,button_click
ajs-next-1786125841366-2c46f7f3-63ac-40e8-a5c6-7993e5af6435,start,97e6a573-c986-4702-b7ef-accda406c402,2026-08-07 18:04:01.366000+00:00,start,1779564452798x328047204556438640,"Mozilla/5.0 (Windows NT 10.0; Win64; x64) AppleWebKit/537.36 (KHTML, like Gecko) Chrome/151.0.0.0 Safari/537.36",/start,https://coloradocatholicbusinessdirectory.com/,?login=no,Login,https://coloradocatholicbusinessdirectory.com/start?login=no,/start,https://coloradocatholicbusinessdirectory.com/,?login=no,Login,https://coloradocatholicbusinessdirectory.com/start?login=no,,start,start,,,,,,,,,,,,,,,,,,,,,"[{'brand': 'Not=A?Brand', 'version': '99'}, {'brand': 'Google Chrome', 'version': '151'}, {'brand': 'Chromium', 'version': '151'}]",False,Windows,page
ajs-next-1786125789441-1d6a3d39-938b-4ccd-ac7b-ff9155a2594b,,fb30ac6c-cd7f-4e65-8e37-776a20089b79,2026-08-07 18:03:09.441000+00:00,,,"Mozilla/5.0 (Windows NT 10.0; Win64; x64) AppleWebKit/537.36 (KHTML, like Gecko) Chrome/150.0.0.0 Safari/537.36",/search,https://coloradocatholicbusinessdirectory.com/,?query=&category=,Search | Colorado Catholic Business Directory,https://coloradocatholicbusinessdirectory.com/search?query=&category=,,,,,,,,,sidebar,true,,,,,,,,,,,,,,,,,,,"[{'brand': 'Chromium', 'version': '150'}, {'brand': 'Not:A-Brand', 'version': '8'}, {'brand': 'Google Chrome', 'version': '150'}]",False,Windows,impression
ajs-next-1786125841062-31862c46-f7f3-43ac-90e8-25c67993e5af,,97e6a573-c986-4702-b7ef-accda406c402,2026-08-07 18:04:01.062000+00:00,,1779564452798x328047204556438640,"Mozilla/5.0 (Windows NT 10.0; Win64; x64) AppleWebKit/537.36 (KHTML, like Gecko) Chrome/151.0.0.0 Safari/537.36",/start,https://coloradocatholicbusinessdirectory.com/,?login=yes,Login,https://coloradocatholicbusinessdirectory.com/start?login=yes,,,,,,,,,navbar,,,list_your_business,,,,,,,,,,,,,,,,,"[{'brand': 'Not=A?Brand', 'version': '99'}, {'brand': 'Google Chrome', 'version': '151'}, {'brand': 'Chromium', 'version': '151'}]",False,Windows,button_click
ajs-next-1786125871717-e5af6435-953d-4c5a-9358-9a792dcd104d,,97e6a573-c986-4702-b7ef-accda406c402,2026-08-07 18:04:31.717000+00:00,,1779564452798x328047204556438640,"Mozilla/5.0 (Windows NT 10.0; Win64; x64) AppleWebKit/537.36 (KHTML, like Gecko) Chrome/151.0.0.0 Safari/537.36",/start,https://coloradocatholicbusinessdirectory.com/,?login=yes,Login,https://coloradocatholicbusinessdirectory.com/start?login=yes,,,,,,,,,,,,send_email,,,,,,,,,,,,,,,,,"[{'brand': 'Not=A?Brand', 'version': '99'}, {'brand': 'Google Chrome', 'version': '151'}, {'brand': 'Chromium', 'version': '151'}]",False,Windows,button_click
ajs-next-1786125837834-1b313f95-3186-4c46-b7f3-63ac10e825c6,,97e6a573-c986-4702-b7ef-accda406c402,2026-08-07 18:03:57.834000+00:00,,1779564452798x328047204556438640,"Mozilla/5.0 (Windows NT 10.0; Win64; x64) AppleWebKit/537.36 (KHTML, like Gecko) Chrome/151.0.0.0 Safari/537.36",/start,https://coloradocatholicbusinessdirectory.com/,?login=yes,Login,https://coloradocatholicbusinessdirectory.com/start?login=yes,,,,,,,,,navbar,,,login,,,,,,,,,,,,,,,,,"[{'brand': 'Not=A?Brand', 'version': '99'}, {'brand': 'Google Chrome', 'version': '151'}, {'brand': 'Chromium', 'version': '151'}]",False,Windows,button_click
ajs-next-1786125778561-ac6ccd7f-4e65-4e37-b76a-20089b7906bb,,fb30ac6c-cd7f-4e65-8e37-776a20089b79,2026-08-07 18:02:58.561000+00:00,,,"Mozilla/5.0 (Windows NT 10.0; Win64; x64) AppleWebKit/537.36 (KHTML, like Gecko) Chrome/150.0.0.0 Safari/537.36",/,,,Colorado Catholic Business Directory,https://coloradocatholicbusinessdirectory.com/,,,,,,"1753982403438x535213824960417500, 1781830336957x808577548450478500, 1771436045389x658317953644361100, 1744579851707x640487742075829500, 1770943484557x164806709481949200, 1744643921578x315333816253624100, 1752717497153x537286585580736960",,,,true,,,,,,,,,,,,,,,,,,,"[{'brand': 'Chromium', 'version': '150'}, {'brand': 'Not:A-Brand', 'version': '8'}, {'brand': 'Google Chrome', 'version': '150'}]",False,Windows,impression
ajs-next-1786125588781-27974052-08f5-4f42-8cba-4fcd2539ab78,start,97e6a573-c986-4702-b7ef-accda406c402,2026-08-07 17:59:48.781000+00:00,start,1779564452798x328047204556438640,"Mozilla/5.0 (Windows NT 10.0; Win64; x64) AppleWebKit/537.36 (KHTML, like Gecko) Chrome/151.0.0.0 Safari/537.36",/start,https://coloradocatholicbusinessdirectory.com/,?login=no,Login,https://coloradocatholicbusinessdirectory.com/start?login=no,/start,https://coloradocatholicbusinessdirectory.com/,?login=no,Login,https://coloradocatholicbusinessdirectory.com/start?login=no,,start,start,,,,,,,,,,,,,,,,,,,,,"[{'brand': 'Not=A?Brand', 'version': '99'}, {'brand': 'Google Chrome', 'version': '151'}, {'brand': 'Chromium', 'version': '151'}]",False,Windows,page
ajs-next-1786125632508-b6fed4b6-e2fa-4636-b724-22c1075078b4,search,d2b9bca4-cf64-4558-8f4f-ac8afc6cd63d,2026-08-07 18:00:32.508000+00:00,search,,"Mozilla/5.0 (Windows NT 10.0; Win64; x64) AppleWebKit/537.36 (KHTML, like Gecko) Chrome/151.0.0.0 Safari/537.36",/search,https://coloradocatholicbusinessdirectory.com/,?query=&category=,Search | Colorado Catholic Business Directory,https://coloradocatholicbusinessdirectory.com/search?query=&category=,/search,https://coloradocatholicbusinessdirectory.com/,?query=&category=,Search | Colorado Catholic Business Directory,https://coloradocatholicbusinessdirectory.com/search?query=&category=,,search,search,,,,,,,,,,,,,,,,,,,,,"[{'brand': 'Chromium', 'version': '151'}, {'brand': 'Not:A-Brand', 'version': '99'}, {'brand': 'Google Chrome', 'version': '151'}]",False,Windows,page
ajs-next-1786125804795-6785b35f-9eef-44d9-ae32-68761b313f95,,97e6a573-c986-4702-b7ef-accda406c402,2026-08-07 18:03:24.795000+00:00,,1779564452798x328047204556438640,"Mozilla/5.0 (Windows NT 10.0; Win64; x64) AppleWebKit/537.36 (KHTML, like Gecko) Chrome/151.0.0.0 Safari/537.36",/start,https://coloradocatholicbusinessdirectory.com/,?login=no,Login,https://coloradocatholicbusinessdirectory.com/start?login=no,,,,,,,,,navbar,,,login,,,,,,,,,,,,,,,,,"[{'brand': 'Not=A?Brand', 'version': '99'}, {'brand': 'Google Chrome', 'version': '151'}, {'brand': 'Chromium', 'version': '151'}]",False,Windows,button_click
ajs-next-1786125867127-7993e5af-6435-453d-9c5a-53589a792dcd,,97e6a573-c986-4702-b7ef-accda406c402,2026-08-07 18:04:27.127000+00:00,,1779564452798x328047204556438640,"Mozilla/5.0 (Windows NT 10.0; Win64; x64) AppleWebKit/537.36 (KHTML, like Gecko) Chrome/151.0.0.0 Safari/537.36",/start,https://coloradocatholicbusinessdirectory.com/,?login=yes,Login,https://coloradocatholicbusinessdirectory.com/start?login=yes,,,,,,,,,,,,forgot_pw,,,,,,,,,,,,,,,,,"[{'brand': 'Not=A?Brand', 'version': '99'}, {'brand': 'Google Chrome', 'version': '151'}, {'brand': 'Chromium', 'version': '151'}]",False,Windows,button_click
ajs-next-1786129812093-f4a2108c-3b0c-4192-abac-d14a4e7ef7fc,,c2a93ec5-2231-4751-8339-a1728f1eada5,2026-08-07 19:10:12.093000+00:00,,1751744301621x758526182685981300,"Mozilla/5.0 (Windows NT 10.0; Win64; x64) AppleWebKit/537.36 (KHTML, like Gecko) Chrome/151.0.0.0 Safari/537.36 Edg/151.0.0.0",/,https://coloradocatholics.biz/,,Colorado Catholic Business Directory,https://coloradocatholicbusinessdirectory.com/,,,,,,,,,,,,,,,,,,,,,,,,,,,,,"[{'brand': 'Not=A?Brand', 'version': '99'}, {'brand': 'Microsoft Edge', 'version': '151'}, {'brand': 'Chromium', 'version': '151'}]",False,Windows,search
ajs-next-1786131158915-8f5f68b3-38c1-4098-8700-9b03b8107c69,,ce2dcdd7-94b8-4986-9274-debfa30a833e,2026-08-07 19:32:38.915000+00:00,,1775058462201x523059865418210800,"Mozilla/5.0 (Windows NT 10.0; Win64; x64) AppleWebKit/537.36 (KHTML, like Gecko) Chrome/151.0.0.0 Safari/537.36 Edg/151.0.0.0",/dashboard,https://coloradocatholicbusinessdirectory.com/,?view=list,Colorado Catholic Business Directory,https://coloradocatholicbusinessdirectory.com/dashboard?view=list,,,,,,1775058462201x523059865418210800,,,,,,save,,,,,,,,,,,,,,,,,"[{'brand': 'Not=A?Brand', 'version': '99'}, {'brand': 'Microsoft Edge', 'version': '151'}, {'brand': 'Chromium', 'version': '151'}]",False,Windows,button_click
ajs-next-1786129814198-a66b120d-0285-45af-b4f7-bf9cffa80f21,,c2a93ec5-2231-4751-8339-a1728f1eada5,2026-08-07 19:10:14.198000+00:00,,1751744301621x758526182685981300,"Mozilla/5.0 (Windows NT 10.0; Win64; x64) AppleWebKit/537.36 (KHTML, like Gecko) Chrome/151.0.0.0 Safari/537.36 Edg/151.0.0.0",/search,https://coloradocatholicbusinessdirectory.com/,?query=&category=,Search | Colorado Catholic Business Directory,https://coloradocatholicbusinessdirectory.com/search?query=&category=,,,,,,"1771433486472x495156137805681660, 1775058462201x523059865418210800, 1746855895334x711816173120128000, 1754624056001x759184470890143000, 1748365021326x105262688542451250, 1777321143190x321072500270616060, 1762957766158x632118084948257900, 1784643082658x121064733756065300, 1753909381745x872991521395046100, 1744397288473x909294892772270800, 1743549178851x847080663521240200, 1747420152884x437771544876149700, 1766070455303x639821695383855700, 1768581853937x610498789092930300, 1770943484557x164806709481949200, 1766011883106x917993758751800300, 1758120880051x675194275556497400, 1763569204895x378265538177280400, 1744175271939x575064790204550460, 1785541764222x907401192484364800, 1753985929691x853149258569598100, 1747827548541x313848517899538500, 1776373432940x530737443814194940, 1745533127765x291393362647413700, 1749742920378x965836759111504900, 1771545376609x752763268373144000, 1757355028996x505189727810192200, 1763408145585x201322720695875870, 1775244057768x699511577684581800, 1776102250538x198432379819539760, 1763148950401x545361905340972600, 1754084205128x675147807630683600, 1779371355755x238144527494011940, 1746765568691x979794717919274100, 1744134674881x127285411168640110, 1768584016102x834619843946063900, 1747864432460x772931238395911000, 1744282156200x727555159743162000, 1744157592334x292550965261606100, 1744391553368x301043576290850300, 1764781838221x716772635359430500, 1753911193017x504194995643152640, 1783629215270x470942340385689600, 1751319669665x621437589169731200, 1748581534531x956271769254002200, 1745273541628x945470626229355500, 1744335958024x226211831616957250, 1753982403438x535213824960417500, 1769719058268x843927058977011000, 1777042895042x187867473484191420, 1776210729408x448410210135887360, 1744743906400x631087870982087000, 1758312173588x895819358343598700, 1748389292320x918627677903932400, 1776552489781x780158200693874000, 1747184079669x994211808429350800, 1770152894907x464897480736850900, 1749068120323x412920063824988600, 1781734682517x295026001124971000, 1757720364741x595714121363069200, 1777921226784x512595595894430850, 1744260813114x505427712482621440, 1747165674437x491901038958021200, 1746938798847x931997689495082400, 1747185390251x665604546429507900, 1747170561218x640297169073643000, 1757437593796x460281345015416640, 1744737250347x219277345743008400, 1754949567759x639105313824555300, 1765399408996x262641226191956400, 1746548006831x128230088489826860, 1746827109704x963221719337950200, 1755533063776x956164571796881400, 1747594874125x270237571814453630, 1747216018889x770977089491677400, 1744907031541x119079844893356540, 1764711530894x480989914892320700, 1785246262777x370343103907722500, 1749173974503x736079030141835600, 1781791909727x427924501831676600, 1762271200864x775090106640580500, 1747163465846x476237095610093000, 1770755356265x111382421474427680, 1744760380914x558772773612561600, 1772982809798x739419868972941400, 1755271286521x378031808974615550, 1744579851707x640487742075829500, 1786064042259x692870208226282400, 1744751205492x235134337285239230, 1764963280733x431041418968701760, 1757438153395x416809556103947500, 1747183179554x540122160625888100, 1745528732739x896561533370513300, 1751402056748x637551618886434600, 1768427614253x929508274229176300, 1764342295066x618134664283571500, 1759153763139x433792388290277000, 1761762460002x434978052003146300, 1743547621069x279645472884266780, 1746467711533x453074785848415400, 1779223019066x495549806274790700, 1754927931120x470668069008822300, 1758147388607x898014240790697700, 1777042863057x294476376362385400, 1761762406893x958878656538368500, 1754505203290x671062062407191900, 1771003581692x955050931630977700, 1752717497153x537286585580736960, 1747848709032x210920410073364830, 1765001972595x338020444395840100, 1744398484109x785674167096991400, 1785949295783x548744299333027400, 1760118921086x941497076227920600, 1746631267951x741803061642879500, 1772482882558x843076024552954900, 1750783679107x801419812763124500, 1778185404695x597979725335827200, 1762889659042x996969350831174300, 1776360466250x658348247885801300, 1779207002005x542183775914824900, 1746635677548x343522492232585660, 1751749348389x952656707958261400, 1744748222708x779656090283929300, 1763255155587x707008769292458900, 1744319857648x144922844539837200, 1750784475796x702583457937545900, 1777405836126x277715594249416060, 1744740154739x566945822952470660, 1779898672007x583448227567234600, 1771021914207x198452557005754900, 1759930025997x126109694575208930, 1779564452798x328047204556438640, 1776360294100x840938158936498600, 1751744301621x758526182685981300, 1763672237927x725969385673238800, 1750785338983x949958887494882000, 1750783674403x491887953737125700, 1746843461447x686795565273950000, 1754941249648x796792188496967000, 1749057953945x756346430245684600, 1763509156539x144450665564595840, 1753465897836x101289632151690960, 1783603380895x646194509208660700, 1751425811600x127124815802215140, 1769635123521x385801932800474700, 1752687366861x422755081931784260, 1771538218470x758525499484679000, 1771517879190x523242735258870900, 1749580724532x760028975589297300, 1744643921578x315333816253624100, 1761044854709x307607562836745150, 1761930377989x951815782791809400, 1744736810207x919925185055488400, 1754081360962x724252535884739300, 1777052217878x935579896985562900, 1757369121056x350487849823425600, 1759423986281x805514757919405700, 1768844277981x664142917381285000, 1745597587022x519433479989605000, 1771436045389x658317953644361100, 1761919898226x928695665795906700, 1774573166178x561429420668618400, 1750423781412x480534435350699700, 1753135741395x558904608479141570, 1762364811793x796217509980630800, 1778678470875x691076180629588500, 1753374338412x209529915103450200, 1751224250248x539537516841198200, 1768238584049x399775147114029200, 1768426055630x579798080961828200, 1763305551668x997299018011994600, 1747398900475x598159844147748100, 1781830336957x808577548450478500, 1747221865162x703532834449508000, 1755621956288x571897163769246900, 1764893879099x465248075524681500, 1782146204142x629417106351450200, 1750436264420x989591292213482400, 1750784029587x963255839088365200, 1752182630575x854371423894944000, 1778709723276x637265650543127800, 1747415704843x665338483592092500, 1765991015203x350068785849064760, 1758568877707x715638242996164100, 1760458225389x690604949380638100",,,,false,,,,,,,,,,,,,,,,,,,"[{'brand': 'Not=A?Brand', 'version': '99'}, {'brand': 'Microsoft Edge', 'version': '151'}, {'brand': 'Chromium', 'version': '151'}]",False,Windows,impression
ajs-next-1786129809537-0ff49975-73df-44a2-908c-3b0ca1926bac,,c2a93ec5-2231-4751-8339-a1728f1eada5,2026-08-07 19:10:09.537000+00:00,,1751744301621x758526182685981300,"Mozilla/5.0 (Windows NT 10.0; Win64; x64) AppleWebKit/537.36 (KHTML, like Gecko) Chrome/151.0.0.0 Safari/537.36 Edg/151.0.0.0",/,https://coloradocatholics.biz/,,Colorado Catholic Business Directory,https://coloradocatholicbusinessdirectory.com/,,,,,,"1744643921578x315333816253624100, 1744579851707x640487742075829500, 1781830336957x808577548450478500, 1770943484557x164806709481949200, 1771436045389x658317953644361100, 1752717497153x537286585580736960, 1753982403438x535213824960417500",,,,true,,,,,,,,,,,,,,,,,,,"[{'brand': 'Not=A?Brand', 'version': '99'}, {'brand': 'Microsoft Edge', 'version': '151'}, {'brand': 'Chromium', 'version': '151'}]",False,Windows,impression
ajs-next-1786130573930-0edb07b0-2fe6-4d1d-8942-9483b6f27232,index,ce2dcdd7-94b8-4986-9274-debfa30a833e,2026-08-07 19:22:53.930000+00:00,index,1775058462201x523059865418210800,"Mozilla/5.0 (Windows NT 10.0; Win64; x64) AppleWebKit/537.36 (KHTML, like Gecko) Chrome/151.0.0.0 Safari/537.36 Edg/151.0.0.0",/,https://coloradocatholics.biz/,,Colorado Catholic Business Directory,https://coloradocatholicbusinessdirectory.com/,/,https://coloradocatholics.biz/,,Colorado Catholic Business Directory,https://coloradocatholicbusinessdirectory.com/,,index,index,,,,,,,,,,,,,,,,,,,,,"[{'brand': 'Not=A?Brand', 'version': '99'}, {'brand': 'Microsoft Edge', 'version': '151'}, {'brand': 'Chromium', 'version': '151'}]",False,Windows,page
ajs-next-1786129811788-73dff4a2-108c-4b0c-a192-6bacd14a4e7e,,c2a93ec5-2231-4751-8339-a1728f1eada5,2026-08-07 19:10:11.788000+00:00,,1751744301621x758526182685981300,"Mozilla/5.0 (Windows NT 10.0; Win64; x64) AppleWebKit/537.36 (KHTML, like Gecko) Chrome/151.0.0.0 Safari/537.36 Edg/151.0.0.0",/,https://coloradocatholics.biz/,,Colorado Catholic Business Directory,https://coloradocatholicbusinessdirectory.com/,,,,,,,,,,,,search,,,,,,,,,,,,,,,,,"[{'brand': 'Not=A?Brand', 'version': '99'}, {'brand': 'Microsoft Edge', 'version': '151'}, {'brand': 'Chromium', 'version': '151'}]",False,Windows,button_click
ajs-next-1786130582961-2fe60d1d-4942-4483-b6f2-7232f82469ea,,ce2dcdd7-94b8-4986-9274-debfa30a833e,2026-08-07 19:23:02.961000+00:00,,1775058462201x523059865418210800,"Mozilla/5.0 (Windows NT 10.0; Win64; x64) AppleWebKit/537.36 (KHTML, like Gecko) Chrome/151.0.0.0 Safari/537.36 Edg/151.0.0.0",/,https://coloradocatholics.biz/,,Colorado Catholic Business Directory,https://coloradocatholicbusinessdirectory.com/,,,,,,1770943484557x164806709481949200,,,,true,,more_info,,,,,,,,,,,,,,,,,"[{'brand': 'Not=A?Brand', 'version': '99'}, {'brand': 'Microsoft Edge', 'version': '151'}, {'brand': 'Chromium', 'version': '151'}]",False,Windows,button_click
ajs-next-1786130583956-49058f0a-0fe6-4708-91f4-0602e40ba518,,ce2dcdd7-94b8-4986-9274-debfa30a833e,2026-08-07 19:23:03.956000+00:00,,1775058462201x523059865418210800,"Mozilla/5.0 (Windows NT 10.0; Win64; x64) AppleWebKit/537.36 (KHTML, like Gecko) Chrome/151.0.0.0 Safari/537.36 Edg/151.0.0.0",/business_profile/the-foote-group-keller-williams-aspire-1770943484557x164806709481949200,https://coloradocatholicbusinessdirectory.com/,,"Védeni Property Inspections, LLC | Colorado Catholic Business Directory",https://coloradocatholicbusinessdirectory.com/business_profile/the-foote-group-keller-williams-aspire-1770943484557x164806709481949200,,,,,,,,,,,"{'business_id': '1775058462201x523059865418210800', 'email': 'dan@vedenipro.com', 'is_logged_in': True}",,,,,,,,,,,,,,,,,,"[{'brand': 'Not=A?Brand', 'version': '99'}, {'brand': 'Microsoft Edge', 'version': '151'}, {'brand': 'Chromium', 'version': '151'}]",False,Windows,identify
ajs-next-1786130954641-8951cb2f-5255-4d87-91cb-e9fa2e3c5cbe,,ce2dcdd7-94b8-4986-9274-debfa30a833e,2026-08-07 19:29:14.641000+00:00,,1775058462201x523059865418210800,"Mozilla/5.0 (Windows NT 10.0; Win64; x64) AppleWebKit/537.36 (KHTML, like Gecko) Chrome/151.0.0.0 Safari/537.36 Edg/151.0.0.0",/business_profile/luke-faulkner---colorado-associate-brokerrealtor%C2%AE-1747848709032x210920410073364830,https://coloradocatholicbusinessdirectory.com/,,"Védeni Property Inspections, LLC | Colorado Catholic Business Directory",https://coloradocatholicbusinessdirectory.com/business_profile/luke-faulkner---colorado-associate-brokerrealtor%C2%AE-1747848709032x210920410073364830,,,,,,1747848709032x210920410073364830,,,,,,visit_website,,,,,,,,,,,,,,,,,"[{'brand': 'Not=A?Brand', 'version': '99'}, {'brand': 'Microsoft Edge', 'version': '151'}, {'brand': 'Chromium', 'version': '151'}]",False,Windows,button_click
ajs-next-1786129809086-d7aaedaa-0ff4-4975-b3df-f4a2108c3b0c,,c2a93ec5-2231-4751-8339-a1728f1eada5,2026-08-07 19:10:09.086000+00:00,,1751744301621x758526182685981300,"Mozilla/5.0 (Windows NT 10.0; Win64; x64) AppleWebKit/537.36 (KHTML, like Gecko) Chrome/151.0.0.0 Safari/537.36 Edg/151.0.0.0",/,https://coloradocatholics.biz/,,Colorado Catholic Business Directory,https://coloradocatholicbusinessdirectory.com/,,,,,,,,,,,"{'email': 'laymansflame@laymansflame.com', 'is_logged_in': True}",,,,,,,,,,,,,,,,,,"[{'brand': 'Not=A?Brand', 'version': '99'}, {'brand': 'Microsoft Edge', 'version': '151'}, {'brand': 'Chromium', 'version': '151'}]",False,Windows,identify
ajs-next-1786129809090-edaa0ff4-9975-43df-b4a2-108c3b0ca192,index,c2a93ec5-2231-4751-8339-a1728f1eada5,2026-08-07 19:10:09.090000+00:00,index,1751744301621x758526182685981300,"Mozilla/5.0 (Windows NT 10.0; Win64; x64) AppleWebKit/537.36 (KHTML, like Gecko) Chrome/151.0.0.0 Safari/537.36 Edg/151.0.0.0",/,https://coloradocatholics.biz/,,Colorado Catholic Business Directory,https://coloradocatholicbusinessdirectory.com/,/,https://coloradocatholics.biz/,,Colorado Catholic Business Directory,https://coloradocatholicbusinessdirectory.com/,,index,index,,,,,,,,,,,,,,,,,,,,,"[{'brand': 'Not=A?Brand', 'version': '99'}, {'brand': 'Microsoft Edge', 'version': '151'}, {'brand': 'Chromium', 'version': '151'}]",False,Windows,page
ajs-next-1786129813221-b4a1b0d1-d137-4a17-a66b-120d028565af,,c2a93ec5-2231-4751-8339-a1728f1eada5,2026-08-07 19:10:13.221000+00:00,,1751744301621x758526182685981300,"Mozilla/5.0 (Windows NT 10.0; Win64; x64) AppleWebKit/537.36 (KHTML, like Gecko) Chrome/151.0.0.0 Safari/537.36 Edg/151.0.0.0",/search,https://coloradocatholicbusinessdirectory.com/,?query=&category=,Search | Colorado Catholic Business Directory,https://coloradocatholicbusinessdirectory.com/search?query=&category=,,,,,,,,,,,"{'email': 'laymansflame@laymansflame.com', 'is_logged_in': True}",,,,,,,,,,,,,,,,,,"[{'brand': 'Not=A?Brand', 'version': '99'}, {'brand': 'Microsoft Edge', 'version': '151'}, {'brand': 'Chromium', 'version': '151'}]",False,Windows,identify
ajs-next-1786129813526-d137ea17-a66b-420d-8285-65afb4f7bf9c,,c2a93ec5-2231-4751-8339-a1728f1eada5,2026-08-07 19:10:13.526000+00:00,,1751744301621x758526182685981300,"Mozilla/5.0 (Windows NT 10.0; Win64; x64) AppleWebKit/537.36 (KHTML, like Gecko) Chrome/151.0.0.0 Safari/537.36 Edg/151.0.0.0",/search,https://coloradocatholicbusinessdirectory.com/,?query=&category=,Search | Colorado Catholic Business Directory,https://coloradocatholicbusinessdirectory.com/search?query=&category=,,,,,,,,,sidebar,true,,,,,,,,,,,,,,,,,,,"[{'brand': 'Not=A?Brand', 'version': '99'}, {'brand': 'Microsoft Edge', 'version': '151'}, {'brand': 'Chromium', 'version': '151'}]",False,Windows,impression
ajs-next-1786129813894-ea17a66b-120d-4285-a5af-b4f7bf9cffa8,,c2a93ec5-2231-4751-8339-a1728f1eada5,2026-08-07 19:10:13.894000+00:00,,1751744301621x758526182685981300,"Mozilla/5.0 (Windows NT 10.0; Win64; x64) AppleWebKit/537.36 (KHTML, like Gecko) Chrome/151.0.0.0 Safari/537.36 Edg/151.0.0.0",/search,https://coloradocatholicbusinessdirectory.com/,?query=&category=,Search | Colorado Catholic Business Directory,https://coloradocatholicbusinessdirectory.com/search?query=&category=,,,,,,1752717497153x537286585580736960,,,main_list,true,,,,,,,,,,,,,,,,,,,"[{'brand': 'Not=A?Brand', 'version': '99'}, {'brand': 'Microsoft Edge', 'version': '151'}, {'brand': 'Chromium', 'version': '151'}]",False,Windows,impression
ajs-next-1786131175300-4946f9cc-58bd-4171-91fc-351ca1abca5c,,ce2dcdd7-94b8-4986-9274-debfa30a833e,2026-08-07 19:32:55.300000+00:00,,1775058462201x523059865418210800,"Mozilla/5.0 (Windows NT 10.0; Win64; x64) AppleWebKit/537.36 (KHTML, like Gecko) Chrome/151.0.0.0 Safari/537.36 Edg/151.0.0.0",/search,https://coloradocatholicbusinessdirectory.com/,,Search | Colorado Catholic Business Directory,https://coloradocatholicbusinessdirectory.com/search,,,,,,,,,,,,search,,,,,,,,,,,,,,,,,"[{'brand': 'Not=A?Brand', 'version': '99'}, {'brand': 'Microsoft Edge', 'version': '151'}, {'brand': 'Chromium', 'version': '151'}]",False,Windows,button_click
ajs-next-1786129810078-997573df-f4a2-408c-bb0c-a1926bacd14a,,c2a93ec5-2231-4751-8339-a1728f1eada5,2026-08-07 19:10:10.078000+00:00,,1751744301621x758526182685981300,"Mozilla/5.0 (Windows NT 10.0; Win64; x64) AppleWebKit/537.36 (KHTML, like Gecko) Chrome/151.0.0.0 Safari/537.36 Edg/151.0.0.0",/,https://coloradocatholics.biz/,,Colorado Catholic Business Directory,https://coloradocatholicbusinessdirectory.com/,,,,,,"1744643921578x315333816253624100, 1744579851707x640487742075829500, 1781830336957x808577548450478500, 1770943484557x164806709481949200, 1771436045389x658317953644361100, 1752717497153x537286585580736960, 1753982403438x535213824960417500",,,,true,,,,,,,,,,,,,,,,,,,"[{'brand': 'Not=A?Brand', 'version': '99'}, {'brand': 'Microsoft Edge', 'version': '151'}, {'brand': 'Chromium', 'version': '151'}]",False,Windows,impression
ajs-next-1786130660226-5ae0728b-5ccd-4b68-8a03-aa455fda12d9,profile,ce2dcdd7-94b8-4986-9274-debfa30a833e,2026-08-07 19:24:20.226000+00:00,business_profile,1775058462201x523059865418210800,"Mozilla/5.0 (Windows NT 10.0; Win64; x64) AppleWebKit/537.36 (KHTML, like Gecko) Chrome/151.0.0.0 Safari/537.36 Edg/151.0.0.0",/business_profile/luke-faulkner---colorado-associate-brokerrealtor%C2%AE-1747848709032x210920410073364830,https://coloradocatholicbusinessdirectory.com/,,"Védeni Property Inspections, LLC | Colorado Catholic Business Directory",https://coloradocatholicbusinessdirectory.com/business_profile/luke-faulkner---colorado-associate-brokerrealtor%C2%AE-1747848709032x210920410073364830,/business_profile/luke-faulkner---colorado-associate-brokerrealtor%C2%AE-1747848709032x210920410073364830,https://coloradocatholicbusinessdirectory.com/,,"Védeni Property Inspections, LLC | Colorado Catholic Business Directory",https://coloradocatholicbusinessdirectory.com/business_profile/luke-faulkner---colorado-associate-brokerrealtor%C2%AE-1747848709032x210920410073364830,1747848709032x210920410073364830,profile,business_profile,,,,,,,,,,,,,,,,,,,,,"[{'brand': 'Not=A?Brand', 'version': '99'}, {'brand': 'Microsoft Edge', 'version': '151'}, {'brand': 'Chromium', 'version': '151'}]",False,Windows,page
ajs-next-1786131166032-6b4f00cb-cf45-498a-a03b-1a3b8be9c95f,,ce2dcdd7-94b8-4986-9274-debfa30a833e,2026-08-07 19:32:46.032000+00:00,,1775058462201x523059865418210800,"Mozilla/5.0 (Windows NT 10.0; Win64; x64) AppleWebKit/537.36 (KHTML, like Gecko) Chrome/151.0.0.0 Safari/537.36 Edg/151.0.0.0",/business_profile/v%C3%A9deni-property-inspections-llc,https://coloradocatholicbusinessdirectory.com/,,"Védeni Property Inspections, LLC | Colorado Catholic Business Directory",https://coloradocatholicbusinessdirectory.com/business_profile/v%C3%A9deni-property-inspections-llc,,,,,,,,,,,"{'business_id': '1775058462201x523059865418210800', 'email': 'dan@vedenipro.com', 'is_logged_in': True}",,,,,,,,,,,,,,,,,,"[{'brand': 'Not=A?Brand', 'version': '99'}, {'brand': 'Microsoft Edge', 'version': '151'}, {'brand': 'Chromium', 'version': '151'}]",False,Windows,identify
ajs-next-1786129813222-b0d1d137-ea17-466b-920d-028565afb4f7,search,c2a93ec5-2231-4751-8339-a1728f1eada5,2026-08-07 19:10:13.222000+00:00,search,1751744301621x758526182685981300,"Mozilla/5.0 (Windows NT 10.0; Win64; x64) AppleWebKit/537.36 (KHTML, like Gecko) Chrome/151.0.0.0 Safari/537.36 Edg/151.0.0.0",/search,https://coloradocatholicbusinessdirectory.com/,?query=&category=,Search | Colorado Catholic Business Directory,https://coloradocatholicbusinessdirectory.com/search?query=&category=,/search,https://coloradocatholicbusinessdirectory.com/,?query=&category=,Search | Colorado Catholic Business Directory,https://coloradocatholicbusinessdirectory.com/search?query=&category=,,search,search,,,,,,,,,,,,,,,,,,,,,"[{'brand': 'Not=A?Brand', 'version': '99'}, {'brand': 'Microsoft Edge', 'version': '151'}, {'brand': 'Chromium', 'version': '151'}]",False,Windows,page
ajs-next-1786130609298-f7fae09e-9ded-4553-82ef-60ec2b761399,,ce2dcdd7-94b8-4986-9274-debfa30a833e,2026-08-07 19:23:29.298000+00:00,,1775058462201x523059865418210800,"Mozilla/5.0 (Windows NT 10.0; Win64; x64) AppleWebKit/537.36 (KHTML, like Gecko) Chrome/151.0.0.0 Safari/537.36 Edg/151.0.0.0",/search,https://coloradocatholicbusinessdirectory.com/,,Search | Colorado Catholic Business Directory,https://coloradocatholicbusinessdirectory.com/search,,,,,,,,,sidebar,true,,,,,,,,,,,,,,,,,,,"[{'brand': 'Not=A?Brand', 'version': '99'}, {'brand': 'Microsoft Edge', 'version': '151'}, {'brand': 'Chromium', 'version': '151'}]",False,Windows,impression
ajs-next-1786130947225-a15efef7-cdef-4d6f-8f36-0477340686fd,,ce2dcdd7-94b8-4986-9274-debfa30a833e,2026-08-07 19:29:07.225000+00:00,,1775058462201x523059865418210800,"Mozilla/5.0 (Windows NT 10.0; Win64; x64) AppleWebKit/537.36 (KHTML, like Gecko) Chrome/151.0.0.0 Safari/537.36 Edg/151.0.0.0",/,https://coloradocatholics.biz/,,Colorado Catholic Business Directory,https://coloradocatholicbusinessdirectory.com/,,,,,,,,,,,,,,,,,,luke faulkner,,,,,,,,,,,"[{'brand': 'Not=A?Brand', 'version': '99'}, {'brand': 'Microsoft Edge', 'version': '151'}, {'brand': 'Chromium', 'version': '151'}]",False,Windows,search
ajs-next-1786130948939-2b8b2ab4-7415-4c30-975d-97df758e1686,,ce2dcdd7-94b8-4986-9274-debfa30a833e,2026-08-07 19:29:08.939000+00:00,,1775058462201x523059865418210800,"Mozilla/5.0 (Windows NT 10.0; Win64; x64) AppleWebKit/537.36 (KHTML, like Gecko) Chrome/151.0.0.0 Safari/537.36 Edg/151.0.0.0",/search,https://coloradocatholicbusinessdirectory.com/,?query=luke%20faulkner&category=,Search | Colorado Catholic Business Directory,https://coloradocatholicbusinessdirectory.com/search?query=luke%20faulkner&category=,,,,,,,,,,,"{'business_id': '1775058462201x523059865418210800', 'email': 'dan@vedenipro.com', 'is_logged_in': True}",,,,,,,,,,,,,,,,,,"[{'brand': 'Not=A?Brand', 'version': '99'}, {'brand': 'Microsoft Edge', 'version': '151'}, {'brand': 'Chromium', 'version': '151'}]",False,Windows,identify
ajs-next-1786130951091-b7ac8951-cb2f-4255-bd87-51cbe9fa2e3c,profile,ce2dcdd7-94b8-4986-9274-debfa30a833e,2026-08-07 19:29:11.091000+00:00,business_profile,1775058462201x523059865418210800,"Mozilla/5.0 (Windows NT 10.0; Win64; x64) AppleWebKit/537.36 (KHTML, like Gecko) Chrome/151.0.0.0 Safari/537.36 Edg/151.0.0.0",/business_profile/luke-faulkner---colorado-associate-brokerrealtor%C2%AE-1747848709032x210920410073364830,https://coloradocatholicbusinessdirectory.com/,,"Védeni Property Inspections, LLC | Colorado Catholic Business Directory",https://coloradocatholicbusinessdirectory.com/business_profile/luke-faulkner---colorado-associate-brokerrealtor%C2%AE-1747848709032x210920410073364830,/business_profile/luke-faulkner---colorado-associate-brokerrealtor%C2%AE-1747848709032x210920410073364830,https://coloradocatholicbusinessdirectory.com/,,"Védeni Property Inspections, LLC | Colorado Catholic Business Directory",https://coloradocatholicbusinessdirectory.com/business_profile/luke-faulkner---colorado-associate-brokerrealtor%C2%AE-1747848709032x210920410073364830,1747848709032x210920410073364830,profile,business_profile,,,,,,,,,,,,,,,,,,,,,"[{'brand': 'Not=A?Brand', 'version': '99'}, {'brand': 'Microsoft Edge', 'version': '151'}, {'brand': 'Chromium', 'version': '151'}]",False,Windows,page
ajs-next-1786131104338-85a22c98-3fe6-4532-b330-02364b243beb,,ce2dcdd7-94b8-4986-9274-debfa30a833e,2026-08-07 19:31:44.338000+00:00,,1775058462201x523059865418210800,"Mozilla/5.0 (Windows NT 10.0; Win64; x64) AppleWebKit/537.36 (KHTML, like Gecko) Chrome/151.0.0.0 Safari/537.36 Edg/151.0.0.0",/search,https://coloradocatholicbusinessdirectory.com/,?query=&category=Home%20Services,Search | Colorado Catholic Business Directory,https://coloradocatholicbusinessdirectory.com/search?query=&category=Home%20Services,,,,,,,,,,,"{'business_id': '1775058462201x523059865418210800', 'email': 'dan@vedenipro.com', 'is_logged_in': True}",,,,,,,,,,,,,,,,,,"[{'brand': 'Not=A?Brand', 'version': '99'}, {'brand': 'Microsoft Edge', 'version': '151'}, {'brand': 'Chromium', 'version': '151'}]",False,Windows,identify
ajs-next-1786131104339-2c983fe6-a532-4330-8236-4b243beb67ac,search,ce2dcdd7-94b8-4986-9274-debfa30a833e,2026-08-07 19:31:44.339000+00:00,search,1775058462201x523059865418210800,"Mozilla/5.0 (Windows NT 10.0; Win64; x64) AppleWebKit/537.36 (KHTML, like Gecko) Chrome/151.0.0.0 Safari/537.36 Edg/151.0.0.0",/search,https://coloradocatholicbusinessdirectory.com/,?query=&category=Home%20Services,Search | Colorado Catholic Business Directory,https://coloradocatholicbusinessdirectory.com/search?query=&category=Home%20Services,/search,https://coloradocatholicbusinessdirectory.com/,?query=&category=Home%20Services,Search | Colorado Catholic Business Directory,https://coloradocatholicbusinessdirectory.com/search?query=&category=Home%20Services,,search,search,,,,,,,,,,,,,,,,,,,,,"[{'brand': 'Not=A?Brand', 'version': '99'}, {'brand': 'Microsoft Edge', 'version': '151'}, {'brand': 'Chromium', 'version': '151'}]",False,Windows,page
ajs-next-1786131164651-68b338c1-7098-4700-9b03-b8107c69bebe,,ce2dcdd7-94b8-4986-9274-debfa30a833e,2026-08-07 19:32:44.651000+00:00,,1775058462201x523059865418210800,"Mozilla/5.0 (Windows NT 10.0; Win64; x64) AppleWebKit/537.36 (KHTML, like Gecko) Chrome/151.0.0.0 Safari/537.36 Edg/151.0.0.0",/dashboard,https://coloradocatholicbusinessdirectory.com/,?view=list,Colorado Catholic Business Directory,https://coloradocatholicbusinessdirectory.com/dashboard?view=list,,,,,,1775058462201x523059865418210800,,,,,,faith,,,,,,,,,,,,,,,,,"[{'brand': 'Not=A?Brand', 'version': '99'}, {'brand': 'Microsoft Edge', 'version': '151'}, {'brand': 'Chromium', 'version': '151'}]",False,Windows,button_click
ajs-next-1786130583959-8f0a0fe6-b708-41f4-8602-e40ba518b78d,profile,ce2dcdd7-94b8-4986-9274-debfa30a833e,2026-08-07 19:23:03.959000+00:00,business_profile,1775058462201x523059865418210800,"Mozilla/5.0 (Windows NT 10.0; Win64; x64) AppleWebKit/537.36 (KHTML, like Gecko) Chrome/151.0.0.0 Safari/537.36 Edg/151.0.0.0",/business_profile/the-foote-group-keller-williams-aspire-1770943484557x164806709481949200,https://coloradocatholicbusinessdirectory.com/,,"Védeni Property Inspections, LLC | Colorado Catholic Business Directory",https://coloradocatholicbusinessdirectory.com/business_profile/the-foote-group-keller-williams-aspire-1770943484557x164806709481949200,/business_profile/the-foote-group-keller-williams-aspire-1770943484557x164806709481949200,https://coloradocatholicbusinessdirectory.com/,,"Védeni Property Inspections, LLC | Colorado Catholic Business Directory",https://coloradocatholicbusinessdirectory.com/business_profile/the-foote-group-keller-williams-aspire-1770943484557x164806709481949200,1770943484557x164806709481949200,profile,business_profile,,,,,,,,,,,,,,,,,,,,,"[{'brand': 'Not=A?Brand', 'version': '99'}, {'brand': 'Microsoft Edge', 'version': '151'}, {'brand': 'Chromium', 'version': '151'}]",False,Windows,page
ajs-next-1786130608996-d601f7fa-e09e-4ded-8553-c2ef60ec2b76,search,ce2dcdd7-94b8-4986-9274-debfa30a833e,2026-08-07 19:23:28.996000+00:00,search,1775058462201x523059865418210800,"Mozilla/5.0 (Windows NT 10.0; Win64; x64) AppleWebKit/537.36 (KHTML, like Gecko) Chrome/151.0.0.0 Safari/537.36 Edg/151.0.0.0",/search,https://coloradocatholicbusinessdirectory.com/,,Search | Colorado Catholic Business Directory,https://coloradocatholicbusinessdirectory.com/search,/search,https://coloradocatholicbusinessdirectory.com/,,Search | Colorado Catholic Business Directory,https://coloradocatholicbusinessdirectory.com/search,,search,search,,,,,,,,,,,,,,,,,,,,,"[{'brand': 'Not=A?Brand', 'version': '99'}, {'brand': 'Microsoft Edge', 'version': '151'}, {'brand': 'Chromium', 'version': '151'}]",False,Windows,page
ajs-next-1786130608995-95afd601-f7fa-409e-9ded-c553c2ef60ec,,ce2dcdd7-94b8-4986-9274-debfa30a833e,2026-08-07 19:23:28.995000+00:00,,1775058462201x523059865418210800,"Mozilla/5.0 (Windows NT 10.0; Win64; x64) AppleWebKit/537.36 (KHTML, like Gecko) Chrome/151.0.0.0 Safari/537.36 Edg/151.0.0.0",/search,https://coloradocatholicbusinessdirectory.com/,,Search | Colorado Catholic Business Directory,https://coloradocatholicbusinessdirectory.com/search,,,,,,,,,,,"{'business_id': '1775058462201x523059865418210800', 'email': 'dan@vedenipro.com', 'is_logged_in': True}",,,,,,,,,,,,,,,,,,"[{'brand': 'Not=A?Brand', 'version': '99'}, {'brand': 'Microsoft Edge', 'version': '151'}, {'brand': 'Chromium', 'version': '151'}]",False,Windows,identify
ajs-next-1786130609608-e09e9ded-c553-42ef-a0ec-2b761399e585,,ce2dcdd7-94b8-4986-9274-debfa30a833e,2026-08-07 19:23:29.608000+00:00,,1775058462201x523059865418210800,"Mozilla/5.0 (Windows NT 10.0; Win64; x64) AppleWebKit/537.36 (KHTML, like Gecko) Chrome/151.0.0.0 Safari/537.36 Edg/151.0.0.0",/search,https://coloradocatholicbusinessdirectory.com/,,Search | Colorado Catholic Business Directory,https://coloradocatholicbusinessdirectory.com/search,,,,,,1770943484557x164806709481949200,,,main_list,true,,,,,,,,,,,,,,,,,,,"[{'brand': 'Not=A?Brand', 'version': '99'}, {'brand': 'Microsoft Edge', 'version': '151'}, {'brand': 'Chromium', 'version': '151'}]",False,Windows,impression
ajs-next-1786131092886-ca9fef4a-281c-4386-b059-f16b0de338ab,index,ce2dcdd7-94b8-4986-9274-debfa30a833e,2026-08-07 19:31:32.886000+00:00,index,1775058462201x523059865418210800,"Mozilla/5.0 (Windows NT 10.0; Win64; x64) AppleWebKit/537.36 (KHTML, like Gecko) Chrome/151.0.0.0 Safari/537.36 Edg/151.0.0.0",/,https://coloradocatholics.biz/,,Colorado Catholic Business Directory,https://coloradocatholicbusinessdirectory.com/,/,https://coloradocatholics.biz/,,Colorado Catholic Business Directory,https://coloradocatholicbusinessdirectory.com/,,index,index,,,,,,,,,,,,,,,,,,,,,"[{'brand': 'Not=A?Brand', 'version': '99'}, {'brand': 'Microsoft Edge', 'version': '151'}, {'brand': 'Chromium', 'version': '151'}]",False,Windows,page
ajs-next-1786131165221-38c17098-8700-4b03-b810-7c69bebeaf1b,,ce2dcdd7-94b8-4986-9274-debfa30a833e,2026-08-07 19:32:45.221000+00:00,,1775058462201x523059865418210800,"Mozilla/5.0 (Windows NT 10.0; Win64; x64) AppleWebKit/537.36 (KHTML, like Gecko) Chrome/151.0.0.0 Safari/537.36 Edg/151.0.0.0",/dashboard,https://coloradocatholicbusinessdirectory.com/,?view=list,Colorado Catholic Business Directory,https://coloradocatholicbusinessdirectory.com/dashboard?view=list,,,,,,1775058462201x523059865418210800,,,,,,,,,,dan@vedenipro.com,,,Holy Name - Sheridan,,,"16+year Law Enforcement Veteran & Detective-Owned Company

- InterNACHI Certified Professional Inspector

- ICA Certified Home Inspector

- CCPIA Certified Commercial Property Inspector

- FAA Certified Drone Pilot 

- NRPP Certified Radon Measurement Professional (RMP)

COLORADO CATHOLIC DISCOUNT: Védeni Property Inspections, LLC provides home inspection services for homebuyers in the Denver and Colorado Front Range area and offers discounts through the Colorado Catholic Business Network. Please mention CCBN or use promo code CCBN when booking online! 

Additional Services: 
*Sewer Scope Inspections 
*Professional Radon Testing 

We aim to be a one-stop shop for all of your inspection needs, to provide a trusted and ethical Catholic-friendly service. 

Visit us online at www.vedenipro.com for more information or to book online. 

Védeni Property Inspections, LLC is a family-owned Catholic business guided by the words of Hebrews 13:14: 

“For this world is not our permanent home; we are looking forward to a home yet to come.” 
",dan@vedenipro.com,"Védeni Property Inspections, LLC",Home Services,(303) 888-1387,Home Inspections,www.vedenipro.com,"[{'brand': 'Not=A?Brand', 'version': '99'}, {'brand': 'Microsoft Edge', 'version': '151'}, {'brand': 'Chromium', 'version': '151'}]",False,Windows,db_update
ajs-next-1786130660222-844f5ae0-728b-4ccd-8b68-0a03aa455fda,,ce2dcdd7-94b8-4986-9274-debfa30a833e,2026-08-07 19:24:20.222000+00:00,,1775058462201x523059865418210800,"Mozilla/5.0 (Windows NT 10.0; Win64; x64) AppleWebKit/537.36 (KHTML, like Gecko) Chrome/151.0.0.0 Safari/537.36 Edg/151.0.0.0",/business_profile/luke-faulkner---colorado-associate-brokerrealtor%C2%AE-1747848709032x210920410073364830,https://coloradocatholicbusinessdirectory.com/,,"Védeni Property Inspections, LLC | Colorado Catholic Business Directory",https://coloradocatholicbusinessdirectory.com/business_profile/luke-faulkner---colorado-associate-brokerrealtor%C2%AE-1747848709032x210920410073364830,,,,,,,,,,,"{'business_id': '1775058462201x523059865418210800', 'email': 'dan@vedenipro.com', 'is_logged_in': True}",,,,,,,,,,,,,,,,,,"[{'brand': 'Not=A?Brand', 'version': '99'}, {'brand': 'Microsoft Edge', 'version': '151'}, {'brand': 'Chromium', 'version': '151'}]",False,Windows,identify
ajs-next-1786130946913-210fa15e-fef7-4def-8d6f-8f3604773406,,ce2dcdd7-94b8-4986-9274-debfa30a833e,2026-08-07 19:29:06.913000+00:00,,1775058462201x523059865418210800,"Mozilla/5.0 (Windows NT 10.0; Win64; x64) AppleWebKit/537.36 (KHTML, like Gecko) Chrome/151.0.0.0 Safari/537.36 Edg/151.0.0.0",/,https://coloradocatholics.biz/,,Colorado Catholic Business Directory,https://coloradocatholicbusinessdirectory.com/,,,,,,,,,,,,search,,,,,,,,,,,,,,,,,"[{'brand': 'Not=A?Brand', 'version': '99'}, {'brand': 'Microsoft Edge', 'version': '151'}, {'brand': 'Chromium', 'version': '151'}]",False,Windows,button_click
ajs-next-1786131123994-a15e659d-5dfa-4f5f-a8b3-38c170988700,,ce2dcdd7-94b8-4986-9274-debfa30a833e,2026-08-07 19:32:03.994000+00:00,,1775058462201x523059865418210800,"Mozilla/5.0 (Windows NT 10.0; Win64; x64) AppleWebKit/537.36 (KHTML, like Gecko) Chrome/151.0.0.0 Safari/537.36 Edg/151.0.0.0",/dashboard,https://coloradocatholicbusinessdirectory.com/,?view=list,Colorado Catholic Business Directory,https://coloradocatholicbusinessdirectory.com/dashboard?view=list,,,,,,1775058462201x523059865418210800,,,,,,,,2,logo,,,,,,,,,,,,,,"[{'brand': 'Not=A?Brand', 'version': '99'}, {'brand': 'Microsoft Edge', 'version': '151'}, {'brand': 'Chromium', 'version': '151'}]",False,Windows,input_changed
ajs-next-1786130574362-07b02fe6-0d1d-4942-9483-b6f27232f824,,ce2dcdd7-94b8-4986-9274-debfa30a833e,2026-08-07 19:22:54.362000+00:00,,1775058462201x523059865418210800,"Mozilla/5.0 (Windows NT 10.0; Win64; x64) AppleWebKit/537.36 (KHTML, like Gecko) Chrome/151.0.0.0 Safari/537.36 Edg/151.0.0.0",/,https://coloradocatholics.biz/,,Colorado Catholic Business Directory,https://coloradocatholicbusinessdirectory.com/,,,,,,"1771436045389x658317953644361100, 1752717497153x537286585580736960, 1770943484557x164806709481949200, 1781830336957x808577548450478500, 1753982403438x535213824960417500, 1744579851707x640487742075829500, 1744643921578x315333816253624100",,,,true,,,,,,,,,,,,,,,,,,,"[{'brand': 'Not=A?Brand', 'version': '99'}, {'brand': 'Microsoft Edge', 'version': '151'}, {'brand': 'Chromium', 'version': '151'}]",False,Windows,impression
ajs-next-1786131128925-659d5dfa-8f5f-48b3-b8c1-709887009b03,,ce2dcdd7-94b8-4986-9274-debfa30a833e,2026-08-07 19:32:08.925000+00:00,,1775058462201x523059865418210800,"Mozilla/5.0 (Windows NT 10.0; Win64; x64) AppleWebKit/537.36 (KHTML, like Gecko) Chrome/151.0.0.0 Safari/537.36 Edg/151.0.0.0",/dashboard,https://coloradocatholicbusinessdirectory.com/,?view=list,Colorado Catholic Business Directory,https://coloradocatholicbusinessdirectory.com/dashboard?view=list,,,,,,1775058462201x523059865418210800,,,,,,,,2,logo,,,,,,,,,,,,,,"[{'brand': 'Not=A?Brand', 'version': '99'}, {'brand': 'Microsoft Edge', 'version': '151'}, {'brand': 'Chromium', 'version': '151'}]",False,Windows,input_changed
ajs-next-1786130609924-9dedc553-c2ef-40ec-ab76-1399e5858547,,ce2dcdd7-94b8-4986-9274-debfa30a833e,2026-08-07 19:23:29.924000+00:00,,1775058462201x523059865418210800,"Mozilla/5.0 (Windows NT 10.0; Win64; x64) AppleWebKit/537.36 (KHTML, like Gecko) Chrome/151.0.0.0 Safari/537.36 Edg/151.0.0.0",/search,https://coloradocatholicbusinessdirectory.com/,,Search | Colorado Catholic Business Directory,https://coloradocatholicbusinessdirectory.com/search,,,,,,"1768581853937x610498789092930300, 1744319857648x144922844539837200, 1744751205492x235134337285239230, 1752717497153x537286585580736960, 1743549178851x847080663521240200, 1747184079669x994211808429350800, 1744740154739x566945822952470660, 1781734682517x295026001124971000, 1758120880051x675194275556497400, 1751425811600x127124815802215140, 1745273541628x945470626229355500, 1747594874125x270237571814453630, 1781830336957x808577548450478500, 1776360466250x658348247885801300, 1754624056001x759184470890143000, 1764893879099x465248075524681500, 1759930025997x126109694575208930, 1776360294100x840938158936498600, 1749057953945x756346430245684600, 1746635677548x343522492232585660, 1777405836126x277715594249416060, 1755533063776x956164571796881400, 1779371355755x238144527494011940, 1744643921578x315333816253624100, 1744391553368x301043576290850300, 1746843461447x686795565273950000, 1769635123521x385801932800474700, 1759153763139x433792388290277000, 1757438153395x416809556103947500, 1754081360962x724252535884739300, 1762364811793x796217509980630800, 1744134674881x127285411168640110, 1747170561218x640297169073643000, 1782146204142x629417106351450200, 1758312173588x895819358343598700, 1753909381745x872991521395046100, 1771517879190x523242735258870900, 1762271200864x775090106640580500, 1743547621069x279645472884266780, 1747398900475x598159844147748100, 1750783674403x491887953737125700, 1747165674437x491901038958021200, 1744260813114x505427712482621440, 1745528732739x896561533370513300, 1772982809798x739419868972941400, 1757720364741x595714121363069200, 1747415704843x665338483592092500, 1777042895042x187867473484191420, 1759423986281x805514757919405700, 1762889659042x996969350831174300, 1749580724532x760028975589297300, 1776373432940x530737443814194940, 1770755356265x111382421474427680, 1771021914207x198452557005754900, 1777921226784x512595595894430850, 1752182630575x854371423894944000, 1763255155587x707008769292458900, 1777321143190x321072500270616060, 1781791909727x427924501831676600, 1760458225389x690604949380638100, 1755621956288x571897163769246900, 1744175271939x575064790204550460, 1779898672007x583448227567234600, 1747848709032x210920410073364830, 1758147388607x898014240790697700, 1744748222708x779656090283929300, 1747827548541x313848517899538500, 1750436264420x989591292213482400, 1776552489781x780158200693874000, 1754941249648x796792188496967000, 1757437593796x460281345015416640, 1751224250248x539537516841198200, 1776210729408x448410210135887360, 1744282156200x727555159743162000, 1765991015203x350068785849064760, 1751319669665x621437589169731200, 1751744301621x758526182685981300, 1784643082658x121064733756065300, 1778185404695x597979725335827200, 1786064042259x692870208226282400, 1750783679107x801419812763124500, 1768427614253x929508274229176300, 1766070455303x639821695383855700, 1746827109704x963221719337950200, 1769719058268x843927058977011000, 1747221865162x703532834449508000, 1779564452798x328047204556438640, 1785541764222x907401192484364800, 1772482882558x843076024552954900, 1775058462201x523059865418210800, 1768584016102x834619843946063900, 1777052217878x935579896985562900, 1762957766158x632118084948257900, 1771545376609x752763268373144000, 1779223019066x495549806274790700, 1763569204895x378265538177280400, 1750423781412x480534435350699700, 1749742920378x965836759111504900, 1763672237927x725969385673238800, 1774573166178x561429420668618400, 1744760380914x558772773612561600, 1746548006831x128230088489826860, 1745533127765x291393362647413700, 1748581534531x956271769254002200, 1770943484557x164806709481949200, 1753374338412x209529915103450200, 1768844277981x664142917381285000, 1749068120323x412920063824988600, 1771003581692x955050931630977700, 1768238584049x399775147114029200, 1783603380895x646194509208660700, 1748389292320x918627677903932400, 1764963280733x431041418968701760, 1750784029587x963255839088365200, 1744335958024x226211831616957250, 1744157592334x292550965261606100, 1744743906400x631087870982087000, 1771538218470x758525499484679000, 1761930377989x951815782791809400, 1761044854709x307607562836745150, 1746938798847x931997689495082400, 1753911193017x504194995643152640, 1761762460002x434978052003146300, 1783629215270x470942340385689600, 1758568877707x715638242996164100, 1785949295783x548744299333027400, 1746765568691x979794717919274100, 1771436045389x658317953644361100, 1763509156539x144450665564595840, 1744737250347x219277345743008400, 1751402056748x637551618886434600, 1744736810207x919925185055488400, 1757369121056x350487849823425600, 1745597587022x519433479989605000, 1754505203290x671062062407191900, 1768426055630x579798080961828200, 1747216018889x770977089491677400, 1764781838221x716772635359430500, 1771433486472x495156137805681660, 1747163465846x476237095610093000, 1746631267951x741803061642879500, 1746467711533x453074785848415400, 1753465897836x101289632151690960, 1746855895334x711816173120128000, 1766011883106x917993758751800300, 1751749348389x952656707958261400, 1763408145585x201322720695875870, 1747183179554x540122160625888100, 1761762406893x958878656538368500, 1763148950401x545361905340972600, 1754084205128x675147807630683600, 1763305551668x997299018011994600, 1752687366861x422755081931784260, 1765399408996x262641226191956400, 1757355028996x505189727810192200, 1770152894907x464897480736850900, 1785246262777x370343103907722500, 1755271286521x378031808974615550, 1754949567759x639105313824555300, 1753982403438x535213824960417500, 1779207002005x542183775914824900, 1749173974503x736079030141835600, 1760118921086x941497076227920600, 1747864432460x772931238395911000, 1764342295066x618134664283571500, 1744398484109x785674167096991400, 1748365021326x105262688542451250, 1765001972595x338020444395840100, 1744579851707x640487742075829500, 1750785338983x949958887494882000, 1753135741395x558904608479141570, 1747420152884x437771544876149700, 1744907031541x119079844893356540, 1753985929691x853149258569598100, 1747185390251x665604546429507900, 1775244057768x699511577684581800, 1777042863057x294476376362385400, 1776102250538x198432379819539760, 1778709723276x637265650543127800, 1764711530894x480989914892320700, 1754927931120x470668069008822300, 1761919898226x928695665795906700, 1778678470875x691076180629588500, 1750784475796x702583457937545900, 1744397288473x909294892772270800",,,,false,,,,,,,,,,,,,,,,,,,"[{'brand': 'Not=A?Brand', 'version': '99'}, {'brand': 'Microsoft Edge', 'version': '151'}, {'brand': 'Chromium', 'version': '151'}]",False,Windows,impression
ajs-next-1786130949560-ac30575d-97df-458e-9686-7c09c4e16823,,ce2dcdd7-94b8-4986-9274-debfa30a833e,2026-08-07 19:29:09.560000+00:00,,1775058462201x523059865418210800,"Mozilla/5.0 (Windows NT 10.0; Win64; x64) AppleWebKit/537.36 (KHTML, like Gecko) Chrome/151.0.0.0 Safari/537.36 Edg/151.0.0.0",/search,https://coloradocatholicbusinessdirectory.com/,?query=luke%20faulkner&category=,Search | Colorado Catholic Business Directory,https://coloradocatholicbusinessdirectory.com/search?query=luke%20faulkner&category=,,,,,,1753982403438x535213824960417500,,,main_list,true,,,,,,,,,,,,,,,,,,,"[{'brand': 'Not=A?Brand', 'version': '99'}, {'brand': 'Microsoft Edge', 'version': '151'}, {'brand': 'Chromium', 'version': '151'}]",False,Windows,impression
ajs-next-1786130573927-d7aa0edb-07b0-4fe6-8d1d-49429483b6f2,,ce2dcdd7-94b8-4986-9274-debfa30a833e,2026-08-07 19:22:53.927000+00:00,,1775058462201x523059865418210800,"Mozilla/5.0 (Windows NT 10.0; Win64; x64) AppleWebKit/537.36 (KHTML, like Gecko) Chrome/151.0.0.0 Safari/537.36 Edg/151.0.0.0",/,https://coloradocatholics.biz/,,Colorado Catholic Business Directory,https://coloradocatholicbusinessdirectory.com/,,,,,,,,,,,"{'business_id': '1775058462201x523059865418210800', 'email': 'dan@vedenipro.com', 'is_logged_in': True}",,,,,,,,,,,,,,,,,,"[{'brand': 'Not=A?Brand', 'version': '99'}, {'brand': 'Microsoft Edge', 'version': '151'}, {'brand': 'Chromium', 'version': '151'}]",False,Windows,identify
ajs-next-1786130948940-2ab47415-ac30-475d-97df-758e16867c09,search,ce2dcdd7-94b8-4986-9274-debfa30a833e,2026-08-07 19:29:08.940000+00:00,search,1775058462201x523059865418210800,"Mozilla/5.0 (Windows NT 10.0; Win64; x64) AppleWebKit/537.36 (KHTML, like Gecko) Chrome/151.0.0.0 Safari/537.36 Edg/151.0.0.0",/search,https://coloradocatholicbusinessdirectory.com/,?query=luke%20faulkner&category=,Search | Colorado Catholic Business Directory,https://coloradocatholicbusinessdirectory.com/search?query=luke%20faulkner&category=,/search,https://coloradocatholicbusinessdirectory.com/,?query=luke%20faulkner&category=,Search | Colorado Catholic Business Directory,https://coloradocatholicbusinessdirectory.com/search?query=luke%20faulkner&category=,,search,search,,,,,,,,,,,,,,,,,,,,,"[{'brand': 'Not=A?Brand', 'version': '99'}, {'brand': 'Microsoft Edge', 'version': '151'}, {'brand': 'Chromium', 'version': '151'}]",False,Windows,page
ajs-next-1786130949864-575d97df-758e-4686-bc09-c4e1682340e9,,ce2dcdd7-94b8-4986-9274-debfa30a833e,2026-08-07 19:29:09.864000+00:00,,1775058462201x523059865418210800,"Mozilla/5.0 (Windows NT 10.0; Win64; x64) AppleWebKit/537.36 (KHTML, like Gecko) Chrome/151.0.0.0 Safari/537.36 Edg/151.0.0.0",/search,https://coloradocatholicbusinessdirectory.com/,?query=luke%20faulkner&category=,Search | Colorado Catholic Business Directory,https://coloradocatholicbusinessdirectory.com/search?query=luke%20faulkner&category=,,,,,,1747848709032x210920410073364830,,,,false,,,,,,,,,,,,,,,,,,,"[{'brand': 'Not=A?Brand', 'version': '99'}, {'brand': 'Microsoft Edge', 'version': '151'}, {'brand': 'Chromium', 'version': '151'}]",False,Windows,impression
ajs-next-1786131176529-d1fc351c-a1ab-4a5c-a7ba-dc1a988d2c24,,ce2dcdd7-94b8-4986-9274-debfa30a833e,2026-08-07 19:32:56.529000+00:00,,1775058462201x523059865418210800,"Mozilla/5.0 (Windows NT 10.0; Win64; x64) AppleWebKit/537.36 (KHTML, like Gecko) Chrome/151.0.0.0 Safari/537.36 Edg/151.0.0.0",/search,https://coloradocatholicbusinessdirectory.com/,?query=&category=Home%20Services,Search | Colorado Catholic Business Directory,https://coloradocatholicbusinessdirectory.com/search?query=&category=Home%20Services,,,,,,1744579851707x640487742075829500,,,main_list,true,,,,,,,,,,,,,,,,,,,"[{'brand': 'Not=A?Brand', 'version': '99'}, {'brand': 'Microsoft Edge', 'version': '151'}, {'brand': 'Chromium', 'version': '151'}]",False,Windows,impression
ajs-next-1786131176837-351ca1ab-ca5c-47ba-9c1a-988d2c245843,,ce2dcdd7-94b8-4986-9274-debfa30a833e,2026-08-07 19:32:56.837000+00:00,,1775058462201x523059865418210800,"Mozilla/5.0 (Windows NT 10.0; Win64; x64) AppleWebKit/537.36 (KHTML, like Gecko) Chrome/151.0.0.0 Safari/537.36 Edg/151.0.0.0",/search,https://coloradocatholicbusinessdirectory.com/,?query=&category=Home%20Services,Search | Colorado Catholic Business Directory,https://coloradocatholicbusinessdirectory.com/search?query=&category=Home%20Services,,,,,,"1785246262777x370343103907722500, 1755621956288x571897163769246900, 1749742920378x965836759111504900, 1754927931120x470668069008822300, 1747848709032x210920410073364830, 1753911193017x504194995643152640, 1744748222708x779656090283929300, 1776552489781x780158200693874000, 1747864432460x772931238395911000, 1744335958024x226211831616957250, 1775058462201x523059865418210800, 1763255155587x707008769292458900, 1750783674403x491887953737125700, 1759930025997x126109694575208930, 1744398484109x785674167096991400, 1751319669665x621437589169731200, 1777042863057x294476376362385400, 1747216018889x770977089491677400, 1747398900475x598159844147748100, 1745273541628x945470626229355500, 1768581853937x610498789092930300, 1746855895334x711816173120128000, 1770943484557x164806709481949200, 1759153763139x433792388290277000, 1744751205492x235134337285239230, 1759423986281x805514757919405700, 1754505203290x671062062407191900, 1763148950401x545361905340972600, 1750436264420x989591292213482400, 1755533063776x956164571796881400, 1744579851707x640487742075829500, 1763408145585x201322720695875870",,,,false,,,,,,,,,,,,,,,,,,,"[{'brand': 'Not=A?Brand', 'version': '99'}, {'brand': 'Microsoft Edge', 'version': '151'}, {'brand': 'Chromium', 'version': '151'}]",False,Windows,impression
ajs-next-1786133871260-4229a332-cc53-4311-93a6-15a5faeb457e,,bea0e570-1b37-45ec-bb45-1b271353ac93,2026-08-07 20:17:51.260000+00:00,,1778185404695x597979725335827200,"Mozilla/5.0 (Windows NT 10.0; Win64; x64) AppleWebKit/537.36 (KHTML, like Gecko) Chrome/151.0.0.0 Safari/537.36",/,https://coloradocatholicbusinessdirectory.com/,,Colorado Catholic Business Directory,https://coloradocatholicbusinessdirectory.com/,,,,,,"1781830336957x808577548450478500, 1744643921578x315333816253624100, 1744579851707x640487742075829500, 1771436045389x658317953644361100, 1770943484557x164806709481949200, 1752717497153x537286585580736960, 1753982403438x535213824960417500",,,,true,,,,,,,,,,,,,,,,,,,"[{'brand': 'Not=A?Brand', 'version': '99'}, {'brand': 'Google Chrome', 'version': '151'}, {'brand': 'Chromium', 'version': '151'}]",False,Windows,impression
ajs-next-1786131117706-8089a15e-659d-4dfa-8f5f-68b338c17098,dashboard,ce2dcdd7-94b8-4986-9274-debfa30a833e,2026-08-07 19:31:57.706000+00:00,dashboard,1775058462201x523059865418210800,"Mozilla/5.0 (Windows NT 10.0; Win64; x64) AppleWebKit/537.36 (KHTML, like Gecko) Chrome/151.0.0.0 Safari/537.36 Edg/151.0.0.0",/dashboard,https://coloradocatholicbusinessdirectory.com/,?view=list,Colorado Catholic Business Directory,https://coloradocatholicbusinessdirectory.com/dashboard?view=list,/dashboard,https://coloradocatholicbusinessdirectory.com/,?view=list,Colorado Catholic Business Directory,https://coloradocatholicbusinessdirectory.com/dashboard?view=list,1775058462201x523059865418210800,dashboard,dashboard,,,,,,,,,,,,,,,,,,,,,"[{'brand': 'Not=A?Brand', 'version': '99'}, {'brand': 'Microsoft Edge', 'version': '151'}, {'brand': 'Chromium', 'version': '151'}]",False,Windows,page
ajs-next-1786131194700-e6b39727-007c-4a82-a60a-3b7456040257,profile,ce2dcdd7-94b8-4986-9274-debfa30a833e,2026-08-07 19:33:14.700000+00:00,business_profile,1775058462201x523059865418210800,"Mozilla/5.0 (Windows NT 10.0; Win64; x64) AppleWebKit/537.36 (KHTML, like Gecko) Chrome/151.0.0.0 Safari/537.36 Edg/151.0.0.0",/business_profile/matt-mansfield---remax-professionals-1744398484109x785674167096991400,https://coloradocatholicbusinessdirectory.com/,,"Védeni Property Inspections, LLC | Colorado Catholic Business Directory",https://coloradocatholicbusinessdirectory.com/business_profile/matt-mansfield---remax-professionals-1744398484109x785674167096991400,/business_profile/matt-mansfield---remax-professionals-1744398484109x785674167096991400,https://coloradocatholicbusinessdirectory.com/,,"Védeni Property Inspections, LLC | Colorado Catholic Business Directory",https://coloradocatholicbusinessdirectory.com/business_profile/matt-mansfield---remax-professionals-1744398484109x785674167096991400,1744398484109x785674167096991400,profile,business_profile,,,,,,,,,,,,,,,,,,,,,"[{'brand': 'Not=A?Brand', 'version': '99'}, {'brand': 'Microsoft Edge', 'version': '151'}, {'brand': 'Chromium', 'version': '151'}]",False,Windows,page
ajs-next-1786133816509-bd7a0e2b-62ba-4c58-b7a9-f56af902270a,,bea0e570-1b37-45ec-bb45-1b271353ac93,2026-08-07 20:16:56.509000+00:00,,1778185404695x597979725335827200,"Mozilla/5.0 (Windows NT 10.0; Win64; x64) AppleWebKit/537.36 (KHTML, like Gecko) Chrome/151.0.0.0 Safari/537.36",/,,,Colorado Catholic Business Directory,https://coloradocatholicbusinessdirectory.com/,,,,,,,,,,,,,,,,,,home,,,,,,,,,,,"[{'brand': 'Not=A?Brand', 'version': '99'}, {'brand': 'Google Chrome', 'version': '151'}, {'brand': 'Chromium', 'version': '151'}]",False,Windows,search
ajs-next-1786131175921-58bd2171-d1fc-451c-a1ab-ca5c67badc1a,search,ce2dcdd7-94b8-4986-9274-debfa30a833e,2026-08-07 19:32:55.921000+00:00,search,1775058462201x523059865418210800,"Mozilla/5.0 (Windows NT 10.0; Win64; x64) AppleWebKit/537.36 (KHTML, like Gecko) Chrome/151.0.0.0 Safari/537.36 Edg/151.0.0.0",/search,https://coloradocatholicbusinessdirectory.com/,?query=&category=Home%20Services,Search | Colorado Catholic Business Directory,https://coloradocatholicbusinessdirectory.com/search?query=&category=Home%20Services,/search,https://coloradocatholicbusinessdirectory.com/,?query=&category=Home%20Services,Search | Colorado Catholic Business Directory,https://coloradocatholicbusinessdirectory.com/search?query=&category=Home%20Services,,search,search,,,,,,,,,,,,,,,,,,,,,"[{'brand': 'Not=A?Brand', 'version': '99'}, {'brand': 'Microsoft Edge', 'version': '151'}, {'brand': 'Chromium', 'version': '151'}]",False,Windows,page
ajs-next-1786133878995-a8d20249-1a09-4d7a-8788-5ed9c28e8905,,bea0e570-1b37-45ec-bb45-1b271353ac93,2026-08-07 20:17:58.995000+00:00,,1778185404695x597979725335827200,"Mozilla/5.0 (Windows NT 10.0; Win64; x64) AppleWebKit/537.36 (KHTML, like Gecko) Chrome/151.0.0.0 Safari/537.36",/search,https://coloradocatholicbusinessdirectory.com/,?query=real%20estate&category=,Search | Colorado Catholic Business Directory,https://coloradocatholicbusinessdirectory.com/search?query=real%20estate&category=,,,,,,,,,sidebar,true,,,,,,,,,,,,,,,,,,,"[{'brand': 'Not=A?Brand', 'version': '99'}, {'brand': 'Google Chrome', 'version': '151'}, {'brand': 'Chromium', 'version': '151'}]",False,Windows,impression
ajs-next-1786131172089-0abe4946-f9cc-48bd-a171-d1fc351ca1ab,,ce2dcdd7-94b8-4986-9274-debfa30a833e,2026-08-07 19:32:52.089000+00:00,,1775058462201x523059865418210800,"Mozilla/5.0 (Windows NT 10.0; Win64; x64) AppleWebKit/537.36 (KHTML, like Gecko) Chrome/151.0.0.0 Safari/537.36 Edg/151.0.0.0",/search,https://coloradocatholicbusinessdirectory.com/,,Search | Colorado Catholic Business Directory,https://coloradocatholicbusinessdirectory.com/search,,,,,,"1766070455303x639821695383855700, 1744319857648x144922844539837200, 1785246262777x370343103907722500, 1755621956288x571897163769246900, 1749742920378x965836759111504900, 1749580724532x760028975589297300, 1762889659042x996969350831174300, 1770152894907x464897480736850900, 1761919898226x928695665795906700, 1768427614253x929508274229176300, 1769719058268x843927058977011000, 1778678470875x691076180629588500, 1751744301621x758526182685981300, 1748389292320x918627677903932400, 1754927931120x470668069008822300, 1777921226784x512595595894430850, 1750784475796x702583457937545900, 1779564452798x328047204556438640, 1744907031541x119079844893356540, 1781791909727x427924501831676600, 1748581534531x956271769254002200, 1761762406893x958878656538368500, 1753985929691x853149258569598100, 1761762460002x434978052003146300, 1747594874125x270237571814453630, 1747848709032x210920410073364830, 1776360294100x840938158936498600, 1753911193017x504194995643152640, 1744748222708x779656090283929300, 1757438153395x416809556103947500, 1764893879099x465248075524681500, 1776552489781x780158200693874000, 1747420152884x437771544876149700, 1744175271939x575064790204550460, 1765001972595x338020444395840100, 1747827548541x313848517899538500, 1747415704843x665338483592092500, 1746827109704x963221719337950200, 1768584016102x834619843946063900, 1746635677548x343522492232585660, 1747864432460x772931238395911000, 1761044854709x307607562836745150, 1744335958024x226211831616957250, 1777042895042x187867473484191420, 1753135741395x558904608479141570, 1754081360962x724252535884739300, 1771433486472x495156137805681660, 1775058462201x523059865418210800, 1746938798847x931997689495082400, 1771538218470x758525499484679000, 1768844277981x664142917381285000, 1744397288473x909294892772270800, 1763255155587x707008769292458900, 1758312173588x895819358343598700, 1752687366861x422755081931784260, 1779371355755x238144527494011940, 1755271286521x378031808974615550, 1751749348389x952656707958261400, 1750783674403x491887953737125700, 1771003581692x955050931630977700, 1746843461447x686795565273950000, 1779207002005x542183775914824900, 1753909381745x872991521395046100, 1764711530894x480989914892320700, 1749068120323x412920063824988600, 1747184079669x994211808429350800, 1757355028996x505189727810192200, 1743549178851x847080663521240200, 1768238584049x399775147114029200, 1759930025997x126109694575208930, 1744398484109x785674167096991400, 1772982809798x739419868972941400, 1783603380895x646194509208660700, 1757369121056x350487849823425600, 1751319669665x621437589169731200, 1744743906400x631087870982087000, 1777042863057x294476376362385400, 1778709723276x637265650543127800, 1747216018889x770977089491677400, 1749057953945x756346430245684600, 1747398900475x598159844147748100, 1751402056748x637551618886434600, 1746467711533x453074785848415400, 1745273541628x945470626229355500, 1763569204895x378265538177280400, 1771545376609x752763268373144000, 1753465897836x101289632151690960, 1747165674437x491901038958021200, 1768581853937x610498789092930300, 1777321143190x321072500270616060, 1783629215270x470942340385689600, 1775244057768x699511577684581800, 1750783679107x801419812763124500, 1781830336957x808577548450478500, 1754624056001x759184470890143000, 1744737250347x219277345743008400, 1779223019066x495549806274790700, 1764781838221x716772635359430500, 1750785338983x949958887494882000, 1746855895334x711816173120128000, 1770943484557x164806709481949200, 1759153763139x433792388290277000, 1753982403438x535213824960417500, 1771021914207x198452557005754900, 1746631267951x741803061642879500, 1758120880051x675194275556497400, 1752717497153x537286585580736960, 1786064042259x692870208226282400, 1747163465846x476237095610093000, 1750423781412x480534435350699700, 1757720364741x595714121363069200, 1764963280733x431041418968701760, 1774573166178x561429420668618400, 1747221865162x703532834449508000, 1744751205492x235134337285239230, 1744391553368x301043576290850300, 1766011883106x917993758751800300, 1785949295783x548744299333027400, 1776210729408x448410210135887360, 1781734682517x295026001124971000, 1744282156200x727555159743162000, 1754949567759x639105313824555300, 1769635123521x385801932800474700, 1785541764222x907401192484364800, 1747183179554x540122160625888100, 1776102250538x198432379819539760, 1754084205128x675147807630683600, 1744134674881x127285411168640110, 1762957766158x632118084948257900, 1759423986281x805514757919405700, 1746548006831x128230088489826860, 1757437593796x460281345015416640, 1746765568691x979794717919274100, 1772482882558x843076024552954900, 1754505203290x671062062407191900, 1754941249648x796792188496967000, 1743547621069x279645472884266780, 1765399408996x262641226191956400, 1744760380914x558772773612561600, 1752182630575x854371423894944000, 1768426055630x579798080961828200, 1763148950401x545361905340972600, 1763509156539x144450665564595840, 1762364811793x796217509980630800, 1745533127765x291393362647413700, 1751224250248x539537516841198200, 1760458225389x690604949380638100, 1776360466250x658348247885801300, 1750436264420x989591292213482400, 1771517879190x523242735258870900, 1779898672007x583448227567234600, 1750784029587x963255839088365200, 1744643921578x315333816253624100, 1744260813114x505427712482621440, 1755533063776x956164571796881400, 1745528732739x896561533370513300, 1763672237927x725969385673238800, 1744740154739x566945822952470660, 1777052217878x935579896985562900, 1763305551668x997299018011994600, 1744157592334x292550965261606100, 1744579851707x640487742075829500, 1758568877707x715638242996164100, 1758147388607x898014240790697700, 1745597587022x519433479989605000, 1765991015203x350068785849064760, 1784643082658x121064733756065300, 1751425811600x127124815802215140, 1761930377989x951815782791809400, 1749173974503x736079030141835600, 1744736810207x919925185055488400, 1776373432940x530737443814194940, 1782146204142x629417106351450200, 1748365021326x105262688542451250, 1771436045389x658317953644361100, 1747185390251x665604546429507900, 1777405836126x277715594249416060, 1778185404695x597979725335827200, 1770755356265x111382421474427680, 1747170561218x640297169073643000, 1753374338412x209529915103450200, 1763408145585x201322720695875870, 1762271200864x775090106640580500, 1760118921086x941497076227920600, 1764342295066x618134664283571500",,,,false,,,,,,,,,,,,,,,,,,,"[{'brand': 'Not=A?Brand', 'version': '99'}, {'brand': 'Microsoft Edge', 'version': '151'}, {'brand': 'Chromium', 'version': '151'}]",False,Windows,impression
ajs-next-1786133803123-667317f5-fa84-4d7a-8e2b-62ba5c5837a9,,bea0e570-1b37-45ec-bb45-1b271353ac93,2026-08-07 20:16:43.123000+00:00,,1778185404695x597979725335827200,"Mozilla/5.0 (Windows NT 10.0; Win64; x64) AppleWebKit/537.36 (KHTML, like Gecko) Chrome/151.0.0.0 Safari/537.36",/,,,Colorado Catholic Business Directory,https://coloradocatholicbusinessdirectory.com/,,,,,,"1753982403438x535213824960417500, 1744579851707x640487742075829500, 1771436045389x658317953644361100, 1752717497153x537286585580736960, 1744643921578x315333816253624100, 1770943484557x164806709481949200, 1781830336957x808577548450478500",,,,true,,,,,,,,,,,,,,,,,,,"[{'brand': 'Not=A?Brand', 'version': '99'}, {'brand': 'Google Chrome', 'version': '151'}, {'brand': 'Chromium', 'version': '151'}]",False,Windows,impression
ajs-next-1786131103059-281c8386-b059-416b-8de3-38aba1a138e4,,ce2dcdd7-94b8-4986-9274-debfa30a833e,2026-08-07 19:31:43.059000+00:00,,1775058462201x523059865418210800,"Mozilla/5.0 (Windows NT 10.0; Win64; x64) AppleWebKit/537.36 (KHTML, like Gecko) Chrome/151.0.0.0 Safari/537.36 Edg/151.0.0.0",/,https://coloradocatholics.biz/,,Colorado Catholic Business Directory,https://coloradocatholicbusinessdirectory.com/,,,,,,,,,,,,search,,,,,,,,,,,,,,,,,"[{'brand': 'Not=A?Brand', 'version': '99'}, {'brand': 'Microsoft Edge', 'version': '151'}, {'brand': 'Chromium', 'version': '151'}]",False,Windows,button_click
ajs-next-1786131171154-fb47e5a8-c9e7-4b5d-8abe-4946f9cc58bd,,ce2dcdd7-94b8-4986-9274-debfa30a833e,2026-08-07 19:32:51.154000+00:00,,1775058462201x523059865418210800,"Mozilla/5.0 (Windows NT 10.0; Win64; x64) AppleWebKit/537.36 (KHTML, like Gecko) Chrome/151.0.0.0 Safari/537.36 Edg/151.0.0.0",/search,https://coloradocatholicbusinessdirectory.com/,,Search | Colorado Catholic Business Directory,https://coloradocatholicbusinessdirectory.com/search,,,,,,,,,,,"{'business_id': '1775058462201x523059865418210800', 'email': 'dan@vedenipro.com', 'is_logged_in': True}",,,,,,,,,,,,,,,,,,"[{'brand': 'Not=A?Brand', 'version': '99'}, {'brand': 'Microsoft Edge', 'version': '151'}, {'brand': 'Chromium', 'version': '151'}]",False,Windows,identify
ajs-next-1786133818207-97a0d6d1-6c9e-42bb-b976-78ee21ee2776,,bea0e570-1b37-45ec-bb45-1b271353ac93,2026-08-07 20:16:58.207000+00:00,,1778185404695x597979725335827200,"Mozilla/5.0 (Windows NT 10.0; Win64; x64) AppleWebKit/537.36 (KHTML, like Gecko) Chrome/151.0.0.0 Safari/537.36",/search,https://coloradocatholicbusinessdirectory.com/,?query=home&category=,Search | Colorado Catholic Business Directory,https://coloradocatholicbusinessdirectory.com/search?query=home&category=,,,,,,,,,sidebar,true,,,,,,,,,,,,,,,,,,,"[{'brand': 'Not=A?Brand', 'version': '99'}, {'brand': 'Google Chrome', 'version': '151'}, {'brand': 'Chromium', 'version': '151'}]",False,Windows,impression
ajs-next-1786131176227-2171d1fc-351c-41ab-8a5c-67badc1a988d,,ce2dcdd7-94b8-4986-9274-debfa30a833e,2026-08-07 19:32:56.227000+00:00,,1775058462201x523059865418210800,"Mozilla/5.0 (Windows NT 10.0; Win64; x64) AppleWebKit/537.36 (KHTML, like Gecko) Chrome/151.0.0.0 Safari/537.36 Edg/151.0.0.0",/search,https://coloradocatholicbusinessdirectory.com/,?query=&category=Home%20Services,Search | Colorado Catholic Business Directory,https://coloradocatholicbusinessdirectory.com/search?query=&category=Home%20Services,,,,,,,,,sidebar,true,,,,,,,,,,,,,,,,,,,"[{'brand': 'Not=A?Brand', 'version': '99'}, {'brand': 'Microsoft Edge', 'version': '151'}, {'brand': 'Chromium', 'version': '151'}]",False,Windows,impression
ajs-next-1786133852427-797678ee-21ee-4776-9047-de69fc1f0dcb,,bea0e570-1b37-45ec-bb45-1b271353ac93,2026-08-07 20:17:32.427000+00:00,,1778185404695x597979725335827200,"Mozilla/5.0 (Windows NT 10.0; Win64; x64) AppleWebKit/537.36 (KHTML, like Gecko) Chrome/151.0.0.0 Safari/537.36",/search,https://coloradocatholicbusinessdirectory.com/,?query=home&category=,Search | Colorado Catholic Business Directory,https://coloradocatholicbusinessdirectory.com/search?query=home&category=,,,,,,,,,,,,map_maker,,,,,,,,,,,,,,,,,"[{'brand': 'Not=A?Brand', 'version': '99'}, {'brand': 'Google Chrome', 'version': '151'}, {'brand': 'Chromium', 'version': '151'}]",False,Windows,button_click
ajs-next-1786133931206-c7885ed9-c28e-4905-adcc-72de7a53cb81,,bea0e570-1b37-45ec-bb45-1b271353ac93,2026-08-07 20:18:51.206000+00:00,,1778185404695x597979725335827200,"Mozilla/5.0 (Windows NT 10.0; Win64; x64) AppleWebKit/537.36 (KHTML, like Gecko) Chrome/151.0.0.0 Safari/537.36",/search,https://coloradocatholicbusinessdirectory.com/,?query=real%20estate&category=,Search | Colorado Catholic Business Directory,https://coloradocatholicbusinessdirectory.com/search?query=real%20estate&category=,,,,,,,,,,,,map_maker,,,,,,,,,,,,,,,,,"[{'brand': 'Not=A?Brand', 'version': '99'}, {'brand': 'Google Chrome', 'version': '151'}, {'brand': 'Chromium', 'version': '151'}]",False,Windows,button_click
ajs-next-1786131117703-92e78089-a15e-459d-9dfa-8f5f68b338c1,,ce2dcdd7-94b8-4986-9274-debfa30a833e,2026-08-07 19:31:57.703000+00:00,,1775058462201x523059865418210800,"Mozilla/5.0 (Windows NT 10.0; Win64; x64) AppleWebKit/537.36 (KHTML, like Gecko) Chrome/151.0.0.0 Safari/537.36 Edg/151.0.0.0",/dashboard,https://coloradocatholicbusinessdirectory.com/,?view=list,Colorado Catholic Business Directory,https://coloradocatholicbusinessdirectory.com/dashboard?view=list,,,,,,,,,,,"{'business_id': '1775058462201x523059865418210800', 'email': 'dan@vedenipro.com', 'is_logged_in': True}",,,,,,,,,,,,,,,,,,"[{'brand': 'Not=A?Brand', 'version': '99'}, {'brand': 'Microsoft Edge', 'version': '151'}, {'brand': 'Chromium', 'version': '151'}]",False,Windows,identify
ajs-next-1786130940471-2e1b210f-a15e-4ef7-8def-cd6f8f360477,,ce2dcdd7-94b8-4986-9274-debfa30a833e,2026-08-07 19:29:00.471000+00:00,,1775058462201x523059865418210800,"Mozilla/5.0 (Windows NT 10.0; Win64; x64) AppleWebKit/537.36 (KHTML, like Gecko) Chrome/151.0.0.0 Safari/537.36 Edg/151.0.0.0",/,https://coloradocatholics.biz/,,Colorado Catholic Business Directory,https://coloradocatholicbusinessdirectory.com/,,,,,,"1771436045389x658317953644361100, 1770943484557x164806709481949200, 1752717497153x537286585580736960, 1753982403438x535213824960417500, 1744643921578x315333816253624100, 1781830336957x808577548450478500, 1744579851707x640487742075829500",,,,true,,,,,,,,,,,,,,,,,,,"[{'brand': 'Not=A?Brand', 'version': '99'}, {'brand': 'Microsoft Edge', 'version': '151'}, {'brand': 'Chromium', 'version': '151'}]",False,Windows,impression
ajs-next-1786134056076-12f0b451-df2c-436b-96b8-440b6e16935a,,20bd12f0-b451-4f2c-b36b-16b8440b6e16,2026-08-07 20:20:56.076000+00:00,,,"Mozilla/5.0 (Windows NT 10.0; Win64; x64) AppleWebKit/537.36 (KHTML, like Gecko) Chrome/125.0.6422.60 Safari/537.36 Edge/12.246",/,,,Colorado Catholic Business Directory,https://coloradocatholicbusinessdirectory.com/,,,,,,"1753982403438x535213824960417500, 1744579851707x640487742075829500, 1744643921578x315333816253624100, 1771436045389x658317953644361100, 1752717497153x537286585580736960, 1770943484557x164806709481949200, 1781830336957x808577548450478500",,,,true,,,,,,,,,,,,,,,,,,,[],False,,impression
ajs-next-1786134055965-df20bd12-f0b4-41df-ac73-6b16b8440b6e,index,20bd12f0-b451-4f2c-b36b-16b8440b6e16,2026-08-07 20:20:55.965000+00:00,index,,"Mozilla/5.0 (Windows NT 10.0; Win64; x64) AppleWebKit/537.36 (KHTML, like Gecko) Chrome/125.0.6422.60 Safari/537.36 Edge/12.246",/,,,Colorado Catholic Business Directory,https://coloradocatholicbusinessdirectory.com/,/,,,Colorado Catholic Business Directory,https://coloradocatholicbusinessdirectory.com/,,index,index,,,,,,,,,,,,,,,,,,,,,[],False,,page
ajs-next-1786131093340-ef4a281c-8386-4059-b16b-0de338aba1a1,,ce2dcdd7-94b8-4986-9274-debfa30a833e,2026-08-07 19:31:33.340000+00:00,,1775058462201x523059865418210800,"Mozilla/5.0 (Windows NT 10.0; Win64; x64) AppleWebKit/537.36 (KHTML, like Gecko) Chrome/151.0.0.0 Safari/537.36 Edg/151.0.0.0",/,https://coloradocatholics.biz/,,Colorado Catholic Business Directory,https://coloradocatholicbusinessdirectory.com/,,,,,,"1744643921578x315333816253624100, 1770943484557x164806709481949200, 1744579851707x640487742075829500, 1753982403438x535213824960417500, 1781830336957x808577548450478500, 1752717497153x537286585580736960, 1771436045389x658317953644361100",,,,true,,,,,,,,,,,,,,,,,,,"[{'brand': 'Not=A?Brand', 'version': '99'}, {'brand': 'Microsoft Edge', 'version': '151'}, {'brand': 'Chromium', 'version': '151'}]",False,Windows,impression
ajs-next-1786131105263-73300236-4b24-4beb-a7ac-488657f18df8,,ce2dcdd7-94b8-4986-9274-debfa30a833e,2026-08-07 19:31:45.263000+00:00,,1775058462201x523059865418210800,"Mozilla/5.0 (Windows NT 10.0; Win64; x64) AppleWebKit/537.36 (KHTML, like Gecko) Chrome/151.0.0.0 Safari/537.36 Edg/151.0.0.0",/search,https://coloradocatholicbusinessdirectory.com/,?query=&category=Home%20Services,Search | Colorado Catholic Business Directory,https://coloradocatholicbusinessdirectory.com/search?query=&category=Home%20Services,,,,,,"1750436264420x989591292213482400, 1763148950401x545361905340972600, 1754505203290x671062062407191900, 1746855895334x711816173120128000, 1747864432460x772931238395911000, 1744335958024x226211831616957250, 1755533063776x956164571796881400, 1747848709032x210920410073364830, 1745273541628x945470626229355500, 1763408145585x201322720695875870, 1750783674403x491887953737125700, 1775058462201x523059865418210800, 1768581853937x610498789092930300, 1749742920378x965836759111504900, 1759930025997x126109694575208930, 1785246262777x370343103907722500, 1744398484109x785674167096991400, 1753911193017x504194995643152640, 1755621956288x571897163769246900, 1754927931120x470668069008822300, 1751319669665x621437589169731200, 1744751205492x235134337285239230, 1744748222708x779656090283929300, 1759153763139x433792388290277000, 1777042863057x294476376362385400, 1776552489781x780158200693874000, 1763255155587x707008769292458900, 1759423986281x805514757919405700, 1770943484557x164806709481949200, 1744579851707x640487742075829500, 1747398900475x598159844147748100, 1747216018889x770977089491677400",,,,false,,,,,,,,,,,,,,,,,,,"[{'brand': 'Not=A?Brand', 'version': '99'}, {'brand': 'Microsoft Edge', 'version': '151'}, {'brand': 'Chromium', 'version': '151'}]",False,Windows,impression
ajs-next-1786130939989-ba142e1b-210f-415e-bef7-cdefcd6f8f36,index,ce2dcdd7-94b8-4986-9274-debfa30a833e,2026-08-07 19:28:59.989000+00:00,index,1775058462201x523059865418210800,"Mozilla/5.0 (Windows NT 10.0; Win64; x64) AppleWebKit/537.36 (KHTML, like Gecko) Chrome/151.0.0.0 Safari/537.36 Edg/151.0.0.0",/,https://coloradocatholics.biz/,,Colorado Catholic Business Directory,https://coloradocatholicbusinessdirectory.com/,/,https://coloradocatholics.biz/,,Colorado Catholic Business Directory,https://coloradocatholicbusinessdirectory.com/,,index,index,,,,,,,,,,,,,,,,,,,,,"[{'brand': 'Not=A?Brand', 'version': '99'}, {'brand': 'Microsoft Edge', 'version': '151'}, {'brand': 'Chromium', 'version': '151'}]",False,Windows,page
ajs-next-1786131171154-e5a8c9e7-cb5d-4abe-8946-f9cc58bd2171,search,ce2dcdd7-94b8-4986-9274-debfa30a833e,2026-08-07 19:32:51.154000+00:00,search,1775058462201x523059865418210800,"Mozilla/5.0 (Windows NT 10.0; Win64; x64) AppleWebKit/537.36 (KHTML, like Gecko) Chrome/151.0.0.0 Safari/537.36 Edg/151.0.0.0",/search,https://coloradocatholicbusinessdirectory.com/,,Search | Colorado Catholic Business Directory,https://coloradocatholicbusinessdirectory.com/search,/search,https://coloradocatholicbusinessdirectory.com/,,Search | Colorado Catholic Business Directory,https://coloradocatholicbusinessdirectory.com/search,,search,search,,,,,,,,,,,,,,,,,,,,,"[{'brand': 'Not=A?Brand', 'version': '99'}, {'brand': 'Microsoft Edge', 'version': '151'}, {'brand': 'Chromium', 'version': '151'}]",False,Windows,page
ajs-next-1786133858220-78ee21ee-2776-4047-9e69-fc1f0dcb4d0b,,bea0e570-1b37-45ec-bb45-1b271353ac93,2026-08-07 20:17:38.220000+00:00,,1778185404695x597979725335827200,"Mozilla/5.0 (Windows NT 10.0; Win64; x64) AppleWebKit/537.36 (KHTML, like Gecko) Chrome/151.0.0.0 Safari/537.36",/search,https://coloradocatholicbusinessdirectory.com/,?query=home&category=,Search | Colorado Catholic Business Directory,https://coloradocatholicbusinessdirectory.com/search?query=home&category=,,,,,,,,,,,,map_maker,,,,,,,,,,,,,,,,,"[{'brand': 'Not=A?Brand', 'version': '99'}, {'brand': 'Google Chrome', 'version': '151'}, {'brand': 'Chromium', 'version': '151'}]",False,Windows,button_click
ajs-next-1786133863048-21ee2776-5047-4e69-bc1f-0dcb4d0be89a,,bea0e570-1b37-45ec-bb45-1b271353ac93,2026-08-07 20:17:43.048000+00:00,,1778185404695x597979725335827200,"Mozilla/5.0 (Windows NT 10.0; Win64; x64) AppleWebKit/537.36 (KHTML, like Gecko) Chrome/151.0.0.0 Safari/537.36",/search,https://coloradocatholicbusinessdirectory.com/,?query=home&category=,Search | Colorado Catholic Business Directory,https://coloradocatholicbusinessdirectory.com/search?query=home&category=,,,,,,,,,,,,map_maker,,,,,,,,,,,,,,,,,"[{'brand': 'Not=A?Brand', 'version': '99'}, {'brand': 'Google Chrome', 'version': '151'}, {'brand': 'Chromium', 'version': '151'}]",False,Windows,button_click
ajs-next-1786130949249-7415ac30-575d-47df-b58e-16867c09c4e1,,ce2dcdd7-94b8-4986-9274-debfa30a833e,2026-08-07 19:29:09.249000+00:00,,1775058462201x523059865418210800,"Mozilla/5.0 (Windows NT 10.0; Win64; x64) AppleWebKit/537.36 (KHTML, like Gecko) Chrome/151.0.0.0 Safari/537.36 Edg/151.0.0.0",/search,https://coloradocatholicbusinessdirectory.com/,?query=luke%20faulkner&category=,Search | Colorado Catholic Business Directory,https://coloradocatholicbusinessdirectory.com/search?query=luke%20faulkner&category=,,,,,,,,,sidebar,true,,,,,,,,,,,,,,,,,,,"[{'brand': 'Not=A?Brand', 'version': '99'}, {'brand': 'Microsoft Edge', 'version': '151'}, {'brand': 'Chromium', 'version': '151'}]",False,Windows,impression
ajs-next-1786131171785-cb5d0abe-4946-49cc-98bd-2171d1fc351c,,ce2dcdd7-94b8-4986-9274-debfa30a833e,2026-08-07 19:32:51.785000+00:00,,1775058462201x523059865418210800,"Mozilla/5.0 (Windows NT 10.0; Win64; x64) AppleWebKit/537.36 (KHTML, like Gecko) Chrome/151.0.0.0 Safari/537.36 Edg/151.0.0.0",/search,https://coloradocatholicbusinessdirectory.com/,,Search | Colorado Catholic Business Directory,https://coloradocatholicbusinessdirectory.com/search,,,,,,1744579851707x640487742075829500,,,main_list,true,,,,,,,,,,,,,,,,,,,"[{'brand': 'Not=A?Brand', 'version': '99'}, {'brand': 'Microsoft Edge', 'version': '151'}, {'brand': 'Chromium', 'version': '151'}]",False,Windows,impression
ajs-next-1786133820797-92bb7976-78ee-41ee-a776-5047de69fc1f,,bea0e570-1b37-45ec-bb45-1b271353ac93,2026-08-07 20:17:00.797000+00:00,,1778185404695x597979725335827200,"Mozilla/5.0 (Windows NT 10.0; Win64; x64) AppleWebKit/537.36 (KHTML, like Gecko) Chrome/151.0.0.0 Safari/537.36",/search,https://coloradocatholicbusinessdirectory.com/,?query=home&category=,Search | Colorado Catholic Business Directory,https://coloradocatholicbusinessdirectory.com/search?query=home&category=,,,,,,,,,,,,map_maker,,,,,,,,,,,,,,,,,"[{'brand': 'Not=A?Brand', 'version': '99'}, {'brand': 'Google Chrome', 'version': '151'}, {'brand': 'Chromium', 'version': '151'}]",False,Windows,button_click
ajs-next-1786133879602-1a09cd7a-c788-4ed9-828e-8905adcc72de,,bea0e570-1b37-45ec-bb45-1b271353ac93,2026-08-07 20:17:59.602000+00:00,,1778185404695x597979725335827200,"Mozilla/5.0 (Windows NT 10.0; Win64; x64) AppleWebKit/537.36 (KHTML, like Gecko) Chrome/151.0.0.0 Safari/537.36",/search,https://coloradocatholicbusinessdirectory.com/,?query=real%20estate&category=,Search | Colorado Catholic Business Directory,https://coloradocatholicbusinessdirectory.com/search?query=real%20estate&category=,,,,,,"1781830336957x808577548450478500, 1744751205492x235134337285239230, 1763569204895x378265538177280400, 1747864432460x772931238395911000, 1747827548541x313848517899538500, 1747848709032x210920410073364830, 1759930025997x126109694575208930, 1744737250347x219277345743008400, 1761762406893x958878656538368500, 1744398484109x785674167096991400, 1777321143190x321072500270616060, 1744260813114x505427712482621440, 1771003581692x955050931630977700, 1774573166178x561429420668618400, 1778185404695x597979725335827200, 1770943484557x164806709481949200, 1776360466250x658348247885801300, 1752182630575x854371423894944000, 1783629215270x470942340385689600",,,,false,,,,,,,,,,,,,,,,,,,"[{'brand': 'Not=A?Brand', 'version': '99'}, {'brand': 'Google Chrome', 'version': '151'}, {'brand': 'Chromium', 'version': '151'}]",False,Windows,impression
ajs-next-1786131092883-2bfcca9f-ef4a-481c-8386-b059f16b0de3,,ce2dcdd7-94b8-4986-9274-debfa30a833e,2026-08-07 19:31:32.883000+00:00,,1775058462201x523059865418210800,"Mozilla/5.0 (Windows NT 10.0; Win64; x64) AppleWebKit/537.36 (KHTML, like Gecko) Chrome/151.0.0.0 Safari/537.36 Edg/151.0.0.0",/,https://coloradocatholics.biz/,,Colorado Catholic Business Directory,https://coloradocatholicbusinessdirectory.com/,,,,,,,,,,,"{'business_id': '1775058462201x523059865418210800', 'email': 'dan@vedenipro.com', 'is_logged_in': True}",,,,,,,,,,,,,,,,,,"[{'brand': 'Not=A?Brand', 'version': '99'}, {'brand': 'Microsoft Edge', 'version': '151'}, {'brand': 'Chromium', 'version': '151'}]",False,Windows,identify
ajs-next-1786131104640-3fe6a532-7330-4236-8b24-3beb67ac4886,,ce2dcdd7-94b8-4986-9274-debfa30a833e,2026-08-07 19:31:44.640000+00:00,,1775058462201x523059865418210800,"Mozilla/5.0 (Windows NT 10.0; Win64; x64) AppleWebKit/537.36 (KHTML, like Gecko) Chrome/151.0.0.0 Safari/537.36 Edg/151.0.0.0",/search,https://coloradocatholicbusinessdirectory.com/,?query=&category=Home%20Services,Search | Colorado Catholic Business Directory,https://coloradocatholicbusinessdirectory.com/search?query=&category=Home%20Services,,,,,,,,,sidebar,true,,,,,,,,,,,,,,,,,,,"[{'brand': 'Not=A?Brand', 'version': '99'}, {'brand': 'Microsoft Edge', 'version': '151'}, {'brand': 'Chromium', 'version': '151'}]",False,Windows,impression
ajs-next-1786131171479-c9e7cb5d-0abe-4946-b9cc-58bd2171d1fc,,ce2dcdd7-94b8-4986-9274-debfa30a833e,2026-08-07 19:32:51.479000+00:00,,1775058462201x523059865418210800,"Mozilla/5.0 (Windows NT 10.0; Win64; x64) AppleWebKit/537.36 (KHTML, like Gecko) Chrome/151.0.0.0 Safari/537.36 Edg/151.0.0.0",/search,https://coloradocatholicbusinessdirectory.com/,,Search | Colorado Catholic Business Directory,https://coloradocatholicbusinessdirectory.com/search,,,,,,,,,sidebar,true,,,,,,,,,,,,,,,,,,,"[{'brand': 'Not=A?Brand', 'version': '99'}, {'brand': 'Microsoft Edge', 'version': '151'}, {'brand': 'Chromium', 'version': '151'}]",False,Windows,impression
ajs-next-1786131194697-cab5e6b3-9727-407c-aa82-a60a3b745604,,ce2dcdd7-94b8-4986-9274-debfa30a833e,2026-08-07 19:33:14.696000+00:00,,1775058462201x523059865418210800,"Mozilla/5.0 (Windows NT 10.0; Win64; x64) AppleWebKit/537.36 (KHTML, like Gecko) Chrome/151.0.0.0 Safari/537.36 Edg/151.0.0.0",/business_profile/matt-mansfield---remax-professionals-1744398484109x785674167096991400,https://coloradocatholicbusinessdirectory.com/,,"Védeni Property Inspections, LLC | Colorado Catholic Business Directory",https://coloradocatholicbusinessdirectory.com/business_profile/matt-mansfield---remax-professionals-1744398484109x785674167096991400,,,,,,,,,,,"{'business_id': '1775058462201x523059865418210800', 'email': 'dan@vedenipro.com', 'is_logged_in': True}",,,,,,,,,,,,,,,,,,"[{'brand': 'Not=A?Brand', 'version': '99'}, {'brand': 'Microsoft Edge', 'version': '151'}, {'brand': 'Chromium', 'version': '151'}]",False,Windows,identify
ajs-next-1786131104949-a5327330-0236-4b24-bbeb-67ac488657f1,,ce2dcdd7-94b8-4986-9274-debfa30a833e,2026-08-07 19:31:44.949000+00:00,,1775058462201x523059865418210800,"Mozilla/5.0 (Windows NT 10.0; Win64; x64) AppleWebKit/537.36 (KHTML, like Gecko) Chrome/151.0.0.0 Safari/537.36 Edg/151.0.0.0",/search,https://coloradocatholicbusinessdirectory.com/,?query=&category=Home%20Services,Search | Colorado Catholic Business Directory,https://coloradocatholicbusinessdirectory.com/search?query=&category=Home%20Services,,,,,,1744579851707x640487742075829500,,,main_list,true,,,,,,,,,,,,,,,,,,,"[{'brand': 'Not=A?Brand', 'version': '99'}, {'brand': 'Microsoft Edge', 'version': '151'}, {'brand': 'Chromium', 'version': '151'}]",False,Windows,impression
ajs-next-1786131132603-5dfa8f5f-68b3-48c1-b098-87009b03b810,,ce2dcdd7-94b8-4986-9274-debfa30a833e,2026-08-07 19:32:12.603000+00:00,,1775058462201x523059865418210800,"Mozilla/5.0 (Windows NT 10.0; Win64; x64) AppleWebKit/537.36 (KHTML, like Gecko) Chrome/151.0.0.0 Safari/537.36 Edg/151.0.0.0",/dashboard,https://coloradocatholicbusinessdirectory.com/,?view=list,Colorado Catholic Business Directory,https://coloradocatholicbusinessdirectory.com/dashboard?view=list,,,,,,1775058462201x523059865418210800,,,,,,,,2,logo,,,,,,,,,,,,,,"[{'brand': 'Not=A?Brand', 'version': '99'}, {'brand': 'Microsoft Edge', 'version': '151'}, {'brand': 'Chromium', 'version': '151'}]",False,Windows,input_changed
ajs-next-1786133877635-cc53c311-13a6-45a5-baeb-457ea367346b,,bea0e570-1b37-45ec-bb45-1b271353ac93,2026-08-07 20:17:57.635000+00:00,,1778185404695x597979725335827200,"Mozilla/5.0 (Windows NT 10.0; Win64; x64) AppleWebKit/537.36 (KHTML, like Gecko) Chrome/151.0.0.0 Safari/537.36",/,https://coloradocatholicbusinessdirectory.com/,,Colorado Catholic Business Directory,https://coloradocatholicbusinessdirectory.com/,,,,,,,,,,,,,,,,,,real estate,,,,,,,,,,,"[{'brand': 'Not=A?Brand', 'version': '99'}, {'brand': 'Google Chrome', 'version': '151'}, {'brand': 'Chromium', 'version': '151'}]",False,Windows,search
ajs-next-1786131175616-f9cc58bd-2171-41fc-b51c-a1abca5c67ba,Home Services,ce2dcdd7-94b8-4986-9274-debfa30a833e,2026-08-07 19:32:55.616000+00:00,,1775058462201x523059865418210800,"Mozilla/5.0 (Windows NT 10.0; Win64; x64) AppleWebKit/537.36 (KHTML, like Gecko) Chrome/151.0.0.0 Safari/537.36 Edg/151.0.0.0",/search,https://coloradocatholicbusinessdirectory.com/,,Search | Colorado Catholic Business Directory,https://coloradocatholicbusinessdirectory.com/search,,,,,,,,,main_search,,,,,,,,,,,,,,,,,,,,"[{'brand': 'Not=A?Brand', 'version': '99'}, {'brand': 'Microsoft Edge', 'version': '151'}, {'brand': 'Chromium', 'version': '151'}]",False,Windows,search
ajs-next-1786131166032-00cbcf45-898a-403b-9a3b-8be9c95fe398,profile,ce2dcdd7-94b8-4986-9274-debfa30a833e,2026-08-07 19:32:46.032000+00:00,business_profile,1775058462201x523059865418210800,"Mozilla/5.0 (Windows NT 10.0; Win64; x64) AppleWebKit/537.36 (KHTML, like Gecko) Chrome/151.0.0.0 Safari/537.36 Edg/151.0.0.0",/business_profile/v%C3%A9deni-property-inspections-llc,https://coloradocatholicbusinessdirectory.com/,,"Védeni Property Inspections, LLC | Colorado Catholic Business Directory",https://coloradocatholicbusinessdirectory.com/business_profile/v%C3%A9deni-property-inspections-llc,/business_profile/v%C3%A9deni-property-inspections-llc,https://coloradocatholicbusinessdirectory.com/,,"Védeni Property Inspections, LLC | Colorado Catholic Business Directory",https://coloradocatholicbusinessdirectory.com/business_profile/v%C3%A9deni-property-inspections-llc,1775058462201x523059865418210800,profile,business_profile,,,,,,,,,,,,,,,,,,,,,"[{'brand': 'Not=A?Brand', 'version': '99'}, {'brand': 'Microsoft Edge', 'version': '151'}, {'brand': 'Chromium', 'version': '151'}]",False,Windows,page
ajs-next-1786130939988-8224ba14-2e1b-410f-a15e-fef7cdefcd6f,,ce2dcdd7-94b8-4986-9274-debfa30a833e,2026-08-07 19:28:59.988000+00:00,,1775058462201x523059865418210800,"Mozilla/5.0 (Windows NT 10.0; Win64; x64) AppleWebKit/537.36 (KHTML, like Gecko) Chrome/151.0.0.0 Safari/537.36 Edg/151.0.0.0",/,https://coloradocatholics.biz/,,Colorado Catholic Business Directory,https://coloradocatholicbusinessdirectory.com/,,,,,,,,,,,"{'business_id': '1775058462201x523059865418210800', 'email': 'dan@vedenipro.com', 'is_logged_in': True}",,,,,,,,,,,,,,,,,,"[{'brand': 'Not=A?Brand', 'version': '99'}, {'brand': 'Microsoft Edge', 'version': '151'}, {'brand': 'Chromium', 'version': '151'}]",False,Windows,identify
ajs-next-1786130951090-979ab7ac-8951-4b2f-9255-7d8751cbe9fa,,ce2dcdd7-94b8-4986-9274-debfa30a833e,2026-08-07 19:29:11.090000+00:00,,1775058462201x523059865418210800,"Mozilla/5.0 (Windows NT 10.0; Win64; x64) AppleWebKit/537.36 (KHTML, like Gecko) Chrome/151.0.0.0 Safari/537.36 Edg/151.0.0.0",/business_profile/luke-faulkner---colorado-associate-brokerrealtor%C2%AE-1747848709032x210920410073364830,https://coloradocatholicbusinessdirectory.com/,,"Védeni Property Inspections, LLC | Colorado Catholic Business Directory",https://coloradocatholicbusinessdirectory.com/business_profile/luke-faulkner---colorado-associate-brokerrealtor%C2%AE-1747848709032x210920410073364830,,,,,,,,,,,"{'business_id': '1775058462201x523059865418210800', 'email': 'dan@vedenipro.com', 'is_logged_in': True}",,,,,,,,,,,,,,,,,,"[{'brand': 'Not=A?Brand', 'version': '99'}, {'brand': 'Microsoft Edge', 'version': '151'}, {'brand': 'Chromium', 'version': '151'}]",False,Windows,identify
ajs-next-1786131103369-8386b059-f16b-4de3-b8ab-a1a138e416c8,,ce2dcdd7-94b8-4986-9274-debfa30a833e,2026-08-07 19:31:43.369000+00:00,,1775058462201x523059865418210800,"Mozilla/5.0 (Windows NT 10.0; Win64; x64) AppleWebKit/537.36 (KHTML, like Gecko) Chrome/151.0.0.0 Safari/537.36 Edg/151.0.0.0",/,https://coloradocatholics.biz/,,Colorado Catholic Business Directory,https://coloradocatholicbusinessdirectory.com/,,,,,,,Home Services,,,,,,,,,,,,,,,,,,,,,,"[{'brand': 'Not=A?Brand', 'version': '99'}, {'brand': 'Microsoft Edge', 'version': '151'}, {'brand': 'Chromium', 'version': '151'}]",False,Windows,search
ajs-next-1786133802784-4b656673-17f5-4a84-bd7a-0e2b62ba5c58,index,bea0e570-1b37-45ec-bb45-1b271353ac93,2026-08-07 20:16:42.784000+00:00,index,1778185404695x597979725335827200,"Mozilla/5.0 (Windows NT 10.0; Win64; x64) AppleWebKit/537.36 (KHTML, like Gecko) Chrome/151.0.0.0 Safari/537.36",/,,,Colorado Catholic Business Directory,https://coloradocatholicbusinessdirectory.com/,/,,,Colorado Catholic Business Directory,https://coloradocatholicbusinessdirectory.com/,,index,index,,,,,,,,,,,,,,,,,,,,,"[{'brand': 'Not=A?Brand', 'version': '99'}, {'brand': 'Google Chrome', 'version': '151'}, {'brand': 'Chromium', 'version': '151'}]",False,Windows,page
ajs-next-1786133894038-46da1d87-5cb6-477a-b7c5-717866443910,profile,bea0e570-1b37-45ec-bb45-1b271353ac93,2026-08-07 20:18:14.038000+00:00,business_profile,1778185404695x597979725335827200,"Mozilla/5.0 (Windows NT 10.0; Win64; x64) AppleWebKit/537.36 (KHTML, like Gecko) Chrome/151.0.0.0 Safari/537.36",/business_profile/sam-biller---remax-professionals--1781830336957x808577548450478500,https://coloradocatholicbusinessdirectory.com/,,| Colorado Catholic Business Directory,https://coloradocatholicbusinessdirectory.com/business_profile/sam-biller---remax-professionals--1781830336957x808577548450478500,/business_profile/sam-biller---remax-professionals--1781830336957x808577548450478500,https://coloradocatholicbusinessdirectory.com/,,| Colorado Catholic Business Directory,https://coloradocatholicbusinessdirectory.com/business_profile/sam-biller---remax-professionals--1781830336957x808577548450478500,1781830336957x808577548450478500,profile,business_profile,,,,,,,,,,,,,,,,,,,,,"[{'brand': 'Not=A?Brand', 'version': '99'}, {'brand': 'Google Chrome', 'version': '151'}, {'brand': 'Chromium', 'version': '151'}]",False,Windows,page
ajs-next-1786133818557-d6d16c9e-92bb-4976-b8ee-21ee27765047,,bea0e570-1b37-45ec-bb45-1b271353ac93,2026-08-07 20:16:58.557000+00:00,,1778185404695x597979725335827200,"Mozilla/5.0 (Windows NT 10.0; Win64; x64) AppleWebKit/537.36 (KHTML, like Gecko) Chrome/151.0.0.0 Safari/537.36",/search,https://coloradocatholicbusinessdirectory.com/,?query=home&category=,Search | Colorado Catholic Business Directory,https://coloradocatholicbusinessdirectory.com/search?query=home&category=,,,,,,1771436045389x658317953644361100,,,main_list,true,,,,,,,,,,,,,,,,,,,"[{'brand': 'Not=A?Brand', 'version': '99'}, {'brand': 'Google Chrome', 'version': '151'}, {'brand': 'Chromium', 'version': '151'}]",False,Windows,impression
ajs-next-1786133870823-fe4a4229-a332-4c53-8311-13a615a5faeb,index,bea0e570-1b37-45ec-bb45-1b271353ac93,2026-08-07 20:17:50.823000+00:00,index,1778185404695x597979725335827200,"Mozilla/5.0 (Windows NT 10.0; Win64; x64) AppleWebKit/537.36 (KHTML, like Gecko) Chrome/151.0.0.0 Safari/537.36",/,https://coloradocatholicbusinessdirectory.com/,,Colorado Catholic Business Directory,https://coloradocatholicbusinessdirectory.com/,/,https://coloradocatholicbusinessdirectory.com/,,Colorado Catholic Business Directory,https://coloradocatholicbusinessdirectory.com/,,index,index,,,,,,,,,,,,,,,,,,,,,"[{'brand': 'Not=A?Brand', 'version': '99'}, {'brand': 'Google Chrome', 'version': '151'}, {'brand': 'Chromium', 'version': '151'}]",False,Windows,page
ajs-next-1786133881789-cd7ac788-5ed9-428e-8905-adcc72de7a53,,bea0e570-1b37-45ec-bb45-1b271353ac93,2026-08-07 20:18:01.789000+00:00,,1778185404695x597979725335827200,"Mozilla/5.0 (Windows NT 10.0; Win64; x64) AppleWebKit/537.36 (KHTML, like Gecko) Chrome/151.0.0.0 Safari/537.36",/search,https://coloradocatholicbusinessdirectory.com/,?query=real%20estate&category=,Search | Colorado Catholic Business Directory,https://coloradocatholicbusinessdirectory.com/search?query=real%20estate&category=,,,,,,,,,,,,map_maker,,,,,,,,,,,,,,,,,"[{'brand': 'Not=A?Brand', 'version': '99'}, {'brand': 'Google Chrome', 'version': '151'}, {'brand': 'Chromium', 'version': '151'}]",False,Windows,button_click
ajs-next-1786133870062-27765047-de69-4c1f-8dcb-4d0be89a6e1c,,bea0e570-1b37-45ec-bb45-1b271353ac93,2026-08-07 20:17:50.062000+00:00,,1778185404695x597979725335827200,"Mozilla/5.0 (Windows NT 10.0; Win64; x64) AppleWebKit/537.36 (KHTML, like Gecko) Chrome/151.0.0.0 Safari/537.36",/search,https://coloradocatholicbusinessdirectory.com/,?query=home&category=,Search | Colorado Catholic Business Directory,https://coloradocatholicbusinessdirectory.com/search?query=home&category=,,,,,,,,,navbar,,,logo,,,,,,,,,,,,,,,,,"[{'brand': 'Not=A?Brand', 'version': '99'}, {'brand': 'Google Chrome', 'version': '151'}, {'brand': 'Chromium', 'version': '151'}]",False,Windows,button_click
ajs-next-1786133803125-17f5fa84-bd7a-4e2b-a2ba-5c5837a9f56a,,bea0e570-1b37-45ec-bb45-1b271353ac93,2026-08-07 20:16:43.125000+00:00,,1778185404695x597979725335827200,"Mozilla/5.0 (Windows NT 10.0; Win64; x64) AppleWebKit/537.36 (KHTML, like Gecko) Chrome/151.0.0.0 Safari/537.36",/,,,Colorado Catholic Business Directory,https://coloradocatholicbusinessdirectory.com/,,,,,,"1753982403438x535213824960417500, 1744579851707x640487742075829500, 1771436045389x658317953644361100, 1752717497153x537286585580736960, 1744643921578x315333816253624100, 1770943484557x164806709481949200, 1781830336957x808577548450478500",,,,true,,,,,,,,,,,,,,,,,,,"[{'brand': 'Not=A?Brand', 'version': '99'}, {'brand': 'Google Chrome', 'version': '151'}, {'brand': 'Chromium', 'version': '151'}]",False,Windows,impression
ajs-next-1786133878688-d4f4a8d2-0249-4a09-8d7a-c7885ed9c28e,search,bea0e570-1b37-45ec-bb45-1b271353ac93,2026-08-07 20:17:58.688000+00:00,search,1778185404695x597979725335827200,"Mozilla/5.0 (Windows NT 10.0; Win64; x64) AppleWebKit/537.36 (KHTML, like Gecko) Chrome/151.0.0.0 Safari/537.36",/search,https://coloradocatholicbusinessdirectory.com/,?query=real%20estate&category=,Search | Colorado Catholic Business Directory,https://coloradocatholicbusinessdirectory.com/search?query=real%20estate&category=,/search,https://coloradocatholicbusinessdirectory.com/,?query=real%20estate&category=,Search | Colorado Catholic Business Directory,https://coloradocatholicbusinessdirectory.com/search?query=real%20estate&category=,,search,search,,,,,,,,,,,,,,,,,,,,,"[{'brand': 'Not=A?Brand', 'version': '99'}, {'brand': 'Google Chrome', 'version': '151'}, {'brand': 'Chromium', 'version': '151'}]",False,Windows,page
ajs-next-1786133816205-fa84bd7a-0e2b-42ba-9c58-37a9f56af902,,bea0e570-1b37-45ec-bb45-1b271353ac93,2026-08-07 20:16:56.205000+00:00,,1778185404695x597979725335827200,"Mozilla/5.0 (Windows NT 10.0; Win64; x64) AppleWebKit/537.36 (KHTML, like Gecko) Chrome/151.0.0.0 Safari/537.36",/,,,Colorado Catholic Business Directory,https://coloradocatholicbusinessdirectory.com/,,,,,,,,,,,,search,,,,,,,,,,,,,,,,,"[{'brand': 'Not=A?Brand', 'version': '99'}, {'brand': 'Google Chrome', 'version': '151'}, {'brand': 'Chromium', 'version': '151'}]",False,Windows,button_click
ajs-next-1786134056271-b451df2c-736b-46b8-840b-6e16935a0f2f,,20bd12f0-b451-4f2c-b36b-16b8440b6e16,2026-08-07 20:20:56.271000+00:00,,,"Mozilla/5.0 (Windows NT 10.0; Win64; x64) AppleWebKit/537.36 (KHTML, like Gecko) Chrome/125.0.6422.60 Safari/537.36 Edge/12.246",/,,,Colorado Catholic Business Directory,https://coloradocatholicbusinessdirectory.com/,,,,,,"1753982403438x535213824960417500, 1744579851707x640487742075829500, 1744643921578x315333816253624100, 1771436045389x658317953644361100, 1752717497153x537286585580736960, 1770943484557x164806709481949200, 1781830336957x808577548450478500",,,,true,,,,,,,,,,,,,,,,,,,[],False,,impression
ajs-next-1786133877328-a332cc53-c311-43a6-95a5-faeb457ea367,,bea0e570-1b37-45ec-bb45-1b271353ac93,2026-08-07 20:17:57.328000+00:00,,1778185404695x597979725335827200,"Mozilla/5.0 (Windows NT 10.0; Win64; x64) AppleWebKit/537.36 (KHTML, like Gecko) Chrome/151.0.0.0 Safari/537.36",/,https://coloradocatholicbusinessdirectory.com/,,Colorado Catholic Business Directory,https://coloradocatholicbusinessdirectory.com/,,,,,,,,,,,,search,,,,,,,,,,,,,,,,,"[{'brand': 'Not=A?Brand', 'version': '99'}, {'brand': 'Google Chrome', 'version': '151'}, {'brand': 'Chromium', 'version': '151'}]",False,Windows,button_click
ajs-next-1786133818859-6c9e92bb-7976-48ee-a1ee-27765047de69,,bea0e570-1b37-45ec-bb45-1b271353ac93,2026-08-07 20:16:58.859000+00:00,,1778185404695x597979725335827200,"Mozilla/5.0 (Windows NT 10.0; Win64; x64) AppleWebKit/537.36 (KHTML, like Gecko) Chrome/151.0.0.0 Safari/537.36",/search,https://coloradocatholicbusinessdirectory.com/,?query=home&category=,Search | Colorado Catholic Business Directory,https://coloradocatholicbusinessdirectory.com/search?query=home&category=,,,,,,"1744398484109x785674167096991400, 1750783674403x491887953737125700, 1747864432460x772931238395911000, 1747163465846x476237095610093000, 1747420152884x437771544876149700, 1759153763139x433792388290277000, 1744157592334x292550965261606100, 1751319669665x621437589169731200, 1777921226784x512595595894430850, 1776552489781x780158200693874000, 1754505203290x671062062407191900, 1778185404695x597979725335827200, 1777042863057x294476376362385400, 1763148950401x545361905340972600, 1749742920378x965836759111504900, 1764711530894x480989914892320700, 1744335958024x226211831616957250, 1785246262777x370343103907722500, 1747848709032x210920410073364830, 1755621956288x571897163769246900, 1747216018889x770977089491677400, 1747594874125x270237571814453630, 1781830336957x808577548450478500, 1761044854709x307607562836745150, 1744748222708x779656090283929300, 1754941249648x796792188496967000, 1751744301621x758526182685981300, 1744579851707x640487742075829500, 1747185390251x665604546429507900, 1750436264420x989591292213482400, 1745273541628x945470626229355500, 1754927931120x470668069008822300, 1781791909727x427924501831676600, 1770943484557x164806709481949200, 1779898672007x583448227567234600, 1760458225389x690604949380638100, 1744751205492x235134337285239230, 1768581853937x610498789092930300, 1763408145585x201322720695875870, 1759930025997x126109694575208930, 1785949295783x548744299333027400, 1746855895334x711816173120128000, 1747398900475x598159844147748100, 1775058462201x523059865418210800, 1753911193017x504194995643152640, 1784643082658x121064733756065300, 1759423986281x805514757919405700, 1755533063776x956164571796881400, 1746631267951x741803061642879500, 1763255155587x707008769292458900",,,,false,,,,,,,,,,,,,,,,,,,"[{'brand': 'Not=A?Brand', 'version': '99'}, {'brand': 'Google Chrome', 'version': '151'}, {'brand': 'Chromium', 'version': '151'}]",False,Windows,impression
ajs-next-1786133817905-9bf497a0-d6d1-4c9e-92bb-797678ee21ee,search,bea0e570-1b37-45ec-bb45-1b271353ac93,2026-08-07 20:16:57.905000+00:00,search,1778185404695x597979725335827200,"Mozilla/5.0 (Windows NT 10.0; Win64; x64) AppleWebKit/537.36 (KHTML, like Gecko) Chrome/151.0.0.0 Safari/537.36",/search,https://coloradocatholicbusinessdirectory.com/,?query=home&category=,Search | Colorado Catholic Business Directory,https://coloradocatholicbusinessdirectory.com/search?query=home&category=,/search,https://coloradocatholicbusinessdirectory.com/,?query=home&category=,Search | Colorado Catholic Business Directory,https://coloradocatholicbusinessdirectory.com/search?query=home&category=,,search,search,,,,,,,,,,,,,,,,,,,,,"[{'brand': 'Not=A?Brand', 'version': '99'}, {'brand': 'Google Chrome', 'version': '151'}, {'brand': 'Chromium', 'version': '151'}]",False,Windows,page
ajs-next-1786133879297-02491a09-cd7a-4788-9ed9-c28e8905adcc,,bea0e570-1b37-45ec-bb45-1b271353ac93,2026-08-07 20:17:59.297000+00:00,,1778185404695x597979725335827200,"Mozilla/5.0 (Windows NT 10.0; Win64; x64) AppleWebKit/537.36 (KHTML, like Gecko) Chrome/151.0.0.0 Safari/537.36",/search,https://coloradocatholicbusinessdirectory.com/,?query=real%20estate&category=,Search | Colorado Catholic Business Directory,https://coloradocatholicbusinessdirectory.com/search?query=real%20estate&category=,,,,,,1752717497153x537286585580736960,,,main_list,true,,,,,,,,,,,,,,,,,,,"[{'brand': 'Not=A?Brand', 'version': '99'}, {'brand': 'Google Chrome', 'version': '151'}, {'brand': 'Chromium', 'version': '151'}]",False,Windows,impression
ajs-next-1786137955593-cdaa7a4e-3305-483c-b2d0-4ae4bfb3c208,,18e8ec59-cdaa-4a4e-b305-483cb2d04ae4,2026-08-07 21:25:55.593000+00:00,,,Mozilla/5.0 (Macintosh; Intel Mac OS X 10.15; rv:147.0) Gecko/20100101 Firefox/147.0,/,,,Colorado Catholic Business Directory,https://coloradocatholicbusinessdirectory.com/,,,,,,"1770943484557x164806709481949200, 1781830336957x808577548450478500, 1771436045389x658317953644361100, 1744643921578x315333816253624100, 1752717497153x537286585580736960, 1753982403438x535213824960417500, 1744579851707x640487742075829500",,,,true,,,,,,,,,,,,,,,,,,,,,,impression
ajs-next-1786137954676-ec59cdaa-7a4e-4305-883c-b2d04ae4bfb3,,18e8ec59-cdaa-4a4e-b305-483cb2d04ae4,2026-08-07 21:25:54.676000+00:00,,,Mozilla/5.0 (Macintosh; Intel Mac OS X 10.15; rv:147.0) Gecko/20100101 Firefox/147.0,/,,,Colorado Catholic Business Directory,https://coloradocatholicbusinessdirectory.com/,,,,,,"1770943484557x164806709481949200, 1781830336957x808577548450478500, 1771436045389x658317953644361100, 1744643921578x315333816253624100, 1752717497153x537286585580736960, 1753982403438x535213824960417500, 1744579851707x640487742075829500",,,,true,,,,,,,,,,,,,,,,,,,,,,impression
ajs-next-1786137954670-c818e8ec-59cd-4a7a-8e33-05483cb2d04a,index,18e8ec59-cdaa-4a4e-b305-483cb2d04ae4,2026-08-07 21:25:54.670000+00:00,index,,Mozilla/5.0 (Macintosh; Intel Mac OS X 10.15; rv:147.0) Gecko/20100101 Firefox/147.0,/,,,Colorado Catholic Business Directory,https://coloradocatholicbusinessdirectory.com/,/,,,Colorado Catholic Business Directory,https://coloradocatholicbusinessdirectory.com/,,index,index,,,,,,,,,,,,,,,,,,,,,,,,page
ajs-next-1786142097713-943bc2fe-f8f8-400e-a9d2-73edfbdbcc9d,,c2a93ec5-2231-4751-8339-a1728f1eada5,2026-08-07 22:34:57.713000+00:00,,1751744301621x758526182685981300,"Mozilla/5.0 (Windows NT 10.0; Win64; x64) AppleWebKit/537.36 (KHTML, like Gecko) Chrome/151.0.0.0 Safari/537.36 Edg/151.0.0.0",/search,https://coloradocatholicbusinessdirectory.com/,?query=&category=,Search | Colorado Catholic Business Directory,https://coloradocatholicbusinessdirectory.com/search?query=&category=,,,,,,"1779564452798x328047204556438640, 1775058462201x523059865418210800, 1768238584049x399775147114029200, 1745273541628x945470626229355500, 1761919898226x928695665795906700, 1750436264420x989591292213482400, 1765001972595x338020444395840100, 1766070455303x639821695383855700, 1744134674881x127285411168640110, 1764342295066x618134664283571500, 1744398484109x785674167096991400, 1770152894907x464897480736850900, 1774573166178x561429420668618400, 1781830336957x808577548450478500, 1763255155587x707008769292458900, 1772482882558x843076024552954900, 1783629215270x470942340385689600, 1747420152884x437771544876149700, 1746765568691x979794717919274100, 1751319669665x621437589169731200, 1761762460002x434978052003146300, 1776210729408x448410210135887360, 1785246262777x370343103907722500, 1744319857648x144922844539837200, 1785541764222x907401192484364800, 1746635677548x343522492232585660, 1760118921086x941497076227920600, 1754949567759x639105313824555300, 1754624056001x759184470890143000, 1746827109704x963221719337950200, 1743547621069x279645472884266780, 1755533063776x956164571796881400, 1764711530894x480989914892320700, 1778185404695x597979725335827200, 1766011883106x917993758751800300, 1744743906400x631087870982087000, 1750784029587x963255839088365200, 1747216018889x770977089491677400, 1755271286521x378031808974615550, 1763148950401x545361905340972600, 1748389292320x918627677903932400, 1747221865162x703532834449508000, 1779223019066x495549806274790700, 1759423986281x805514757919405700, 1776373432940x530737443814194940, 1750783674403x491887953737125700, 1777042895042x187867473484191420, 1786064042259x692870208226282400, 1747848709032x210920410073364830, 1753374338412x209529915103450200, 1771436045389x658317953644361100, 1753911193017x504194995643152640, 1747415704843x665338483592092500, 1769719058268x843927058977011000, 1754941249648x796792188496967000, 1747165674437x491901038958021200, 1746548006831x128230088489826860, 1783603380895x646194509208660700, 1752687366861x422755081931784260, 1747184079669x994211808429350800, 1744751205492x235134337285239230, 1757720364741x595714121363069200, 1753465897836x101289632151690960, 1746467711533x453074785848415400, 1762271200864x775090106640580500, 1777921226784x512595595894430850, 1779207002005x542183775914824900, 1757438153395x416809556103947500, 1759153763139x433792388290277000, 1753982403438x535213824960417500, 1749742920378x965836759111504900, 1749068120323x412920063824988600, 1744175271939x575064790204550460, 1750785338983x949958887494882000, 1746938798847x931997689495082400, 1759930025997x126109694575208930, 1772982809798x739419868972941400, 1747594874125x270237571814453630, 1776102250538x198432379819539760, 1744760380914x558772773612561600, 1750784475796x702583457937545900, 1749173974503x736079030141835600, 1762889659042x996969350831174300, 1747170561218x640297169073643000, 1751224250248x539537516841198200, 1764963280733x431041418968701760, 1770943484557x164806709481949200, 1761930377989x951815782791809400, 1784643082658x121064733756065300, 1744740154739x566945822952470660, 1768581853937x610498789092930300, 1763305551668x997299018011994600, 1779371355755x238144527494011940, 1751744301621x758526182685981300, 1777321143190x321072500270616060, 1771433486472x495156137805681660, 1744335958024x226211831616957250, 1768584016102x834619843946063900, 1771021914207x198452557005754900, 1754081360962x724252535884739300, 1765991015203x350068785849064760, 1761762406893x958878656538368500, 1762364811793x796217509980630800, 1768426055630x579798080961828200, 1782146204142x629417106351450200, 1777042863057x294476376362385400, 1760458225389x690604949380638100, 1747185390251x665604546429507900, 1744737250347x219277345743008400, 1758568877707x715638242996164100, 1768427614253x929508274229176300, 1771538218470x758525499484679000, 1763408145585x201322720695875870, 1754084205128x675147807630683600, 1751749348389x952656707958261400, 1757355028996x505189727810192200, 1775244057768x699511577684581800, 1758147388607x898014240790697700, 1764893879099x465248075524681500, 1785949295783x548744299333027400, 1768844277981x664142917381285000, 1751402056748x637551618886434600, 1763569204895x378265538177280400, 1749580724532x760028975589297300, 1745528732739x896561533370513300, 1781791909727x427924501831676600, 1777405836126x277715594249416060, 1748365021326x105262688542451250, 1763672237927x725969385673238800, 1746631267951x741803061642879500, 1744907031541x119079844893356540, 1771517879190x523242735258870900, 1744736810207x919925185055488400, 1776360294100x840938158936498600, 1771003581692x955050931630977700, 1753135741395x558904608479141570, 1777052217878x935579896985562900, 1749057953945x756346430245684600, 1757437593796x460281345015416640, 1746843461447x686795565273950000, 1755621956288x571897163769246900, 1745597587022x519433479989605000, 1781734682517x295026001124971000, 1747163465846x476237095610093000, 1744282156200x727555159743162000, 1745533127765x291393362647413700, 1743549178851x847080663521240200, 1778678470875x691076180629588500, 1744579851707x640487742075829500, 1754505203290x671062062407191900, 1750783679107x801419812763124500, 1779898672007x583448227567234600, 1778709723276x637265650543127800, 1753909381745x872991521395046100, 1762957766158x632118084948257900, 1750423781412x480534435350699700, 1744260813114x505427712482621440, 1744643921578x315333816253624100, 1758120880051x675194275556497400, 1744397288473x909294892772270800, 1752182630575x854371423894944000, 1752717497153x537286585580736960, 1744157592334x292550965261606100, 1758312173588x895819358343598700, 1754927931120x470668069008822300, 1744748222708x779656090283929300, 1746855895334x711816173120128000, 1776552489781x780158200693874000, 1771545376609x752763268373144000, 1744391553368x301043576290850300, 1757369121056x350487849823425600, 1764781838221x716772635359430500, 1776360466250x658348247885801300, 1747183179554x540122160625888100, 1770755356265x111382421474427680, 1761044854709x307607562836745150, 1769635123521x385801932800474700, 1747398900475x598159844147748100, 1751425811600x127124815802215140, 1748581534531x956271769254002200, 1763509156539x144450665564595840, 1753985929691x853149258569598100, 1747827548541x313848517899538500, 1765399408996x262641226191956400, 1747864432460x772931238395911000",,,,false,,,,,,,,,,,,,,,,,,,"[{'brand': 'Not=A?Brand', 'version': '99'}, {'brand': 'Microsoft Edge', 'version': '151'}, {'brand': 'Chromium', 'version': '151'}]",False,Windows,impression
ajs-next-1786142094816-53cda17e-c557-4bf6-943b-c2fef8f8400e,,c2a93ec5-2231-4751-8339-a1728f1eada5,2026-08-07 22:34:54.816000+00:00,,1751744301621x758526182685981300,"Mozilla/5.0 (Windows NT 10.0; Win64; x64) AppleWebKit/537.36 (KHTML, like Gecko) Chrome/151.0.0.0 Safari/537.36 Edg/151.0.0.0",/search,https://coloradocatholicbusinessdirectory.com/,?query=&category=,Search | Colorado Catholic Business Directory,https://coloradocatholicbusinessdirectory.com/search?query=&category=,,,,,,,,,,,"{'email': 'laymansflame@laymansflame.com', 'is_logged_in': True}",,,,,,,,,,,,,,,,,,"[{'brand': 'Not=A?Brand', 'version': '99'}, {'brand': 'Microsoft Edge', 'version': '151'}, {'brand': 'Chromium', 'version': '151'}]",False,Windows,identify
ajs-next-1786142096712-5bf6943b-c2fe-48f8-800e-29d273edfbdb,,c2a93ec5-2231-4751-8339-a1728f1eada5,2026-08-07 22:34:56.712000+00:00,,1751744301621x758526182685981300,"Mozilla/5.0 (Windows NT 10.0; Win64; x64) AppleWebKit/537.36 (KHTML, like Gecko) Chrome/151.0.0.0 Safari/537.36 Edg/151.0.0.0",/search,https://coloradocatholicbusinessdirectory.com/,?query=&category=,Search | Colorado Catholic Business Directory,https://coloradocatholicbusinessdirectory.com/search?query=&category=,,,,,,1752717497153x537286585580736960,,,main_list,true,,,,,,,,,,,,,,,,,,,"[{'brand': 'Not=A?Brand', 'version': '99'}, {'brand': 'Microsoft Edge', 'version': '151'}, {'brand': 'Chromium', 'version': '151'}]",False,Windows,impression
ajs-next-1786142073739-6c8def23-3f13-45e0-be44-3cffe2d7053d,,81a56c8d-ef23-4f13-85e0-be443cffe2d7,2026-08-07 22:34:33.739000+00:00,,,"Mozilla/5.0 (X11; Linux x86_64) AppleWebKit/537.36 (KHTML, like Gecko) HeadlessChrome/150.0.0.0 Safari/537.36",/,https://bing.com/,,Colorado Catholic Business Directory,https://coloradocatholicbusinessdirectory.com/,,,,,,"1771436045389x658317953644361100, 1781830336957x808577548450478500, 1770943484557x164806709481949200, 1752717497153x537286585580736960, 1744643921578x315333816253624100, 1744579851707x640487742075829500, 1753982403438x535213824960417500",,,,true,,,,,,,,,,,,,,,,,,,"[{'brand': 'Not;A=Brand', 'version': '8'}, {'brand': 'Chromium', 'version': '150'}, {'brand': 'Google Chrome', 'version': '150'}]",False,Linux,impression
ajs-next-1786142073730-9d81a56c-8def-433f-9305-e0be443cffe2,index,81a56c8d-ef23-4f13-85e0-be443cffe2d7,2026-08-07 22:34:33.729000+00:00,index,,"Mozilla/5.0 (X11; Linux x86_64) AppleWebKit/537.36 (KHTML, like Gecko) HeadlessChrome/150.0.0.0 Safari/537.36",/,https://bing.com/,,Colorado Catholic Business Directory,https://coloradocatholicbusinessdirectory.com/,/,https://bing.com/,,Colorado Catholic Business Directory,https://coloradocatholicbusinessdirectory.com/,,index,index,,,,,,,,,,,,,,,,,,,,,"[{'brand': 'Not;A=Brand', 'version': '8'}, {'brand': 'Chromium', 'version': '150'}, {'brand': 'Google Chrome', 'version': '150'}]",False,Linux,page
ajs-next-1786142074036-ef233f13-05e0-4e44-bcff-e2d7053dac42,,81a56c8d-ef23-4f13-85e0-be443cffe2d7,2026-08-07 22:34:34.036000+00:00,,,"Mozilla/5.0 (X11; Linux x86_64) AppleWebKit/537.36 (KHTML, like Gecko) HeadlessChrome/150.0.0.0 Safari/537.36",/,https://bing.com/,,Colorado Catholic Business Directory,https://coloradocatholicbusinessdirectory.com/,,,,,,"1771436045389x658317953644361100, 1781830336957x808577548450478500, 1770943484557x164806709481949200, 1752717497153x537286585580736960, 1744643921578x315333816253624100, 1744579851707x640487742075829500, 1753982403438x535213824960417500",,,,true,,,,,,,,,,,,,,,,,,,"[{'brand': 'Not;A=Brand', 'version': '8'}, {'brand': 'Chromium', 'version': '150'}, {'brand': 'Google Chrome', 'version': '150'}]",False,Linux,impression
ajs-next-1786142095706-c5575bf6-943b-42fe-b8f8-400e29d273ed,,c2a93ec5-2231-4751-8339-a1728f1eada5,2026-08-07 22:34:55.706000+00:00,,1751744301621x758526182685981300,"Mozilla/5.0 (Windows NT 10.0; Win64; x64) AppleWebKit/537.36 (KHTML, like Gecko) Chrome/151.0.0.0 Safari/537.36 Edg/151.0.0.0",/search,https://coloradocatholicbusinessdirectory.com/,?query=&category=,Search | Colorado Catholic Business Directory,https://coloradocatholicbusinessdirectory.com/search?query=&category=,,,,,,,,,sidebar,true,,,,,,,,,,,,,,,,,,,"[{'brand': 'Not=A?Brand', 'version': '99'}, {'brand': 'Microsoft Edge', 'version': '151'}, {'brand': 'Chromium', 'version': '151'}]",False,Windows,impression
ajs-next-1786142094817-a17ec557-5bf6-443b-82fe-f8f8400e29d2,search,c2a93ec5-2231-4751-8339-a1728f1eada5,2026-08-07 22:34:54.817000+00:00,search,1751744301621x758526182685981300,"Mozilla/5.0 (Windows NT 10.0; Win64; x64) AppleWebKit/537.36 (KHTML, like Gecko) Chrome/151.0.0.0 Safari/537.36 Edg/151.0.0.0",/search,https://coloradocatholicbusinessdirectory.com/,?query=&category=,Search | Colorado Catholic Business Directory,https://coloradocatholicbusinessdirectory.com/search?query=&category=,/search,https://coloradocatholicbusinessdirectory.com/,?query=&category=,Search | Colorado Catholic Business Directory,https://coloradocatholicbusinessdirectory.com/search?query=&category=,,search,search,,,,,,,,,,,,,,,,,,,,,"[{'brand': 'Not=A?Brand', 'version': '99'}, {'brand': 'Microsoft Edge', 'version': '151'}, {'brand': 'Chromium', 'version': '151'}]",False,Windows,page
ajs-next-1786189265605-85fbbaba-cbf9-4e20-92d8-ec258a127753,about_us,fbbabacb-f98e-40d2-98ec-258a127753cc,2026-08-08 11:41:05.605000+00:00,about_us,,"Mozilla/5.0 (Macintosh; Intel Mac OS X 10_15_7) AppleWebKit/537.36 (KHTML, like Gecko) Chrome/145.0.0.0 Safari/537.36 (compatible; meta-externalagent/1.1 (+https://developers.facebook.com/docs/sharing/webmasters/crawler))",/about_us/1785667186008x159621491333121760,,,| Colorado Catholic Business Directory,https://coloradocatholicbusinessdirectory.com/about_us/1785667186008x159621491333121760,/about_us/1785667186008x159621491333121760,,,| Colorado Catholic Business Directory,https://coloradocatholicbusinessdirectory.com/about_us/1785667186008x159621491333121760,,about_us,about_us,,,,,,,,,,,,,,,,,,,,,[],False,,page
ajs-next-1786191330418-d98d21b0-179f-4933-9762-1cf3276e4814,about_us,8d21b017-9ff9-4317-a21c-f3276e4814bd,2026-08-08 12:15:30.418000+00:00,about_us,,"Mozilla/5.0 (Windows NT 10.0; Win64; x64) AppleWebKit/537.36 (KHTML, like Gecko) Chrome/145.0.0.0 Safari/537.36 (compatible; meta-externalagent/1.1 (+https://developers.facebook.com/docs/sharing/webmasters/crawler))",/about_us/anne--joachim-heritage-press-1785949295783x548744299333027400,,,| Colorado Catholic Business Directory,https://coloradocatholicbusinessdirectory.com/about_us/anne--joachim-heritage-press-1785949295783x548744299333027400,/about_us/anne--joachim-heritage-press-1785949295783x548744299333027400,,,| Colorado Catholic Business Directory,https://coloradocatholicbusinessdirectory.com/about_us/anne--joachim-heritage-press-1785949295783x548744299333027400,,about_us,about_us,,,,,,,,,,,,,,,,,,,,,[],False,,page
ajs-next-1786196032208-c2f605b8-d1e6-4e89-b8a5-3b6b5a957b60,about_us,f605b8d1-e65e-49b8-a53b-6b5a957b60bd,2026-08-08 13:33:52.208000+00:00,about_us,,"Mozilla/5.0 (Windows NT 10.0; Win64; x64) AppleWebKit/537.36 (KHTML, like Gecko) Chrome/145.0.0.0 Safari/537.36 (compatible; meta-externalagent/1.1 (+https://developers.facebook.com/docs/sharing/webmasters/crawler))",/about_us/1785521417658x782682334178295300,,,| Colorado Catholic Business Directory,https://coloradocatholicbusinessdirectory.com/about_us/1785521417658x782682334178295300,/about_us/1785521417658x782682334178295300,,,| Colorado Catholic Business Directory,https://coloradocatholicbusinessdirectory.com/about_us/1785521417658x782682334178295300,,about_us,about_us,,,,,,,,,,,,,,,,,,,,,[],False,,page
ajs-next-1786199433624-2abc8514-56ff-4bab-9c9d-27413dad41ab,about_us,bc851456-ff4b-4bdc-9d27-413dad41abd1,2026-08-08 14:30:33.624000+00:00,about_us,,"Mozilla/5.0 (Windows NT 10.0; Win64; x64) AppleWebKit/537.36 (KHTML, like Gecko) Chrome/145.0.0.0 Safari/537.36 (compatible; meta-externalagent/1.1 (+https://developers.facebook.com/docs/sharing/webmasters/crawler))",/about_us/1785430882676x663215080715229300,,,| Colorado Catholic Business Directory,https://coloradocatholicbusinessdirectory.com/about_us/1785430882676x663215080715229300,/about_us/1785430882676x663215080715229300,,,| Colorado Catholic Business Directory,https://coloradocatholicbusinessdirectory.com/about_us/1785430882676x663215080715229300,,about_us,about_us,,,,,,,,,,,,,,,,,,,,,[],False,,page
ajs-next-1786200657469-98167e80-9f14-46d9-8348-6a9dd9f3fd7b,about_us,167e809f-1426-4983-886a-9dd9f3fd7b15,2026-08-08 14:50:57.469000+00:00,about_us,,"Mozilla/5.0 (Macintosh; Intel Mac OS X 10_15_7) AppleWebKit/537.36 (KHTML, like Gecko) Chrome/145.0.0.0 Safari/537.36 (compatible; meta-externalagent/1.1 (+https://developers.facebook.com/docs/sharing/webmasters/crawler))",/about_us/1785521705755x891405742385716700,,,| Colorado Catholic Business Directory,https://coloradocatholicbusinessdirectory.com/about_us/1785521705755x891405742385716700,/about_us/1785521705755x891405742385716700,,,| Colorado Catholic Business Directory,https://coloradocatholicbusinessdirectory.com/about_us/1785521705755x891405742385716700,,about_us,about_us,,,,,,,,,,,,,,,,,,,,,[],False,,page
ajs-next-1786202516906-ebcb756b-2d6f-4c90-a786-1628a089122d,about_us,cb756b2d-6f5c-4067-8616-28a089122de0,2026-08-08 15:21:56.906000+00:00,about_us,,"Mozilla/5.0 (Windows NT 10.0; Win64; x64) AppleWebKit/537.36 (KHTML, like Gecko) Chrome/144.0.0.0 Safari/537.36 Edg/144.0.0.0 (compatible; meta-externalagent/1.1 (+https://developers.facebook.com/docs/sharing/webmasters/crawler))",/about_us/1785684177191x503800161669733200,,,| Colorado Catholic Business Directory,https://coloradocatholicbusinessdirectory.com/about_us/1785684177191x503800161669733200,/about_us/1785684177191x503800161669733200,,,| Colorado Catholic Business Directory,https://coloradocatholicbusinessdirectory.com/about_us/1785684177191x503800161669733200,,about_us,about_us,,,,,,,,,,,,,,,,,,,,,[],False,,page
ajs-next-1786205781260-ffd8130d-4496-4bb1-b108-e521747dee35,how_it_works,d8130d44-96eb-41b1-88e5-21747dee3551,2026-08-08 16:16:21.260000+00:00,how_it_works,,"Mozilla/5.0 (Windows NT 10.0; Win64; x64) AppleWebKit/537.36 (KHTML, like Gecko) Chrome/145.0.0.0 Safari/537.36 (compatible; meta-externalagent/1.1 (+https://developers.facebook.com/docs/sharing/webmasters/crawler))",/how_it_works/1785430366608x530100797131529500,,,| Colorado Catholic Business Directory,https://coloradocatholicbusinessdirectory.com/how_it_works/1785430366608x530100797131529500,/how_it_works/1785430366608x530100797131529500,,,| Colorado Catholic Business Directory,https://coloradocatholicbusinessdirectory.com/how_it_works/1785430366608x530100797131529500,,how_it_works,how_it_works,,,,,,,,,,,,,,,,,,,,,[],False,,page
ajs-next-1786206616487-45612efa-8b94-452e-bd78-7c5c1160483d,how_it_works,612efa8b-94d5-4e7d-b87c-5c1160483d10,2026-08-08 16:30:16.487000+00:00,how_it_works,,"Mozilla/5.0 (Windows NT 10.0; Win64; x64) AppleWebKit/537.36 (KHTML, like Gecko) Chrome/145.0.0.0 Safari/537.36 (compatible; meta-externalagent/1.1 (+https://developers.facebook.com/docs/sharing/webmasters/crawler))",/how_it_works/1785521417658x782682334178295300,,,| Colorado Catholic Business Directory,https://coloradocatholicbusinessdirectory.com/how_it_works/1785521417658x782682334178295300,/how_it_works/1785521417658x782682334178295300,,,| Colorado Catholic Business Directory,https://coloradocatholicbusinessdirectory.com/how_it_works/1785521417658x782682334178295300,,how_it_works,how_it_works,,,,,,,,,,,,,,,,,,,,,[],False,,page
ajs-next-1786207182311-05b65e8e-2527-4a8d-b716-e8ad7680aba6,about_us,b65e8e25-27aa-4df7-96e8-ad7680aba6b5,2026-08-08 16:39:42.311000+00:00,about_us,,"Mozilla/5.0 (Macintosh; Intel Mac OS X 10_15_7) AppleWebKit/537.36 (KHTML, like Gecko) Chrome/145.0.0.0 Safari/537.36 (compatible; meta-externalagent/1.1 (+https://developers.facebook.com/docs/sharing/webmasters/crawler))",/about_us/1785516975442x326829053660180350,,,| Colorado Catholic Business Directory,https://coloradocatholicbusinessdirectory.com/about_us/1785516975442x326829053660180350,/about_us/1785516975442x326829053660180350,,,| Colorado Catholic Business Directory,https://coloradocatholicbusinessdirectory.com/about_us/1785516975442x326829053660180350,,about_us,about_us,,,,,,,,,,,,,,,,,,,,,[],False,,page
ajs-next-1786208312654-e6fa2ba8-5f0a-4c0f-b798-ac056b4f5e32,how_it_works,fa2ba85f-0a8c-4fb7-98ac-056b4f5e325c,2026-08-08 16:58:32.654000+00:00,how_it_works,,"Mozilla/5.0 (Windows NT 10.0; Win64; x64) AppleWebKit/537.36 (KHTML, like Gecko) Chrome/145.0.0.0 Safari/537.36 (compatible; meta-externalagent/1.1 (+https://developers.facebook.com/docs/sharing/webmasters/crawler))",/how_it_works/1785672310855x906555837085457400,,,| Colorado Catholic Business Directory,https://coloradocatholicbusinessdirectory.com/how_it_works/1785672310855x906555837085457400,/how_it_works/1785672310855x906555837085457400,,,| Colorado Catholic Business Directory,https://coloradocatholicbusinessdirectory.com/how_it_works/1785672310855x906555837085457400,,how_it_works,how_it_works,,,,,,,,,,,,,,,,,,,,,[],False,,page
