userId,originalTimestamp,anonymousId,messageId,userAgent,page.path,page.referrer,page.search,page.title,page.url,search_text,category,name,path,referrer,search,title,url,business_id,category_properties,name_properties,userAgentData.brands,userAgentData.mobile,userAgentData.platform,location,sponsored_listing,button_name,city,parish,event_type
,2026-02-09 02:05:01.732000+00:00,b30daf9b-b3c1-43a4-b751-0fb86739ee89,ajs-next-1770602701732-93ac88ff-2517-404e-8e2f-de472fe0e5b0,"Mozilla/5.0 (iPhone; CPU iPhone OS 26_2_1 like Mac OS X) AppleWebKit/605.1.15 (KHTML, like Gecko) GSA/406.0.862495628 Mobile/15E148 Safari/604.1",/,,,Colorado Catholic Business Directory,https://coloradocatholicbusinessdirectory.com/,Interior design,,,,,,,,,,,,,,,,,,,search
,2026-02-09 02:05:13.986000+00:00,b30daf9b-b3c1-43a4-b751-0fb86739ee89,ajs-next-1770602713986-e7acf28f-935f-4684-ab32-eaf398e17093,"Mozilla/5.0 (iPhone; CPU iPhone OS 26_2_1 like Mac OS X) AppleWebKit/605.1.15 (KHTML, like Gecko) GSA/406.0.862495628 Mobile/15E148 Safari/604.1",/business_profile/portam-interiors-1753911193017x504194995643152640,https://coloradocatholicbusinessdirectory.com/,,| Colorado Catholic Business Directory,https://coloradocatholicbusinessdirectory.com/business_profile/portam-interiors-1753911193017x504194995643152640,,profile,business_profile,/business_profile/portam-interiors-1753911193017x504194995643152640,https://coloradocatholicbusinessdirectory.com/,,| Colorado Catholic Business Directory,https://coloradocatholicbusinessdirectory.com/business_profile/portam-interiors-1753911193017x504194995643152640,1753911193017x504194995643152640,profile,business_profile,,,,,,,,,page
,2026-02-09 02:05:03.337000+00:00,b30daf9b-b3c1-43a4-b751-0fb86739ee89,ajs-next-1770602703337-8b78eab7-760e-456f-b128-7e85eca08edd,"Mozilla/5.0 (iPhone; CPU iPhone OS 26_2_1 like Mac OS X) AppleWebKit/605.1.15 (KHTML, like Gecko) GSA/406.0.862495628 Mobile/15E148 Safari/604.1",/search,https://coloradocatholicbusinessdirectory.com/,?query=Interior%20design&category=,Search | Colorado Catholic Business Directory,https://coloradocatholicbusinessdirectory.com/search?query=Interior%20design&category=,,,,,,,,,,,,,,,sidebar,true,,,,impression
,2026-02-09 02:05:18.428000+00:00,a2213f42-9ed7-480d-9ea7-6cc8accf2917,ajs-next-1770602718429-14a2213f-429e-4718-8d1e-a76cc8accf29,"Mozilla/5.0 (Linux; Android 10; K) AppleWebKit/537.36 (KHTML, like Gecko) Chrome/138.0.0.0 Mobile Safari/537.36 (compatible; Google-Read-Aloud; +https://support.google.com/webmasters/answer/1061943)",/business_profile/portam-interiors-1753911193017x504194995643152640,,,| Colorado Catholic Business Directory,https://coloradocatholicbusinessdirectory.com/business_profile/portam-interiors-1753911193017x504194995643152640,,profile,business_profile,/business_profile/portam-interiors-1753911193017x504194995643152640,,,| Colorado Catholic Business Directory,https://coloradocatholicbusinessdirectory.com/business_profile/portam-interiors-1753911193017x504194995643152640,1753911193017x504194995643152640,profile,business_profile,[],False,,,,,,,page
,2026-02-09 02:07:00.323000+00:00,b30daf9b-b3c1-43a4-b751-0fb86739ee89,ajs-next-1770602820323-c3211b5d-b0a8-468f-b63d-ac2c43ee192f,"Mozilla/5.0 (iPhone; CPU iPhone OS 26_2_1 like Mac OS X) AppleWebKit/605.1.15 (KHTML, like Gecko) GSA/406.0.862495628 Mobile/15E148 Safari/604.1",/search,https://coloradocatholicbusinessdirectory.com/,?query=Interior%20design&category=,Search | Colorado Catholic Business Directory,https://coloradocatholicbusinessdirectory.com/search?query=Interior%20design&category=,,,,,,,,,1753911193017x504194995643152640,,,,,,,false,,,,impression
,2026-02-09 02:04:56.911000+00:00,b30daf9b-b3c1-43a4-b751-0fb86739ee89,ajs-next-1770602696911-62ebc9e5-ce4f-43ac-88ff-2517304ece2f,"Mozilla/5.0 (iPhone; CPU iPhone OS 26_2_1 like Mac OS X) AppleWebKit/605.1.15 (KHTML, like Gecko) GSA/406.0.862495628 Mobile/15E148 Safari/604.1",/,,,Colorado Catholic Business Directory,https://coloradocatholicbusinessdirectory.com/,,index,index,/,,,Colorado Catholic Business Directory,https://coloradocatholicbusinessdirectory.com/,,index,index,,,,,,,,,page
,2026-02-09 02:04:38.931000+00:00,b30daf9b-b3c1-43a4-b751-0fb86739ee89,ajs-next-1770602678931-af9bb3c1-73a4-4751-8fb8-6739ee89140a,"Mozilla/5.0 (iPhone; CPU iPhone OS 26_2_1 like Mac OS X) AppleWebKit/605.1.15 (KHTML, like Gecko) GSA/406.0.862495628 Mobile/15E148 Safari/604.1",/,,,Colorado Catholic Business Directory,https://coloradocatholicbusinessdirectory.com/,,,,,,,,,"1743549178851x847080663521240200, 1744579851707x640487742075829500, 1752717497153x537286585580736960, 1743547621069x279645472884266780, 1753374338412x209529915103450200, 1744335958024x226211831616957250, 1753982403438x535213824960417500, 1750436264420x989591292213482400",,,,,,,true,,,,impression
,2026-02-09 02:05:13.036000+00:00,b30daf9b-b3c1-43a4-b751-0fb86739ee89,ajs-next-1770602713036-956fb128-7e85-4ca0-8edd-8639b13d4cda,"Mozilla/5.0 (iPhone; CPU iPhone OS 26_2_1 like Mac OS X) AppleWebKit/605.1.15 (KHTML, like Gecko) GSA/406.0.862495628 Mobile/15E148 Safari/604.1",/search,https://coloradocatholicbusinessdirectory.com/,?query=Interior%20design&category=,Search | Colorado Catholic Business Directory,https://coloradocatholicbusinessdirectory.com/search?query=Interior%20design&category=,,,,,,,,,1753911193017x504194995643152640,,,,,,,false,more_info_text,,,button_click
,2026-02-09 02:07:20.624000+00:00,b30daf9b-b3c1-43a4-b751-0fb86739ee89,ajs-next-1770602840624-bfc0aadb-aa78-462a-ab2c-c0bc0d4ec76f,"Mozilla/5.0 (iPhone; CPU iPhone OS 26_2_1 like Mac OS X) AppleWebKit/605.1.15 (KHTML, like Gecko) GSA/406.0.862495628 Mobile/15E148 Safari/604.1",/search,https://coloradocatholicbusinessdirectory.com/,?query=Architecture%20&category=,Search | Colorado Catholic Business Directory,https://coloradocatholicbusinessdirectory.com/search?query=Architecture%20&category=,,,,,,,,,1744579851707x640487742075829500,,,,,,main_list,true,,,,impression
,2026-02-09 02:04:49.120000+00:00,b30daf9b-b3c1-43a4-b751-0fb86739ee89,ajs-next-1770602689120-e57c8917-ce10-4d0a-9f4a-c13611d9ee89,"Mozilla/5.0 (iPhone; CPU iPhone OS 26_2_1 like Mac OS X) AppleWebKit/605.1.15 (KHTML, like Gecko) GSA/406.0.862495628 Mobile/15E148 Safari/604.1",/search,https://coloradocatholicbusinessdirectory.com/,?query=&category=Home%20Services,Search | Colorado Catholic Business Directory,https://coloradocatholicbusinessdirectory.com/search?query=&category=Home%20Services,,,,,,,,,1744335958024x226211831616957250,,,,,,main_list,true,,,,impression
,2026-02-09 02:04:46.940000+00:00,b30daf9b-b3c1-43a4-b751-0fb86739ee89,ajs-next-1770602686940-f7510fb8-6739-4e89-940a-c12890e2e73a,"Mozilla/5.0 (iPhone; CPU iPhone OS 26_2_1 like Mac OS X) AppleWebKit/605.1.15 (KHTML, like Gecko) GSA/406.0.862495628 Mobile/15E148 Safari/604.1",/,,,Colorado Catholic Business Directory,https://coloradocatholicbusinessdirectory.com/,,Home Services,,,,,,,,,,,,,,,,,,search
,2026-02-09 02:08:46.415000+00:00,b30daf9b-b3c1-43a4-b751-0fb86739ee89,ajs-next-1770602926415-7b38a73e-0b36-4c99-b075-47fd1cce5924,"Mozilla/5.0 (iPhone; CPU iPhone OS 26_2_1 like Mac OS X) AppleWebKit/605.1.15 (KHTML, like Gecko) GSA/406.0.862495628 Mobile/15E148 Safari/604.1",/business_profile/humble-home-architecture-1751319669665x621437589169731200,https://coloradocatholicbusinessdirectory.com/,,| Colorado Catholic Business Directory,https://coloradocatholicbusinessdirectory.com/business_profile/humble-home-architecture-1751319669665x621437589169731200,,,,,,,,,1751319669665x621437589169731200,,,,,,,,visit_website,,,button_click
,2026-02-09 02:05:03.643000+00:00,b30daf9b-b3c1-43a4-b751-0fb86739ee89,ajs-next-1770602703643-eab7760e-956f-4128-be85-eca08edd8639,"Mozilla/5.0 (iPhone; CPU iPhone OS 26_2_1 like Mac OS X) AppleWebKit/605.1.15 (KHTML, like Gecko) GSA/406.0.862495628 Mobile/15E148 Safari/604.1",/search,https://coloradocatholicbusinessdirectory.com/,?query=Interior%20design&category=,Search | Colorado Catholic Business Directory,https://coloradocatholicbusinessdirectory.com/search?query=Interior%20design&category=,,,,,,,,,1750436264420x989591292213482400,,,,,,main_list,true,,,,impression
,2026-02-09 02:04:38.610000+00:00,b30daf9b-b3c1-43a4-b751-0fb86739ee89,ajs-next-1770602678610-51b30daf-9bb3-4173-a4f7-510fb86739ee,"Mozilla/5.0 (iPhone; CPU iPhone OS 26_2_1 like Mac OS X) AppleWebKit/605.1.15 (KHTML, like Gecko) GSA/406.0.862495628 Mobile/15E148 Safari/604.1",/,,,Colorado Catholic Business Directory,https://coloradocatholicbusinessdirectory.com/,,index,index,/,,,Colorado Catholic Business Directory,https://coloradocatholicbusinessdirectory.com/,,index,index,,,,,,,,,page
,2026-02-09 02:07:10.626000+00:00,b30daf9b-b3c1-43a4-b751-0fb86739ee89,ajs-next-1770602830626-93cfecb8-dafd-4653-9942-aafa4daa1f0b,"Mozilla/5.0 (iPhone; CPU iPhone OS 26_2_1 like Mac OS X) AppleWebKit/605.1.15 (KHTML, like Gecko) GSA/406.0.862495628 Mobile/15E148 Safari/604.1",/,,,Colorado Catholic Business Directory,https://coloradocatholicbusinessdirectory.com/,,index,index,/,,,Colorado Catholic Business Directory,https://coloradocatholicbusinessdirectory.com/,,index,index,,,,,,,,,page
,2026-02-09 02:04:49.424000+00:00,b30daf9b-b3c1-43a4-b751-0fb86739ee89,ajs-next-1770602689424-8917ce10-4d0a-4f4a-8136-11d9ee89278c,"Mozilla/5.0 (iPhone; CPU iPhone OS 26_2_1 like Mac OS X) AppleWebKit/605.1.15 (KHTML, like Gecko) GSA/406.0.862495628 Mobile/15E148 Safari/604.1",/search,https://coloradocatholicbusinessdirectory.com/,?query=&category=Home%20Services,Search | Colorado Catholic Business Directory,https://coloradocatholicbusinessdirectory.com/search?query=&category=Home%20Services,,,,,,,,,"1759930025997x126109694575208930, 1754927931120x470668069008822300, 1749742920378x965836759111504900, 1745273541628x945470626229355500, 1763148950401x545361905340972600, 1754505203290x671062062407191900, 1763408145585x201322720695875870, 1755533063776x956164571796881400, 1744398484109x785674167096991400, 1747216018889x770977089491677400, 1759153763139x433792388290277000, 1747864432460x772931238395911000, 1744751205492x235134337285239230, 1746855895334x711816173120128000, 1751319669665x621437589169731200, 1753911193017x504194995643152640, 1750783674403x491887953737125700, 1763255155587x707008769292458900, 1747398900475x598159844147748100, 1744335958024x226211831616957250, 1759423986281x805514757919405700, 1744748222708x779656090283929300, 1744579851707x640487742075829500, 1755621956288x571897163769246900, 1768581853937x610498789092930300",,,,,,,false,,,,impression
,2026-02-09 02:05:01.426000+00:00,b30daf9b-b3c1-43a4-b751-0fb86739ee89,ajs-next-1770602701426-ce4f93ac-88ff-4517-b04e-ce2fde472fe0,"Mozilla/5.0 (iPhone; CPU iPhone OS 26_2_1 like Mac OS X) AppleWebKit/605.1.15 (KHTML, like Gecko) GSA/406.0.862495628 Mobile/15E148 Safari/604.1",/,,,Colorado Catholic Business Directory,https://coloradocatholicbusinessdirectory.com/,,,,,,,,,,,,,,,,,search,,,button_click
,2026-02-09 02:05:25.914000+00:00,b30daf9b-b3c1-43a4-b751-0fb86739ee89,ajs-next-1770602725914-f28f935f-4684-4b32-aaf3-98e17093d4ce,"Mozilla/5.0 (iPhone; CPU iPhone OS 26_2_1 like Mac OS X) AppleWebKit/605.1.15 (KHTML, like Gecko) GSA/406.0.862495628 Mobile/15E148 Safari/604.1",/business_profile/portam-interiors-1753911193017x504194995643152640,https://coloradocatholicbusinessdirectory.com/,,| Colorado Catholic Business Directory,https://coloradocatholicbusinessdirectory.com/business_profile/portam-interiors-1753911193017x504194995643152640,,,,,,,,,1753911193017x504194995643152640,,,,,,,,visit_website,,,button_click
,2026-02-09 02:04:48.517000+00:00,b30daf9b-b3c1-43a4-b751-0fb86739ee89,ajs-next-1770602688517-8238271f-e57c-4917-8e10-4d0a5f4ac136,"Mozilla/5.0 (iPhone; CPU iPhone OS 26_2_1 like Mac OS X) AppleWebKit/605.1.15 (KHTML, like Gecko) GSA/406.0.862495628 Mobile/15E148 Safari/604.1",/search,https://coloradocatholicbusinessdirectory.com/,?query=&category=Home%20Services,Search | Colorado Catholic Business Directory,https://coloradocatholicbusinessdirectory.com/search?query=&category=Home%20Services,,search,search,/search,https://coloradocatholicbusinessdirectory.com/,?query=&category=Home%20Services,Search | Colorado Catholic Business Directory,https://coloradocatholicbusinessdirectory.com/search?query=&category=Home%20Services,,search,search,,,,,,,,,page
,2026-02-09 02:08:50.162000+00:00,b30daf9b-b3c1-43a4-b751-0fb86739ee89,ajs-next-1770602930162-e61db917-dacb-49ab-9af3-dcdc440b28e2,"Mozilla/5.0 (iPhone; CPU iPhone OS 26_2_1 like Mac OS X) AppleWebKit/605.1.15 (KHTML, like Gecko) GSA/406.0.862495628 Mobile/15E148 Safari/604.1",/search,https://coloradocatholicbusinessdirectory.com/,?query=Architecture%20&category=,Search | Colorado Catholic Business Directory,https://coloradocatholicbusinessdirectory.com/search?query=Architecture%20&category=,,,,,,,,,1753982403438x535213824960417500,,,,,,main_list,true,,,,impression
,2026-02-09 02:10:52.487000+00:00,b30daf9b-b3c1-43a4-b751-0fb86739ee89,ajs-next-1770603052487-09a7fbe9-a4c0-418e-9f42-5ee9ca1fa70d,"Mozilla/5.0 (iPhone; CPU iPhone OS 26_2_1 like Mac OS X) AppleWebKit/605.1.15 (KHTML, like Gecko) GSA/406.0.862495628 Mobile/15E148 Safari/604.1",/search,https://coloradocatholicbusinessdirectory.com/,?query=Home%20decor&category=,Search | Colorado Catholic Business Directory,https://coloradocatholicbusinessdirectory.com/search?query=Home%20decor&category=,,search,search,/search,https://coloradocatholicbusinessdirectory.com/,?query=Home%20decor&category=,Search | Colorado Catholic Business Directory,https://coloradocatholicbusinessdirectory.com/search?query=Home%20decor&category=,,search,search,,,,,,,,,page
,2026-02-09 02:04:46.632000+00:00,b30daf9b-b3c1-43a4-b751-0fb86739ee89,ajs-next-1770602686632-73a4f751-0fb8-4739-ae89-140ac12890e2,"Mozilla/5.0 (iPhone; CPU iPhone OS 26_2_1 like Mac OS X) AppleWebKit/605.1.15 (KHTML, like Gecko) GSA/406.0.862495628 Mobile/15E148 Safari/604.1",/,,,Colorado Catholic Business Directory,https://coloradocatholicbusinessdirectory.com/,,,,,,,,,,,,,,,,,search,,,button_click
,2026-02-09 02:04:48.818000+00:00,b30daf9b-b3c1-43a4-b751-0fb86739ee89,ajs-next-1770602688819-271fe57c-8917-4e10-8d0a-5f4ac13611d9,"Mozilla/5.0 (iPhone; CPU iPhone OS 26_2_1 like Mac OS X) AppleWebKit/605.1.15 (KHTML, like Gecko) GSA/406.0.862495628 Mobile/15E148 Safari/604.1",/search,https://coloradocatholicbusinessdirectory.com/,?query=&category=Home%20Services,Search | Colorado Catholic Business Directory,https://coloradocatholicbusinessdirectory.com/search?query=&category=Home%20Services,,,,,,,,,,,,,,,sidebar,true,,,,impression
,2026-02-09 02:07:44.912000+00:00,b30daf9b-b3c1-43a4-b751-0fb86739ee89,ajs-next-1770602864913-85167b38-a73e-4b36-ac99-b07547fd1cce,"Mozilla/5.0 (iPhone; CPU iPhone OS 26_2_1 like Mac OS X) AppleWebKit/605.1.15 (KHTML, like Gecko) GSA/406.0.862495628 Mobile/15E148 Safari/604.1",/business_profile/humble-home-architecture-1751319669665x621437589169731200,https://coloradocatholicbusinessdirectory.com/,,| Colorado Catholic Business Directory,https://coloradocatholicbusinessdirectory.com/business_profile/humble-home-architecture-1751319669665x621437589169731200,,,,,,,,,1751319669665x621437589169731200,,,,,,,,visit_website,,,button_click
,2026-02-09 02:08:49.544000+00:00,b30daf9b-b3c1-43a4-b751-0fb86739ee89,ajs-next-1770602929544-955035cf-e61d-4917-9acb-79ab9af3dcdc,"Mozilla/5.0 (iPhone; CPU iPhone OS 26_2_1 like Mac OS X) AppleWebKit/605.1.15 (KHTML, like Gecko) GSA/406.0.862495628 Mobile/15E148 Safari/604.1",/search,https://coloradocatholicbusinessdirectory.com/,?query=Architecture%20&category=,Search | Colorado Catholic Business Directory,https://coloradocatholicbusinessdirectory.com/search?query=Architecture%20&category=,,search,search,/search,https://coloradocatholicbusinessdirectory.com/,?query=Architecture%20&category=,Search | Colorado Catholic Business Directory,https://coloradocatholicbusinessdirectory.com/search?query=Architecture%20&category=,,search,search,,,,,,,,,page
,2026-02-09 02:10:53.094000+00:00,b30daf9b-b3c1-43a4-b751-0fb86739ee89,ajs-next-1770603053094-a4c0f18e-1f42-4ee9-8a1f-a70d3194a5f6,"Mozilla/5.0 (iPhone; CPU iPhone OS 26_2_1 like Mac OS X) AppleWebKit/605.1.15 (KHTML, like Gecko) GSA/406.0.862495628 Mobile/15E148 Safari/604.1",/search,https://coloradocatholicbusinessdirectory.com/,?query=Home%20decor&category=,Search | Colorado Catholic Business Directory,https://coloradocatholicbusinessdirectory.com/search?query=Home%20decor&category=,,,,,,,,,1744335958024x226211831616957250,,,,,,main_list,true,,,,impression
,2026-02-09 02:07:18.656000+00:00,b30daf9b-b3c1-43a4-b751-0fb86739ee89,ajs-next-1770602838656-c653d942-aafa-4daa-9f0b-2813fb9ba6d9,"Mozilla/5.0 (iPhone; CPU iPhone OS 26_2_1 like Mac OS X) AppleWebKit/605.1.15 (KHTML, like Gecko) GSA/406.0.862495628 Mobile/15E148 Safari/604.1",/,,,Colorado Catholic Business Directory,https://coloradocatholicbusinessdirectory.com/,Architecture ,,,,,,,,,,,,,,,,,,,search
,2026-02-09 02:06:59.700000+00:00,b30daf9b-b3c1-43a4-b751-0fb86739ee89,ajs-next-1770602819700-99f8c1e4-c321-4b5d-b0a8-e68f363dac2c,"Mozilla/5.0 (iPhone; CPU iPhone OS 26_2_1 like Mac OS X) AppleWebKit/605.1.15 (KHTML, like Gecko) GSA/406.0.862495628 Mobile/15E148 Safari/604.1",/search,https://coloradocatholicbusinessdirectory.com/,?query=Interior%20design&category=,Search | Colorado Catholic Business Directory,https://coloradocatholicbusinessdirectory.com/search?query=Interior%20design&category=,,,,,,,,,,,,,,,sidebar,true,,,,impression
,2026-02-09 02:07:32.734000+00:00,b30daf9b-b3c1-43a4-b751-0fb86739ee89,ajs-next-1770602852734-219b8516-7b38-473e-8b36-ec99b07547fd,"Mozilla/5.0 (iPhone; CPU iPhone OS 26_2_1 like Mac OS X) AppleWebKit/605.1.15 (KHTML, like Gecko) GSA/406.0.862495628 Mobile/15E148 Safari/604.1",/business_profile/humble-home-architecture-1751319669665x621437589169731200,https://coloradocatholicbusinessdirectory.com/,,| Colorado Catholic Business Directory,https://coloradocatholicbusinessdirectory.com/business_profile/humble-home-architecture-1751319669665x621437589169731200,,profile,business_profile,/business_profile/humble-home-architecture-1751319669665x621437589169731200,https://coloradocatholicbusinessdirectory.com/,,| Colorado Catholic Business Directory,https://coloradocatholicbusinessdirectory.com/business_profile/humble-home-architecture-1751319669665x621437589169731200,1751319669665x621437589169731200,profile,business_profile,,,,,,,,,page
,2026-02-09 02:05:03.034000+00:00,b30daf9b-b3c1-43a4-b751-0fb86739ee89,ajs-next-1770602703034-65e78b78-eab7-460e-956f-b1287e85eca0,"Mozilla/5.0 (iPhone; CPU iPhone OS 26_2_1 like Mac OS X) AppleWebKit/605.1.15 (KHTML, like Gecko) GSA/406.0.862495628 Mobile/15E148 Safari/604.1",/search,https://coloradocatholicbusinessdirectory.com/,?query=Interior%20design&category=,Search | Colorado Catholic Business Directory,https://coloradocatholicbusinessdirectory.com/search?query=Interior%20design&category=,,search,search,/search,https://coloradocatholicbusinessdirectory.com/,?query=Interior%20design&category=,Search | Colorado Catholic Business Directory,https://coloradocatholicbusinessdirectory.com/search?query=Interior%20design&category=,,search,search,,,,,,,,,page
,2026-02-09 02:04:57.364000+00:00,b30daf9b-b3c1-43a4-b751-0fb86739ee89,ajs-next-1770602697364-c9e5ce4f-93ac-48ff-a517-304ece2fde47,"Mozilla/5.0 (iPhone; CPU iPhone OS 26_2_1 like Mac OS X) AppleWebKit/605.1.15 (KHTML, like Gecko) GSA/406.0.862495628 Mobile/15E148 Safari/604.1",/,,,Colorado Catholic Business Directory,https://coloradocatholicbusinessdirectory.com/,,,,,,,,,"1744335958024x226211831616957250, 1752717497153x537286585580736960, 1753374338412x209529915103450200, 1743547621069x279645472884266780, 1753982403438x535213824960417500, 1750436264420x989591292213482400, 1743549178851x847080663521240200, 1744579851707x640487742075829500",,,,,,,true,,,,impression
,2026-02-09 02:07:11.112000+00:00,b30daf9b-b3c1-43a4-b751-0fb86739ee89,ajs-next-1770602831112-ecb8dafd-c653-4942-aafa-4daa1f0b2813,"Mozilla/5.0 (iPhone; CPU iPhone OS 26_2_1 like Mac OS X) AppleWebKit/605.1.15 (KHTML, like Gecko) GSA/406.0.862495628 Mobile/15E148 Safari/604.1",/,,,Colorado Catholic Business Directory,https://coloradocatholicbusinessdirectory.com/,,,,,,,,,"1750436264420x989591292213482400, 1744579851707x640487742075829500, 1753982403438x535213824960417500, 1753374338412x209529915103450200, 1743547621069x279645472884266780, 1743549178851x847080663521240200, 1744335958024x226211831616957250, 1752717497153x537286585580736960",,,,,,,true,,,,impression
,2026-02-09 02:10:42.799000+00:00,b30daf9b-b3c1-43a4-b751-0fb86739ee89,ajs-next-1770603042799-9c2739b3-597f-47cf-97b8-2b09c8268faa,"Mozilla/5.0 (iPhone; CPU iPhone OS 26_2_1 like Mac OS X) AppleWebKit/605.1.15 (KHTML, like Gecko) GSA/406.0.862495628 Mobile/15E148 Safari/604.1",/,,,Colorado Catholic Business Directory,https://coloradocatholicbusinessdirectory.com/,,index,index,/,,,Colorado Catholic Business Directory,https://coloradocatholicbusinessdirectory.com/,,index,index,,,,,,,,,page
,2026-02-09 02:10:59.653000+00:00,b30daf9b-b3c1-43a4-b751-0fb86739ee89,ajs-next-1770603059653-c67962bb-ea1d-4875-abe0-dd438e42637f,"Mozilla/5.0 (iPhone; CPU iPhone OS 26_2_1 like Mac OS X) AppleWebKit/605.1.15 (KHTML, like Gecko) GSA/406.0.862495628 Mobile/15E148 Safari/604.1",/business_profile/her-seven-sorrows-1754941249648x796792188496967000,https://coloradocatholicbusinessdirectory.com/,,| Colorado Catholic Business Directory,https://coloradocatholicbusinessdirectory.com/business_profile/her-seven-sorrows-1754941249648x796792188496967000,,profile,business_profile,/business_profile/her-seven-sorrows-1754941249648x796792188496967000,https://coloradocatholicbusinessdirectory.com/,,| Colorado Catholic Business Directory,https://coloradocatholicbusinessdirectory.com/business_profile/her-seven-sorrows-1754941249648x796792188496967000,1754941249648x796792188496967000,profile,business_profile,,,,,,,,,page
,2026-02-09 02:10:50.889000+00:00,b30daf9b-b3c1-43a4-b751-0fb86739ee89,ajs-next-1770603050889-597f97cf-57b8-4b09-8826-8faa8713f7f3,"Mozilla/5.0 (iPhone; CPU iPhone OS 26_2_1 like Mac OS X) AppleWebKit/605.1.15 (KHTML, like Gecko) GSA/406.0.862495628 Mobile/15E148 Safari/604.1",/,,,Colorado Catholic Business Directory,https://coloradocatholicbusinessdirectory.com/,,,,,,,,,,,,,,,,,search,,,button_click
,2026-02-09 02:07:31.944000+00:00,b30daf9b-b3c1-43a4-b751-0fb86739ee89,ajs-next-1770602851944-aa78662a-eb2c-40bc-8d4e-c76f06eb4c53,"Mozilla/5.0 (iPhone; CPU iPhone OS 26_2_1 like Mac OS X) AppleWebKit/605.1.15 (KHTML, like Gecko) GSA/406.0.862495628 Mobile/15E148 Safari/604.1",/search,https://coloradocatholicbusinessdirectory.com/,?query=Architecture%20&category=,Search | Colorado Catholic Business Directory,https://coloradocatholicbusinessdirectory.com/search?query=Architecture%20&category=,,,,,,,,,1751319669665x621437589169731200,,,,,,,false,more_info_text,,,button_click
,2026-02-09 02:05:03.948000+00:00,b30daf9b-b3c1-43a4-b751-0fb86739ee89,ajs-next-1770602703948-760e956f-b128-4e85-aca0-8edd8639b13d,"Mozilla/5.0 (iPhone; CPU iPhone OS 26_2_1 like Mac OS X) AppleWebKit/605.1.15 (KHTML, like Gecko) GSA/406.0.862495628 Mobile/15E148 Safari/604.1",/search,https://coloradocatholicbusinessdirectory.com/,?query=Interior%20design&category=,Search | Colorado Catholic Business Directory,https://coloradocatholicbusinessdirectory.com/search?query=Interior%20design&category=,,,,,,,,,1753911193017x504194995643152640,,,,,,,false,,,,impression
,2026-02-09 02:04:38.934000+00:00,b30daf9b-b3c1-43a4-b751-0fb86739ee89,ajs-next-1770602678934-b3c173a4-f751-4fb8-a739-ee89140ac128,"Mozilla/5.0 (iPhone; CPU iPhone OS 26_2_1 like Mac OS X) AppleWebKit/605.1.15 (KHTML, like Gecko) GSA/406.0.862495628 Mobile/15E148 Safari/604.1",/,,,Colorado Catholic Business Directory,https://coloradocatholicbusinessdirectory.com/,,,,,,,,,"1743549178851x847080663521240200, 1744579851707x640487742075829500, 1752717497153x537286585580736960, 1743547621069x279645472884266780, 1753374338412x209529915103450200, 1744335958024x226211831616957250, 1753982403438x535213824960417500, 1750436264420x989591292213482400",,,,,,,true,,,,impression
,2026-02-09 02:06:59.394000+00:00,b30daf9b-b3c1-43a4-b751-0fb86739ee89,ajs-next-1770602819394-e32099f8-c1e4-4321-9b5d-b0a8e68f363d,"Mozilla/5.0 (iPhone; CPU iPhone OS 26_2_1 like Mac OS X) AppleWebKit/605.1.15 (KHTML, like Gecko) GSA/406.0.862495628 Mobile/15E148 Safari/604.1",/search,https://coloradocatholicbusinessdirectory.com/,?query=Interior%20design&category=,Search | Colorado Catholic Business Directory,https://coloradocatholicbusinessdirectory.com/search?query=Interior%20design&category=,,search,search,/search,https://coloradocatholicbusinessdirectory.com/,?query=Interior%20design&category=,Search | Colorado Catholic Business Directory,https://coloradocatholicbusinessdirectory.com/search?query=Interior%20design&category=,,search,search,,,,,,,,,page
,2026-02-09 02:07:18.349000+00:00,b30daf9b-b3c1-43a4-b751-0fb86739ee89,ajs-next-1770602838349-dafdc653-d942-4afa-8daa-1f0b2813fb9b,"Mozilla/5.0 (iPhone; CPU iPhone OS 26_2_1 like Mac OS X) AppleWebKit/605.1.15 (KHTML, like Gecko) GSA/406.0.862495628 Mobile/15E148 Safari/604.1",/,,,Colorado Catholic Business Directory,https://coloradocatholicbusinessdirectory.com/,,,,,,,,,,,,,,,,,search,,,button_click
,2026-02-09 02:07:20.320000+00:00,b30daf9b-b3c1-43a4-b751-0fb86739ee89,ajs-next-1770602840320-3637bfc0-aadb-4a78-a62a-eb2cc0bc0d4e,"Mozilla/5.0 (iPhone; CPU iPhone OS 26_2_1 like Mac OS X) AppleWebKit/605.1.15 (KHTML, like Gecko) GSA/406.0.862495628 Mobile/15E148 Safari/604.1",/search,https://coloradocatholicbusinessdirectory.com/,?query=Architecture%20&category=,Search | Colorado Catholic Business Directory,https://coloradocatholicbusinessdirectory.com/search?query=Architecture%20&category=,,,,,,,,,,,,,,,sidebar,true,,,,impression
,2026-02-09 02:10:43.260000+00:00,b30daf9b-b3c1-43a4-b751-0fb86739ee89,ajs-next-1770603043260-39b3597f-97cf-47b8-ab09-c8268faa8713,"Mozilla/5.0 (iPhone; CPU iPhone OS 26_2_1 like Mac OS X) AppleWebKit/605.1.15 (KHTML, like Gecko) GSA/406.0.862495628 Mobile/15E148 Safari/604.1",/,,,Colorado Catholic Business Directory,https://coloradocatholicbusinessdirectory.com/,,,,,,,,,"1753982403438x535213824960417500, 1750436264420x989591292213482400, 1752717497153x537286585580736960, 1743547621069x279645472884266780, 1753374338412x209529915103450200, 1743549178851x847080663521240200, 1744579851707x640487742075829500, 1744335958024x226211831616957250",,,,,,,true,,,,impression
,2026-02-09 02:07:20.932000+00:00,b30daf9b-b3c1-43a4-b751-0fb86739ee89,ajs-next-1770602840932-aadbaa78-662a-4b2c-80bc-0d4ec76f06eb,"Mozilla/5.0 (iPhone; CPU iPhone OS 26_2_1 like Mac OS X) AppleWebKit/605.1.15 (KHTML, like Gecko) GSA/406.0.862495628 Mobile/15E148 Safari/604.1",/search,https://coloradocatholicbusinessdirectory.com/,?query=Architecture%20&category=,Search | Colorado Catholic Business Directory,https://coloradocatholicbusinessdirectory.com/search?query=Architecture%20&category=,,,,,,,,,"1746467711533x453074785848415400, 1751319669665x621437589169731200, 1755533063776x956164571796881400",,,,,,,false,,,,impression
,2026-02-09 02:08:49.859000+00:00,b30daf9b-b3c1-43a4-b751-0fb86739ee89,ajs-next-1770602929859-35cfe61d-b917-4acb-b9ab-9af3dcdc440b,"Mozilla/5.0 (iPhone; CPU iPhone OS 26_2_1 like Mac OS X) AppleWebKit/605.1.15 (KHTML, like Gecko) GSA/406.0.862495628 Mobile/15E148 Safari/604.1",/search,https://coloradocatholicbusinessdirectory.com/,?query=Architecture%20&category=,Search | Colorado Catholic Business Directory,https://coloradocatholicbusinessdirectory.com/search?query=Architecture%20&category=,,,,,,,,,,,,,,,sidebar,true,,,,impression
,2026-02-09 02:10:58.692000+00:00,b30daf9b-b3c1-43a4-b751-0fb86739ee89,ajs-next-1770603058692-1f425ee9-ca1f-470d-b194-a5f635af067b,"Mozilla/5.0 (iPhone; CPU iPhone OS 26_2_1 like Mac OS X) AppleWebKit/605.1.15 (KHTML, like Gecko) GSA/406.0.862495628 Mobile/15E148 Safari/604.1",/search,https://coloradocatholicbusinessdirectory.com/,?query=Home%20decor&category=,Search | Colorado Catholic Business Directory,https://coloradocatholicbusinessdirectory.com/search?query=Home%20decor&category=,,,,,,,,,1754941249648x796792188496967000,,,,,,,false,more_info_text,,,button_click
,2026-02-09 02:07:00.008000+00:00,b30daf9b-b3c1-43a4-b751-0fb86739ee89,ajs-next-1770602820008-c1e4c321-1b5d-40a8-a68f-363dac2c43ee,"Mozilla/5.0 (iPhone; CPU iPhone OS 26_2_1 like Mac OS X) AppleWebKit/605.1.15 (KHTML, like Gecko) GSA/406.0.862495628 Mobile/15E148 Safari/604.1",/search,https://coloradocatholicbusinessdirectory.com/,?query=Interior%20design&category=,Search | Colorado Catholic Business Directory,https://coloradocatholicbusinessdirectory.com/search?query=Interior%20design&category=,,,,,,,,,1743549178851x847080663521240200,,,,,,main_list,true,,,,impression
,2026-02-09 02:10:51.194000+00:00,b30daf9b-b3c1-43a4-b751-0fb86739ee89,ajs-next-1770603051194-97cf57b8-2b09-4826-8faa-8713f7f3de27,"Mozilla/5.0 (iPhone; CPU iPhone OS 26_2_1 like Mac OS X) AppleWebKit/605.1.15 (KHTML, like Gecko) GSA/406.0.862495628 Mobile/15E148 Safari/604.1",/,,,Colorado Catholic Business Directory,https://coloradocatholicbusinessdirectory.com/,Home decor,,,,,,,,,,,,,,,,,,,search
,2026-02-09 02:07:20.015000+00:00,b30daf9b-b3c1-43a4-b751-0fb86739ee89,ajs-next-1770602840015-98273637-bfc0-4adb-aa78-662aeb2cc0bc,"Mozilla/5.0 (iPhone; CPU iPhone OS 26_2_1 like Mac OS X) AppleWebKit/605.1.15 (KHTML, like Gecko) GSA/406.0.862495628 Mobile/15E148 Safari/604.1",/search,https://coloradocatholicbusinessdirectory.com/,?query=Architecture%20&category=,Search | Colorado Catholic Business Directory,https://coloradocatholicbusinessdirectory.com/search?query=Architecture%20&category=,,search,search,/search,https://coloradocatholicbusinessdirectory.com/,?query=Architecture%20&category=,Search | Colorado Catholic Business Directory,https://coloradocatholicbusinessdirectory.com/search?query=Architecture%20&category=,,search,search,,,,,,,,,page
,2026-02-09 02:10:52.791000+00:00,b30daf9b-b3c1-43a4-b751-0fb86739ee89,ajs-next-1770603052791-fbe9a4c0-f18e-4f42-9ee9-ca1fa70d3194,"Mozilla/5.0 (iPhone; CPU iPhone OS 26_2_1 like Mac OS X) AppleWebKit/605.1.15 (KHTML, like Gecko) GSA/406.0.862495628 Mobile/15E148 Safari/604.1",/search,https://coloradocatholicbusinessdirectory.com/,?query=Home%20decor&category=,Search | Colorado Catholic Business Directory,https://coloradocatholicbusinessdirectory.com/search?query=Home%20decor&category=,,,,,,,,,,,,,,,sidebar,true,,,,impression
,2026-02-09 02:08:50.469000+00:00,b30daf9b-b3c1-43a4-b751-0fb86739ee89,ajs-next-1770602930469-b917dacb-79ab-4af3-9cdc-440b28e296df,"Mozilla/5.0 (iPhone; CPU iPhone OS 26_2_1 like Mac OS X) AppleWebKit/605.1.15 (KHTML, like Gecko) GSA/406.0.862495628 Mobile/15E148 Safari/604.1",/search,https://coloradocatholicbusinessdirectory.com/,?query=Architecture%20&category=,Search | Colorado Catholic Business Directory,https://coloradocatholicbusinessdirectory.com/search?query=Architecture%20&category=,,,,,,,,,"1746467711533x453074785848415400, 1755533063776x956164571796881400, 1751319669665x621437589169731200",,,,,,,false,,,,impression
,2026-02-09 02:10:53.398000+00:00,b30daf9b-b3c1-43a4-b751-0fb86739ee89,ajs-next-1770603053398-f18e1f42-5ee9-4a1f-a70d-3194a5f635af,"Mozilla/5.0 (iPhone; CPU iPhone OS 26_2_1 like Mac OS X) AppleWebKit/605.1.15 (KHTML, like Gecko) GSA/406.0.862495628 Mobile/15E148 Safari/604.1",/search,https://coloradocatholicbusinessdirectory.com/,?query=Home%20decor&category=,Search | Colorado Catholic Business Directory,https://coloradocatholicbusinessdirectory.com/search?query=Home%20decor&category=,,,,,,,,,"1753911193017x504194995643152640, 1754941249648x796792188496967000",,,,,,,false,,,,impression
,2026-02-09 04:38:49.699000+00:00,c74a7399-a27c-4316-963b-673458955b5b,ajs-next-1770611929699-50c74a73-99a2-4c83-9696-3b673458955b,"""Mozilla/5.0 (Macintosh; Intel Mac OS X 10_15_7) AppleWebKit/537.36 (KHTML, like Gecko) Chrome/142.0.0.0 Safari/537.36""",/start,,?login=no,Login,https://coloradocatholicbusinessdirectory.com/start?login=no,,start,start,/start,,?login=no,Login,https://coloradocatholicbusinessdirectory.com/start?login=no,,start,start,"[{'brand': 'Not:A-Brand', 'version': '24'}, {'brand': 'Chromium', 'version': '134'}]",False,Linux,,,,,,page
,2026-02-09 06:17:02.780000+00:00,40049b74-e3bb-479f-8667-abf66a8da010,ajs-next-1770617822780-ed33f1c2-06f2-4cba-b0f0-654b4e89d962,"""Mozilla/5.0 (Macintosh; Intel Mac OS X 10_15_7) AppleWebKit/537.36 (KHTML, like Gecko) Chrome/142.0.0.0 Safari/537.36""",/start,,?login=no,Login,https://coloradocatholicbusinessdirectory.com/start?login=no,,start,start,/start,,?login=no,Login,https://coloradocatholicbusinessdirectory.com/start?login=no,,start,start,"[{'brand': 'Not:A-Brand', 'version': '24'}, {'brand': 'Chromium', 'version': '134'}]",False,Linux,,,,,,page
,2026-02-09 06:16:41.951000+00:00,40049b74-e3bb-479f-8667-abf66a8da010,ajs-next-1770617801951-304c5b15-ea0a-461c-b47c-63651da08f1d,"""Mozilla/5.0 (Macintosh; Intel Mac OS X 10_15_7) AppleWebKit/537.36 (KHTML, like Gecko) Chrome/142.0.0.0 Safari/537.36""",/business_profile/roof-technologies-llc-1744579851707x640487742075829500,,,| Colorado Catholic Business Directory,https://coloradocatholicbusinessdirectory.com/business_profile/roof-technologies-llc-1744579851707x640487742075829500,,profile,business_profile,/business_profile/roof-technologies-llc-1744579851707x640487742075829500,,,| Colorado Catholic Business Directory,https://coloradocatholicbusinessdirectory.com/business_profile/roof-technologies-llc-1744579851707x640487742075829500,1744579851707x640487742075829500,profile,business_profile,"[{'brand': 'Not:A-Brand', 'version': '24'}, {'brand': 'Chromium', 'version': '134'}]",False,Linux,,,,,,page
,2026-02-09 06:16:37.955000+00:00,40049b74-e3bb-479f-8667-abf66a8da010,ajs-next-1770617797955-be627487-b7a4-4c84-84ec-442510fb3577,"""Mozilla/5.0 (Macintosh; Intel Mac OS X 10_15_7) AppleWebKit/537.36 (KHTML, like Gecko) Chrome/142.0.0.0 Safari/537.36""",/business_profile/spark-marketing--consulting-llc-1753374338412x209529915103450200,,,| Colorado Catholic Business Directory,https://coloradocatholicbusinessdirectory.com/business_profile/spark-marketing--consulting-llc-1753374338412x209529915103450200,,profile,business_profile,/business_profile/spark-marketing--consulting-llc-1753374338412x209529915103450200,,,| Colorado Catholic Business Directory,https://coloradocatholicbusinessdirectory.com/business_profile/spark-marketing--consulting-llc-1753374338412x209529915103450200,1753374338412x209529915103450200,profile,business_profile,"[{'brand': 'Not:A-Brand', 'version': '24'}, {'brand': 'Chromium', 'version': '134'}]",False,Linux,,,,,,page
,2026-02-09 06:16:31.977000+00:00,40049b74-e3bb-479f-8667-abf66a8da010,ajs-next-1770617791977-7b40049b-74e3-4bb7-9f06-67abf66a8da0,"""Mozilla/5.0 (Macintosh; Intel Mac OS X 10_15_7) AppleWebKit/537.36 (KHTML, like Gecko) Chrome/142.0.0.0 Safari/537.36""",/business_profile/fidelis-catholic-credit-union-1753982403438x535213824960417500,,,| Colorado Catholic Business Directory,https://coloradocatholicbusinessdirectory.com/business_profile/fidelis-catholic-credit-union-1753982403438x535213824960417500,,profile,business_profile,/business_profile/fidelis-catholic-credit-union-1753982403438x535213824960417500,,,| Colorado Catholic Business Directory,https://coloradocatholicbusinessdirectory.com/business_profile/fidelis-catholic-credit-union-1753982403438x535213824960417500,1753982403438x535213824960417500,profile,business_profile,"[{'brand': 'Not:A-Brand', 'version': '24'}, {'brand': 'Chromium', 'version': '134'}]",False,Linux,,,,,,page
,2026-02-09 07:45:59.414000+00:00,4bca602f-1c2a-447f-bb5d-699858e7986b,ajs-next-1770623159414-cc4bca60-2f1c-4a14-bffb-5d699858e798,"""Mozilla/5.0 (Macintosh; Intel Mac OS X 10_15_7) AppleWebKit/537.36 (KHTML, like Gecko) Chrome/142.0.0.0 Safari/537.36""",/start,,?login=no,Login,https://coloradocatholicbusinessdirectory.com/start?login=no,,start,start,/start,,?login=no,Login,https://coloradocatholicbusinessdirectory.com/start?login=no,,start,start,"[{'brand': 'Not:A-Brand', 'version': '24'}, {'brand': 'Chromium', 'version': '134'}]",False,Linux,,,,,,page
,2026-02-09 09:02:30.162000+00:00,15d62ef4-9644-44ce-a833-39d4c95a5b1c,ajs-next-1770627750162-6415d62e-f496-4474-8ee8-3339d4c95a5b,"""Mozilla/5.0 (Macintosh; Intel Mac OS X 10_15_7) AppleWebKit/537.36 (KHTML, like Gecko) Chrome/142.0.0.0 Safari/537.36""",/business_profile/talitha-koum-sourdough-1743549178851x847080663521240200,,,| Colorado Catholic Business Directory,https://coloradocatholicbusinessdirectory.com/business_profile/talitha-koum-sourdough-1743549178851x847080663521240200,,profile,business_profile,/business_profile/talitha-koum-sourdough-1743549178851x847080663521240200,,,| Colorado Catholic Business Directory,https://coloradocatholicbusinessdirectory.com/business_profile/talitha-koum-sourdough-1743549178851x847080663521240200,1743549178851x847080663521240200,profile,business_profile,"[{'brand': 'Not:A-Brand', 'version': '24'}, {'brand': 'Chromium', 'version': '134'}]",False,Linux,,,,,,page
,2026-02-09 11:27:37.908000+00:00,b5dd0329-2852-4073-8c7d-81214e9e811f,ajs-next-1770636457908-1206d630-209c-4be6-942e-149de0fc3bb7,"""Mozilla/5.0 (Macintosh; Intel Mac OS X 10_15_7) AppleWebKit/537.36 (KHTML, like Gecko) Chrome/142.0.0.0 Safari/537.36""",/business_profile/fidelis-catholic-credit-union-1753982403438x535213824960417500,,,| Colorado Catholic Business Directory,https://coloradocatholicbusinessdirectory.com/business_profile/fidelis-catholic-credit-union-1753982403438x535213824960417500,,profile,business_profile,/business_profile/fidelis-catholic-credit-union-1753982403438x535213824960417500,,,| Colorado Catholic Business Directory,https://coloradocatholicbusinessdirectory.com/business_profile/fidelis-catholic-credit-union-1753982403438x535213824960417500,1753982403438x535213824960417500,profile,business_profile,"[{'brand': 'Not:A-Brand', 'version': '24'}, {'brand': 'Chromium', 'version': '134'}]",False,Linux,,,,,,page
,2026-02-09 11:27:32.910000+00:00,b5dd0329-2852-4073-8c7d-81214e9e811f,ajs-next-1770636452910-7632c3e0-b4ae-4673-8784-3cb7fda7b66b,"""Mozilla/5.0 (Macintosh; Intel Mac OS X 10_15_7) AppleWebKit/537.36 (KHTML, like Gecko) Chrome/142.0.0.0 Safari/537.36""",/business_profile/office-rebel-freelance-secretary-1752717497153x537286585580736960,,,| Colorado Catholic Business Directory,https://coloradocatholicbusinessdirectory.com/business_profile/office-rebel-freelance-secretary-1752717497153x537286585580736960,,profile,business_profile,/business_profile/office-rebel-freelance-secretary-1752717497153x537286585580736960,,,| Colorado Catholic Business Directory,https://coloradocatholicbusinessdirectory.com/business_profile/office-rebel-freelance-secretary-1752717497153x537286585580736960,1752717497153x537286585580736960,profile,business_profile,"[{'brand': 'Not:A-Brand', 'version': '24'}, {'brand': 'Chromium', 'version': '134'}]",False,Linux,,,,,,page
,2026-02-09 11:27:27.975000+00:00,b5dd0329-2852-4073-8c7d-81214e9e811f,ajs-next-1770636447975-dbb5dd03-2928-42b0-b3cc-7d81214e9e81,"""Mozilla/5.0 (Macintosh; Intel Mac OS X 10_15_7) AppleWebKit/537.36 (KHTML, like Gecko) Chrome/142.0.0.0 Safari/537.36""",/business_profile/roof-technologies-llc-1744579851707x640487742075829500,,,| Colorado Catholic Business Directory,https://coloradocatholicbusinessdirectory.com/business_profile/roof-technologies-llc-1744579851707x640487742075829500,,profile,business_profile,/business_profile/roof-technologies-llc-1744579851707x640487742075829500,,,| Colorado Catholic Business Directory,https://coloradocatholicbusinessdirectory.com/business_profile/roof-technologies-llc-1744579851707x640487742075829500,1744579851707x640487742075829500,profile,business_profile,"[{'brand': 'Not:A-Brand', 'version': '24'}, {'brand': 'Chromium', 'version': '134'}]",False,Linux,,,,,,page
1743547621069x279645472884266780,2026-02-09 16:42:32.922000+00:00,4afaca51-6fac-4730-9069-ac8f92734313,ajs-next-1770655352922-5eb8ac57-5611-44ce-948b-3bd68e2fa856,"Mozilla/5.0 (Macintosh; Intel Mac OS X 10_15_7) AppleWebKit/537.36 (KHTML, like Gecko) Chrome/144.0.0.0 Safari/537.36",/,https://coloradocatholics.biz/,,Colorado Catholic Business Directory,https://coloradocatholicbusinessdirectory.com/,,,,,,,,,"1744579851707x640487742075829500, 1744335958024x226211831616957250, 1753982403438x535213824960417500, 1743549178851x847080663521240200, 1752717497153x537286585580736960, 1750436264420x989591292213482400, 1753374338412x209529915103450200, 1743547621069x279645472884266780",,,"[{'brand': 'Not(A:Brand', 'version': '8'}, {'brand': 'Chromium', 'version': '144'}, {'brand': 'Google Chrome', 'version': '144'}]",False,macOS,,true,,,,impression
1743547621069x279645472884266780,2026-02-09 16:42:35.772000+00:00,4afaca51-6fac-4730-9069-ac8f92734313,ajs-next-1770655355772-7243ad67-c22f-4de8-b23d-6b245cd9e43e,"Mozilla/5.0 (Macintosh; Intel Mac OS X 10_15_7) AppleWebKit/537.36 (KHTML, like Gecko) Chrome/144.0.0.0 Safari/537.36",/search,https://coloradocatholicbusinessdirectory.com/,,Search | Colorado Catholic Business Directory,https://coloradocatholicbusinessdirectory.com/search,,,,,,,,,"1745597587022x519433479989605000, 1744134674881x127285411168640110, 1753135741395x558904608479141570, 1768426055630x579798080961828200, 1749068120323x412920063824988600, 1744760380914x558772773612561600, 1762957766158x632118084948257900, 1764893879099x465248075524681500, 1749742920378x965836759111504900, 1748365021326x105262688542451250, 1744157592334x292550965261606100, 1762271200864x775090106640580500, 1764963280733x431041418968701760, 1753374338412x209529915103450200, 1753985929691x853149258569598100, 1761044854709x307607562836745150, 1745273541628x945470626229355500, 1757438153395x416809556103947500, 1765991015203x350068785849064760, 1744907031541x119079844893356540, 1750783674403x491887953737125700, 1768427614253x929508274229176300, 1750784029587x963255839088365200, 1753911193017x504194995643152640, 1759423986281x805514757919405700, 1744260813114x505427712482621440, 1744175271939x575064790204550460, 1754084205128x675147807630683600, 1754081360962x724252535884739300, 1766070455303x639821695383855700, 1744397288473x909294892772270800, 1757355028996x505189727810192200, 1747420152884x437771544876149700, 1759153763139x433792388290277000, 1747163465846x476237095610093000, 1751402056748x637551618886434600, 1761930377989x951815782791809400, 1764781838221x716772635359430500, 1761762406893x958878656538368500, 1757437593796x460281345015416640, 1754624056001x759184470890143000, 1744751205492x235134337285239230, 1754927931120x470668069008822300, 1765001972595x338020444395840100, 1751749348389x952656707958261400, 1744643921578x315333816253624100, 1744391553368x301043576290850300, 1747594874125x270237571814453630, 1746855895334x711816173120128000, 1746631267951x741803061642879500, 1758120880051x675194275556497400, 1768584016102x834619843946063900, 1755271286521x378031808974615550, 1760458225389x690604949380638100, 1752687366861x422755081931784260, 1750784475796x702583457937545900, 1747170561218x640297169073643000, 1747398900475x598159844147748100, 1762364811793x796217509980630800, 1762889659042x996969350831174300, 1750783679107x801419812763124500, 1745528732739x896561533370513300, 1749057953945x756346430245684600, 1744398484109x785674167096991400, 1747848709032x210920410073364830, 1746938798847x931997689495082400, 1763509156539x144450665564595840, 1744737250347x219277345743008400, 1748581534531x956271769254002200, 1753982403438x535213824960417500, 1751224250248x539537516841198200, 1744579851707x640487742075829500, 1744282156200x727555159743162000, 1757369121056x350487849823425600, 1758568877707x715638242996164100, 1744736810207x919925185055488400, 1754941249648x796792188496967000, 1747216018889x770977089491677400, 1768238584049x399775147114029200, 1769719058268x843927058977011000, 1753465897836x101289632151690960, 1764711530894x480989914892320700, 1747183179554x540122160625888100, 1768581853937x610498789092930300, 1755621956288x571897163769246900, 1763148950401x545361905340972600, 1744748222708x779656090283929300, 1763672237927x725969385673238800, 1764342295066x618134664283571500, 1770152894907x464897480736850900, 1743547621069x279645472884266780, 1769635123521x385801932800474700, 1763569204895x378265538177280400, 1761762460002x434978052003146300, 1755533063776x956164571796881400, 1746843461447x686795565273950000, 1763305551668x997299018011994600, 1747415704843x665338483592092500, 1743549178851x847080663521240200, 1760118921086x941497076227920600, 1765399408996x262641226191956400, 1763408145585x201322720695875870, 1750423781412x480534435350699700, 1752182630575x854371423894944000, 1761919898226x928695665795906700, 1746467711533x453074785848415400, 1758147388607x898014240790697700, 1752717497153x537286585580736960, 1746765568691x979794717919274100, 1747184079669x994211808429350800, 1750436264420x989591292213482400, 1744743906400x631087870982087000, 1746548006831x128230088489826860, 1749173974503x736079030141835600, 1747827548541x313848517899538500, 1746827109704x963221719337950200, 1747221865162x703532834449508000, 1758312173588x895819358343598700, 1750785338983x949958887494882000, 1768844277981x664142917381285000, 1749580724532x760028975589297300, 1751744301621x758526182685981300, 1759930025997x126109694575208930, 1747864432460x772931238395911000, 1754949567759x639105313824555300, 1746635677548x343522492232585660, 1744319857648x144922844539837200, 1747165674437x491901038958021200, 1754505203290x671062062407191900, 1744335958024x226211831616957250, 1766011883106x917993758751800300, 1751319669665x621437589169731200, 1747185390251x665604546429507900, 1744740154739x566945822952470660, 1748389292320x918627677903932400, 1757720364741x595714121363069200, 1745533127765x291393362647413700, 1763255155587x707008769292458900, 1753909381745x872991521395046100, 1751425811600x127124815802215140",,,"[{'brand': 'Not(A:Brand', 'version': '8'}, {'brand': 'Chromium', 'version': '144'}, {'brand': 'Google Chrome', 'version': '144'}]",False,macOS,,false,,,,impression
1743547621069x279645472884266780,2026-02-09 16:42:35.467000+00:00,4afaca51-6fac-4730-9069-ac8f92734313,ajs-next-1770655355467-53297243-ad67-422f-ade8-f23d6b245cd9,"Mozilla/5.0 (Macintosh; Intel Mac OS X 10_15_7) AppleWebKit/537.36 (KHTML, like Gecko) Chrome/144.0.0.0 Safari/537.36",/search,https://coloradocatholicbusinessdirectory.com/,,Search | Colorado Catholic Business Directory,https://coloradocatholicbusinessdirectory.com/search,,,,,,,,,1750436264420x989591292213482400,,,"[{'brand': 'Not(A:Brand', 'version': '8'}, {'brand': 'Chromium', 'version': '144'}, {'brand': 'Google Chrome', 'version': '144'}]",False,macOS,main_list,true,,,,impression
1743547621069x279645472884266780,2026-02-09 16:42:35.163000+00:00,4afaca51-6fac-4730-9069-ac8f92734313,ajs-next-1770655355163-317e5329-7243-4d67-822f-ade8f23d6b24,"Mozilla/5.0 (Macintosh; Intel Mac OS X 10_15_7) AppleWebKit/537.36 (KHTML, like Gecko) Chrome/144.0.0.0 Safari/537.36",/search,https://coloradocatholicbusinessdirectory.com/,,Search | Colorado Catholic Business Directory,https://coloradocatholicbusinessdirectory.com/search,,,,,,,,,,,,"[{'brand': 'Not(A:Brand', 'version': '8'}, {'brand': 'Chromium', 'version': '144'}, {'brand': 'Google Chrome', 'version': '144'}]",False,macOS,sidebar,true,,,,impression
1743547621069x279645472884266780,2026-02-09 16:42:34.825000+00:00,4afaca51-6fac-4730-9069-ac8f92734313,ajs-next-1770655354825-c4ba317e-5329-4243-ad67-c22fade8f23d,"Mozilla/5.0 (Macintosh; Intel Mac OS X 10_15_7) AppleWebKit/537.36 (KHTML, like Gecko) Chrome/144.0.0.0 Safari/537.36",/search,https://coloradocatholicbusinessdirectory.com/,,Search | Colorado Catholic Business Directory,https://coloradocatholicbusinessdirectory.com/search,,search,search,/search,https://coloradocatholicbusinessdirectory.com/,,Search | Colorado Catholic Business Directory,https://coloradocatholicbusinessdirectory.com/search,,search,search,"[{'brand': 'Not(A:Brand', 'version': '8'}, {'brand': 'Chromium', 'version': '144'}, {'brand': 'Google Chrome', 'version': '144'}]",False,macOS,,,,,,page
1743547621069x279645472884266780,2026-02-09 16:42:32.488000+00:00,4afaca51-6fac-4730-9069-ac8f92734313,ajs-next-1770655352488-90025eb8-ac57-4611-b4ce-548b3bd68e2f,"Mozilla/5.0 (Macintosh; Intel Mac OS X 10_15_7) AppleWebKit/537.36 (KHTML, like Gecko) Chrome/144.0.0.0 Safari/537.36",/,https://coloradocatholics.biz/,,Colorado Catholic Business Directory,https://coloradocatholicbusinessdirectory.com/,,index,index,/,https://coloradocatholics.biz/,,Colorado Catholic Business Directory,https://coloradocatholicbusinessdirectory.com/,,index,index,"[{'brand': 'Not(A:Brand', 'version': '8'}, {'brand': 'Chromium', 'version': '144'}, {'brand': 'Google Chrome', 'version': '144'}]",False,macOS,,,,,,page
,2026-02-09 20:57:57.886000+00:00,510cacd3-bcf1-440c-8fb5-1bc0c26f1999,ajs-next-1770670677886-90ee0a76-38bb-47ff-aec6-8304e2a4da43,"Mozilla/5.0 (Windows NT 10.0; Win64; x64) AppleWebKit/537.36 (KHTML, like Gecko) Chrome/144.0.0.0 Safari/537.36",/search,https://coloradocatholicbusinessdirectory.com/,?query=Littleton&category=,Search | Colorado Catholic Business Directory,https://coloradocatholicbusinessdirectory.com/search?query=Littleton&category=,,search,search,/search,https://coloradocatholicbusinessdirectory.com/,?query=Littleton&category=,Search | Colorado Catholic Business Directory,https://coloradocatholicbusinessdirectory.com/search?query=Littleton&category=,,search,search,"[{'brand': 'Not(A:Brand', 'version': '8'}, {'brand': 'Chromium', 'version': '144'}, {'brand': 'Google Chrome', 'version': '144'}]",False,Windows,,,,,,page
,2026-02-09 20:57:38.743000+00:00,510cacd3-bcf1-440c-8fb5-1bc0c26f1999,ajs-next-1770670658743-acd3bcf1-840c-4fb5-9bc0-c26f1999b928,"Mozilla/5.0 (Windows NT 10.0; Win64; x64) AppleWebKit/537.36 (KHTML, like Gecko) Chrome/144.0.0.0 Safari/537.36",/,https://www.google.com/,,Colorado Catholic Business Directory,https://coloradocatholicbusinessdirectory.com/,,,,,,,,,"1743547621069x279645472884266780, 1743549178851x847080663521240200, 1750436264420x989591292213482400, 1744579851707x640487742075829500, 1753982403438x535213824960417500, 1753374338412x209529915103450200, 1752717497153x537286585580736960, 1744335958024x226211831616957250",,,"[{'brand': 'Not(A:Brand', 'version': '8'}, {'brand': 'Chromium', 'version': '144'}, {'brand': 'Google Chrome', 'version': '144'}]",False,Windows,,true,,,,impression
,2026-02-09 20:59:06.882000+00:00,510cacd3-bcf1-440c-8fb5-1bc0c26f1999,ajs-next-1770670746882-0ff6ae5e-07ee-4191-9b53-c087e56c9972,"Mozilla/5.0 (Windows NT 10.0; Win64; x64) AppleWebKit/537.36 (KHTML, like Gecko) Chrome/144.0.0.0 Safari/537.36",/business_profile/ordo-melchisedech-clerical-attire-and-vestments-llc-1765001972595x338020444395840100,https://coloradocatholicbusinessdirectory.com/,,| Colorado Catholic Business Directory,https://coloradocatholicbusinessdirectory.com/business_profile/ordo-melchisedech-clerical-attire-and-vestments-llc-1765001972595x338020444395840100,,profile,business_profile,/business_profile/ordo-melchisedech-clerical-attire-and-vestments-llc-1765001972595x338020444395840100,https://coloradocatholicbusinessdirectory.com/,,| Colorado Catholic Business Directory,https://coloradocatholicbusinessdirectory.com/business_profile/ordo-melchisedech-clerical-attire-and-vestments-llc-1765001972595x338020444395840100,1765001972595x338020444395840100,profile,business_profile,"[{'brand': 'Not(A:Brand', 'version': '8'}, {'brand': 'Chromium', 'version': '144'}, {'brand': 'Google Chrome', 'version': '144'}]",False,Windows,,,,,,page
,2026-02-09 21:00:55.089000+00:00,510cacd3-bcf1-440c-8fb5-1bc0c26f1999,ajs-next-1770670855089-a95122d9-5309-490c-8fb2-8d508a5666ca,"Mozilla/5.0 (Windows NT 10.0; Win64; x64) AppleWebKit/537.36 (KHTML, like Gecko) Chrome/144.0.0.0 Safari/537.36",/search,https://coloradocatholicbusinessdirectory.com/,?query=Littleton&category=,Search | Colorado Catholic Business Directory,https://coloradocatholicbusinessdirectory.com/search?query=Littleton&category=,,,,,,,,,1743547621069x279645472884266780,,,"[{'brand': 'Not(A:Brand', 'version': '8'}, {'brand': 'Chromium', 'version': '144'}, {'brand': 'Google Chrome', 'version': '144'}]",False,Windows,main_list,true,,,,impression
,2026-02-09 21:02:58.832000+00:00,510cacd3-bcf1-440c-8fb5-1bc0c26f1999,ajs-next-1770670978832-4f43815f-2652-44b4-be8e-b2d887c25dc8,"Mozilla/5.0 (Windows NT 10.0; Win64; x64) AppleWebKit/537.36 (KHTML, like Gecko) Chrome/144.0.0.0 Safari/537.36",/search,https://coloradocatholicbusinessdirectory.com/,?query=Greenwood%20Village&category=,Search | Colorado Catholic Business Directory,https://coloradocatholicbusinessdirectory.com/search?query=Greenwood%20Village&category=,,search,search,/search,https://coloradocatholicbusinessdirectory.com/,?query=Greenwood%20Village&category=,Search | Colorado Catholic Business Directory,https://coloradocatholicbusinessdirectory.com/search?query=Greenwood%20Village&category=,,search,search,"[{'brand': 'Not(A:Brand', 'version': '8'}, {'brand': 'Chromium', 'version': '144'}, {'brand': 'Google Chrome', 'version': '144'}]",False,Windows,,,,,,page
,2026-02-09 21:00:37.837000+00:00,510cacd3-bcf1-440c-8fb5-1bc0c26f1999,ajs-next-1770670837837-e8889df2-52f0-4409-8531-a714dcadff8c,"Mozilla/5.0 (Windows NT 10.0; Win64; x64) AppleWebKit/537.36 (KHTML, like Gecko) Chrome/144.0.0.0 Safari/537.36",/search,https://coloradocatholicbusinessdirectory.com/,?query=Littleton&category=,Search | Colorado Catholic Business Directory,https://coloradocatholicbusinessdirectory.com/search?query=Littleton&category=,,,,,,,,,1744579851707x640487742075829500,,,"[{'brand': 'Not(A:Brand', 'version': '8'}, {'brand': 'Chromium', 'version': '144'}, {'brand': 'Google Chrome', 'version': '144'}]",False,Windows,main_list,true,,,,impression
,2026-02-09 20:57:39.049000+00:00,510cacd3-bcf1-440c-8fb5-1bc0c26f1999,ajs-next-1770670659049-bcf1840c-4fb5-4bc0-826f-1999b928a4a7,"Mozilla/5.0 (Windows NT 10.0; Win64; x64) AppleWebKit/537.36 (KHTML, like Gecko) Chrome/144.0.0.0 Safari/537.36",/,https://www.google.com/,,Colorado Catholic Business Directory,https://coloradocatholicbusinessdirectory.com/,,,,,,,,,"1743547621069x279645472884266780, 1743549178851x847080663521240200, 1750436264420x989591292213482400, 1744579851707x640487742075829500, 1753982403438x535213824960417500, 1753374338412x209529915103450200, 1752717497153x537286585580736960, 1744335958024x226211831616957250",,,"[{'brand': 'Not(A:Brand', 'version': '8'}, {'brand': 'Chromium', 'version': '144'}, {'brand': 'Google Chrome', 'version': '144'}]",False,Windows,,true,,,,impression
,2026-02-09 20:57:55.526000+00:00,510cacd3-bcf1-440c-8fb5-1bc0c26f1999,ajs-next-1770670675526-4fb51bc0-c26f-4999-b928-a4a71f6db199,"Mozilla/5.0 (Windows NT 10.0; Win64; x64) AppleWebKit/537.36 (KHTML, like Gecko) Chrome/144.0.0.0 Safari/537.36",/,https://www.google.com/,,Colorado Catholic Business Directory,https://coloradocatholicbusinessdirectory.com/,Littleton,,,,,,,,,,,"[{'brand': 'Not(A:Brand', 'version': '8'}, {'brand': 'Chromium', 'version': '144'}, {'brand': 'Google Chrome', 'version': '144'}]",False,Windows,,,,,,search
,2026-02-09 21:00:38.156000+00:00,510cacd3-bcf1-440c-8fb5-1bc0c26f1999,ajs-next-1770670838156-9df252f0-0409-4531-a714-dcadff8ceaa0,"Mozilla/5.0 (Windows NT 10.0; Win64; x64) AppleWebKit/537.36 (KHTML, like Gecko) Chrome/144.0.0.0 Safari/537.36",/search,https://coloradocatholicbusinessdirectory.com/,?query=Littleton&category=,Search | Colorado Catholic Business Directory,https://coloradocatholicbusinessdirectory.com/search?query=Littleton&category=,,,,,,,,,"1769635123521x385801932800474700, 1744282156200x727555159743162000, 1750783679107x801419812763124500, 1744398484109x785674167096991400, 1744157592334x292550965261606100, 1747420152884x437771544876149700, 1747183179554x540122160625888100, 1744579851707x640487742075829500, 1746855895334x711816173120128000, 1744751205492x235134337285239230, 1751319669665x621437589169731200, 1746843461447x686795565273950000, 1748389292320x918627677903932400, 1754941249648x796792188496967000, 1745528732739x896561533370513300, 1743549178851x847080663521240200, 1744907031541x119079844893356540, 1764781838221x716772635359430500, 1753911193017x504194995643152640, 1751749348389x952656707958261400, 1748581534531x956271769254002200, 1765001972595x338020444395840100, 1754927931120x470668069008822300, 1750785338983x949958887494882000, 1745597587022x519433479989605000, 1752182630575x854371423894944000, 1762889659042x996969350831174300, 1745533127765x291393362647413700, 1746938798847x931997689495082400, 1749173974503x736079030141835600, 1744260813114x505427712482621440, 1759930025997x126109694575208930, 1751744301621x758526182685981300, 1746548006831x128230088489826860, 1761919898226x928695665795906700, 1745273541628x945470626229355500, 1753982403438x535213824960417500, 1750436264420x989591292213482400, 1746827109704x963221719337950200, 1744319857648x144922844539837200, 1752687366861x422755081931784260, 1765399408996x262641226191956400, 1750784475796x702583457937545900, 1743547621069x279645472884266780, 1744737250347x219277345743008400, 1751224250248x539537516841198200, 1744335958024x226211831616957250, 1761762406893x958878656538368500",,,"[{'brand': 'Not(A:Brand', 'version': '8'}, {'brand': 'Chromium', 'version': '144'}, {'brand': 'Google Chrome', 'version': '144'}]",False,Windows,,false,,,,impression
,2026-02-09 21:01:54.339000+00:00,510cacd3-bcf1-440c-8fb5-1bc0c26f1999,ajs-next-1770670914339-8a5666ca-cb7e-4227-b20a-e5a7827df766,"Mozilla/5.0 (Windows NT 10.0; Win64; x64) AppleWebKit/537.36 (KHTML, like Gecko) Chrome/144.0.0.0 Safari/537.36",/search,https://coloradocatholicbusinessdirectory.com/,?query=Englewood&category=,Search | Colorado Catholic Business Directory,https://coloradocatholicbusinessdirectory.com/search?query=Englewood&category=,,,,,,,,,1743547621069x279645472884266780,,,"[{'brand': 'Not(A:Brand', 'version': '8'}, {'brand': 'Chromium', 'version': '144'}, {'brand': 'Google Chrome', 'version': '144'}]",False,Windows,main_list,true,,,,impression
,2026-02-09 21:00:43.031000+00:00,510cacd3-bcf1-440c-8fb5-1bc0c26f1999,ajs-next-1770670843031-07997928-8a9c-4df6-b48b-aef4cffb7a56,"Mozilla/5.0 (Windows NT 10.0; Win64; x64) AppleWebKit/537.36 (KHTML, like Gecko) Chrome/144.0.0.0 Safari/537.36",/business_profile/the-little-flower-market--1746855895334x711816173120128000,https://coloradocatholicbusinessdirectory.com/,,| Colorado Catholic Business Directory,https://coloradocatholicbusinessdirectory.com/business_profile/the-little-flower-market--1746855895334x711816173120128000,,profile,business_profile,/business_profile/the-little-flower-market--1746855895334x711816173120128000,https://coloradocatholicbusinessdirectory.com/,,| Colorado Catholic Business Directory,https://coloradocatholicbusinessdirectory.com/business_profile/the-little-flower-market--1746855895334x711816173120128000,1746855895334x711816173120128000,profile,business_profile,"[{'brand': 'Not(A:Brand', 'version': '8'}, {'brand': 'Chromium', 'version': '144'}, {'brand': 'Google Chrome', 'version': '144'}]",False,Windows,,,,,,page
,2026-02-09 21:01:53.402000+00:00,510cacd3-bcf1-440c-8fb5-1bc0c26f1999,ajs-next-1770670913402-c90c4fb2-8d50-4a56-a6ca-cb7e9227b20a,"Mozilla/5.0 (Windows NT 10.0; Win64; x64) AppleWebKit/537.36 (KHTML, like Gecko) Chrome/144.0.0.0 Safari/537.36",/search,https://coloradocatholicbusinessdirectory.com/,?query=Littleton&category=,Search | Colorado Catholic Business Directory,https://coloradocatholicbusinessdirectory.com/search?query=Littleton&category=,Englewood,,,,,,,,,,,"[{'brand': 'Not(A:Brand', 'version': '8'}, {'brand': 'Chromium', 'version': '144'}, {'brand': 'Google Chrome', 'version': '144'}]",False,Windows,main_search,,,,,search
,2026-02-09 20:57:58.826000+00:00,510cacd3-bcf1-440c-8fb5-1bc0c26f1999,ajs-next-1770670678826-97ff2ec6-8304-42a4-9a43-ab2854c6f5d4,"Mozilla/5.0 (Windows NT 10.0; Win64; x64) AppleWebKit/537.36 (KHTML, like Gecko) Chrome/144.0.0.0 Safari/537.36",/search,https://coloradocatholicbusinessdirectory.com/,?query=Littleton&category=,Search | Colorado Catholic Business Directory,https://coloradocatholicbusinessdirectory.com/search?query=Littleton&category=,,,,,,,,,"1746827109704x963221719337950200, 1769635123521x385801932800474700, 1752687366861x422755081931784260, 1745597587022x519433479989605000, 1751319669665x621437589169731200, 1744737250347x219277345743008400, 1762889659042x996969350831174300, 1743547621069x279645472884266780, 1764781838221x716772635359430500, 1748389292320x918627677903932400, 1744579851707x640487742075829500, 1751749348389x952656707958261400, 1754927931120x470668069008822300, 1744751205492x235134337285239230, 1747420152884x437771544876149700, 1745528732739x896561533370513300, 1750783679107x801419812763124500, 1748581534531x956271769254002200, 1747183179554x540122160625888100, 1750436264420x989591292213482400, 1749173974503x736079030141835600, 1745533127765x291393362647413700, 1751224250248x539537516841198200, 1761919898226x928695665795906700, 1744282156200x727555159743162000, 1752182630575x854371423894944000, 1745273541628x945470626229355500, 1765001972595x338020444395840100, 1744398484109x785674167096991400, 1751744301621x758526182685981300, 1744907031541x119079844893356540, 1744319857648x144922844539837200, 1754941249648x796792188496967000, 1746843461447x686795565273950000, 1750785338983x949958887494882000, 1744335958024x226211831616957250, 1753911193017x504194995643152640, 1743549178851x847080663521240200, 1759930025997x126109694575208930, 1753982403438x535213824960417500, 1761762406893x958878656538368500, 1746548006831x128230088489826860, 1744260813114x505427712482621440, 1746938798847x931997689495082400, 1750784475796x702583457937545900, 1765399408996x262641226191956400, 1746855895334x711816173120128000, 1744157592334x292550965261606100",,,"[{'brand': 'Not(A:Brand', 'version': '8'}, {'brand': 'Chromium', 'version': '144'}, {'brand': 'Google Chrome', 'version': '144'}]",False,Windows,,false,,,,impression
,2026-02-09 21:00:37.532000+00:00,510cacd3-bcf1-440c-8fb5-1bc0c26f1999,ajs-next-1770670837532-6883e888-9df2-42f0-8409-8531a714dcad,"Mozilla/5.0 (Windows NT 10.0; Win64; x64) AppleWebKit/537.36 (KHTML, like Gecko) Chrome/144.0.0.0 Safari/537.36",/search,https://coloradocatholicbusinessdirectory.com/,?query=Littleton&category=,Search | Colorado Catholic Business Directory,https://coloradocatholicbusinessdirectory.com/search?query=Littleton&category=,,,,,,,,,,,,"[{'brand': 'Not(A:Brand', 'version': '8'}, {'brand': 'Chromium', 'version': '144'}, {'brand': 'Google Chrome', 'version': '144'}]",False,Windows,sidebar,true,,,,impression
,2026-02-09 20:57:55.221000+00:00,510cacd3-bcf1-440c-8fb5-1bc0c26f1999,ajs-next-1770670675221-840c4fb5-1bc0-426f-9999-b928a4a71f6d,"Mozilla/5.0 (Windows NT 10.0; Win64; x64) AppleWebKit/537.36 (KHTML, like Gecko) Chrome/144.0.0.0 Safari/537.36",/,https://www.google.com/,,Colorado Catholic Business Directory,https://coloradocatholicbusinessdirectory.com/,,,,,,,,,,,,"[{'brand': 'Not(A:Brand', 'version': '8'}, {'brand': 'Chromium', 'version': '144'}, {'brand': 'Google Chrome', 'version': '144'}]",False,Windows,,,search,,,button_click
,2026-02-09 21:00:55.395000+00:00,510cacd3-bcf1-440c-8fb5-1bc0c26f1999,ajs-next-1770670855395-22d95309-c90c-4fb2-8d50-8a5666cacb7e,"Mozilla/5.0 (Windows NT 10.0; Win64; x64) AppleWebKit/537.36 (KHTML, like Gecko) Chrome/144.0.0.0 Safari/537.36",/search,https://coloradocatholicbusinessdirectory.com/,?query=Littleton&category=,Search | Colorado Catholic Business Directory,https://coloradocatholicbusinessdirectory.com/search?query=Littleton&category=,,,,,,,,,"1764781838221x716772635359430500, 1750436264420x989591292213482400, 1744157592334x292550965261606100, 1744398484109x785674167096991400, 1747420152884x437771544876149700, 1746827109704x963221719337950200, 1745528732739x896561533370513300, 1751749348389x952656707958261400, 1745533127765x291393362647413700, 1751224250248x539537516841198200, 1751744301621x758526182685981300, 1748581534531x956271769254002200, 1752687366861x422755081931784260, 1748389292320x918627677903932400, 1751319669665x621437589169731200, 1765399408996x262641226191956400, 1744335958024x226211831616957250, 1750784475796x702583457937545900, 1765001972595x338020444395840100, 1745273541628x945470626229355500, 1747183179554x540122160625888100, 1744907031541x119079844893356540, 1753911193017x504194995643152640, 1761762406893x958878656538368500, 1746938798847x931997689495082400, 1749173974503x736079030141835600, 1769635123521x385801932800474700, 1754941249648x796792188496967000, 1743549178851x847080663521240200, 1744282156200x727555159743162000, 1752182630575x854371423894944000, 1743547621069x279645472884266780, 1759930025997x126109694575208930, 1753982403438x535213824960417500, 1746855895334x711816173120128000, 1750783679107x801419812763124500, 1744737250347x219277345743008400, 1762889659042x996969350831174300, 1744260813114x505427712482621440, 1744579851707x640487742075829500, 1750785338983x949958887494882000, 1744751205492x235134337285239230, 1746843461447x686795565273950000, 1746548006831x128230088489826860, 1754927931120x470668069008822300, 1745597587022x519433479989605000, 1744319857648x144922844539837200, 1761919898226x928695665795906700",,,"[{'brand': 'Not(A:Brand', 'version': '8'}, {'brand': 'Chromium', 'version': '144'}, {'brand': 'Google Chrome', 'version': '144'}]",False,Windows,,false,,,,impression
,2026-02-09 20:57:58.202000+00:00,510cacd3-bcf1-440c-8fb5-1bc0c26f1999,ajs-next-1770670678202-0a7638bb-97ff-4ec6-8304-e2a4da43ab28,"Mozilla/5.0 (Windows NT 10.0; Win64; x64) AppleWebKit/537.36 (KHTML, like Gecko) Chrome/144.0.0.0 Safari/537.36",/search,https://coloradocatholicbusinessdirectory.com/,?query=Littleton&category=,Search | Colorado Catholic Business Directory,https://coloradocatholicbusinessdirectory.com/search?query=Littleton&category=,,,,,,,,,,,,"[{'brand': 'Not(A:Brand', 'version': '8'}, {'brand': 'Chromium', 'version': '144'}, {'brand': 'Google Chrome', 'version': '144'}]",False,Windows,sidebar,true,,,,impression
,2026-02-09 20:59:19.891000+00:00,510cacd3-bcf1-440c-8fb5-1bc0c26f1999,ajs-next-1770670759891-de006877-a45e-4177-a652-0cf43dbae4a5,"Mozilla/5.0 (Windows NT 10.0; Win64; x64) AppleWebKit/537.36 (KHTML, like Gecko) Chrome/144.0.0.0 Safari/537.36",/search,https://coloradocatholicbusinessdirectory.com/,?query=Littleton&category=,Search | Colorado Catholic Business Directory,https://coloradocatholicbusinessdirectory.com/search?query=Littleton&category=,,,,,,,,,,,,"[{'brand': 'Not(A:Brand', 'version': '8'}, {'brand': 'Chromium', 'version': '144'}, {'brand': 'Google Chrome', 'version': '144'}]",False,Windows,sidebar,true,,,,impression
,2026-02-09 21:00:29.120000+00:00,510cacd3-bcf1-440c-8fb5-1bc0c26f1999,ajs-next-1770670829120-72c9e958-887f-4008-bb21-3062eccc6a4b,"Mozilla/5.0 (Windows NT 10.0; Win64; x64) AppleWebKit/537.36 (KHTML, like Gecko) Chrome/144.0.0.0 Safari/537.36",/business_profile/silver-pines-acupuncture-1749173974503x736079030141835600,https://coloradocatholicbusinessdirectory.com/,,| Colorado Catholic Business Directory,https://coloradocatholicbusinessdirectory.com/business_profile/silver-pines-acupuncture-1749173974503x736079030141835600,,profile,business_profile,/business_profile/silver-pines-acupuncture-1749173974503x736079030141835600,https://coloradocatholicbusinessdirectory.com/,,| Colorado Catholic Business Directory,https://coloradocatholicbusinessdirectory.com/business_profile/silver-pines-acupuncture-1749173974503x736079030141835600,1749173974503x736079030141835600,profile,business_profile,"[{'brand': 'Not(A:Brand', 'version': '8'}, {'brand': 'Chromium', 'version': '144'}, {'brand': 'Google Chrome', 'version': '144'}]",False,Windows,,,,,,page
,2026-02-09 21:01:53.096000+00:00,510cacd3-bcf1-440c-8fb5-1bc0c26f1999,ajs-next-1770670913096-5309c90c-4fb2-4d50-8a56-66cacb7e9227,"Mozilla/5.0 (Windows NT 10.0; Win64; x64) AppleWebKit/537.36 (KHTML, like Gecko) Chrome/144.0.0.0 Safari/537.36",/search,https://coloradocatholicbusinessdirectory.com/,?query=Littleton&category=,Search | Colorado Catholic Business Directory,https://coloradocatholicbusinessdirectory.com/search?query=Littleton&category=,,,,,,,,,,,,"[{'brand': 'Not(A:Brand', 'version': '8'}, {'brand': 'Chromium', 'version': '144'}, {'brand': 'Google Chrome', 'version': '144'}]",False,Windows,,,search,,,button_click
,2026-02-09 21:02:18.372000+00:00,510cacd3-bcf1-440c-8fb5-1bc0c26f1999,ajs-next-1770670938372-9227b20a-e5a7-427d-b766-4f982e444f43,"Mozilla/5.0 (Windows NT 10.0; Win64; x64) AppleWebKit/537.36 (KHTML, like Gecko) Chrome/144.0.0.0 Safari/537.36",/search,https://coloradocatholicbusinessdirectory.com/,?query=Englewood&category=,Search | Colorado Catholic Business Directory,https://coloradocatholicbusinessdirectory.com/search?query=Englewood&category=,Highlands Ranch,,,,,,,,,,,"[{'brand': 'Not(A:Brand', 'version': '8'}, {'brand': 'Chromium', 'version': '144'}, {'brand': 'Google Chrome', 'version': '144'}]",False,Windows,main_search,,,,,search
,2026-02-09 21:02:59.446000+00:00,510cacd3-bcf1-440c-8fb5-1bc0c26f1999,ajs-next-1770670979446-2652c4b4-3e8e-42d8-87c2-5dc815d0b65d,"Mozilla/5.0 (Windows NT 10.0; Win64; x64) AppleWebKit/537.36 (KHTML, like Gecko) Chrome/144.0.0.0 Safari/537.36",/search,https://coloradocatholicbusinessdirectory.com/,?query=Greenwood%20Village&category=,Search | Colorado Catholic Business Directory,https://coloradocatholicbusinessdirectory.com/search?query=Greenwood%20Village&category=,,,,,,,,,1743547621069x279645472884266780,,,"[{'brand': 'Not(A:Brand', 'version': '8'}, {'brand': 'Chromium', 'version': '144'}, {'brand': 'Google Chrome', 'version': '144'}]",False,Windows,main_list,true,,,,impression
,2026-02-09 21:03:31.051000+00:00,510cacd3-bcf1-440c-8fb5-1bc0c26f1999,ajs-next-1770671011051-4a5264fe-dc04-452d-bc4c-22487fc5b84f,"Mozilla/5.0 (Windows NT 10.0; Win64; x64) AppleWebKit/537.36 (KHTML, like Gecko) Chrome/144.0.0.0 Safari/537.36",/business_profile/grow-the-kingdom-fitness-gym-1761930377989x951815782791809400,https://coloradocatholicbusinessdirectory.com/,,| Colorado Catholic Business Directory,https://coloradocatholicbusinessdirectory.com/business_profile/grow-the-kingdom-fitness-gym-1761930377989x951815782791809400,,,,,,,,,1761930377989x951815782791809400,,,"[{'brand': 'Not(A:Brand', 'version': '8'}, {'brand': 'Chromium', 'version': '144'}, {'brand': 'Google Chrome', 'version': '144'}]",False,Windows,,,visit_website,,,button_click
,2026-02-09 20:57:58.517000+00:00,510cacd3-bcf1-440c-8fb5-1bc0c26f1999,ajs-next-1770670678517-38bb97ff-2ec6-4304-a2a4-da43ab2854c6,"Mozilla/5.0 (Windows NT 10.0; Win64; x64) AppleWebKit/537.36 (KHTML, like Gecko) Chrome/144.0.0.0 Safari/537.36",/search,https://coloradocatholicbusinessdirectory.com/,?query=Littleton&category=,Search | Colorado Catholic Business Directory,https://coloradocatholicbusinessdirectory.com/search?query=Littleton&category=,,,,,,,,,1753374338412x209529915103450200,,,"[{'brand': 'Not(A:Brand', 'version': '8'}, {'brand': 'Chromium', 'version': '144'}, {'brand': 'Google Chrome', 'version': '144'}]",False,Windows,main_list,true,,,,impression
,2026-02-09 21:00:54.778000+00:00,510cacd3-bcf1-440c-8fb5-1bc0c26f1999,ajs-next-1770670854778-0056a951-22d9-4309-890c-4fb28d508a56,"Mozilla/5.0 (Windows NT 10.0; Win64; x64) AppleWebKit/537.36 (KHTML, like Gecko) Chrome/144.0.0.0 Safari/537.36",/search,https://coloradocatholicbusinessdirectory.com/,?query=Littleton&category=,Search | Colorado Catholic Business Directory,https://coloradocatholicbusinessdirectory.com/search?query=Littleton&category=,,,,,,,,,,,,"[{'brand': 'Not(A:Brand', 'version': '8'}, {'brand': 'Chromium', 'version': '144'}, {'brand': 'Google Chrome', 'version': '144'}]",False,Windows,sidebar,true,,,,impression
,2026-02-09 21:04:45.284000+00:00,510cacd3-bcf1-440c-8fb5-1bc0c26f1999,ajs-next-1770671085284-af745c55-d598-4cc6-8320-668ca835d9d1,"Mozilla/5.0 (Windows NT 10.0; Win64; x64) AppleWebKit/537.36 (KHTML, like Gecko) Chrome/144.0.0.0 Safari/537.36",/search,https://coloradocatholicbusinessdirectory.com/,?query=Greenwood%20Village&category=,Search | Colorado Catholic Business Directory,https://coloradocatholicbusinessdirectory.com/search?query=Greenwood%20Village&category=,,,,,,,,,"1761919898226x928695665795906700, 1752182630575x854371423894944000, 1760458225389x690604949380638100, 1744740154739x566945822952470660, 1744398484109x785674167096991400, 1749742920378x965836759111504900, 1745533127765x291393362647413700, 1757369121056x350487849823425600, 1747216018889x770977089491677400, 1762957766158x632118084948257900, 1753985929691x853149258569598100, 1749580724532x760028975589297300, 1768844277981x664142917381285000, 1747170561218x640297169073643000, 1761930377989x951815782791809400",,,"[{'brand': 'Not(A:Brand', 'version': '8'}, {'brand': 'Chromium', 'version': '144'}, {'brand': 'Google Chrome', 'version': '144'}]",False,Windows,,false,,,,impression
,2026-02-09 21:00:45.692000+00:00,510cacd3-bcf1-440c-8fb5-1bc0c26f1999,ajs-next-1770670845692-79288a9c-bdf6-448b-aef4-cffb7a564a29,"Mozilla/5.0 (Windows NT 10.0; Win64; x64) AppleWebKit/537.36 (KHTML, like Gecko) Chrome/144.0.0.0 Safari/537.36",/business_profile/the-little-flower-market--1746855895334x711816173120128000,https://coloradocatholicbusinessdirectory.com/,,| Colorado Catholic Business Directory,https://coloradocatholicbusinessdirectory.com/business_profile/the-little-flower-market--1746855895334x711816173120128000,,,,,,,,,1746855895334x711816173120128000,,,"[{'brand': 'Not(A:Brand', 'version': '8'}, {'brand': 'Chromium', 'version': '144'}, {'brand': 'Google Chrome', 'version': '144'}]",False,Windows,,,visit_website,,,button_click
,2026-02-09 20:57:38.738000+00:00,510cacd3-bcf1-440c-8fb5-1bc0c26f1999,ajs-next-1770670658738-50510cac-d3bc-4184-8c4f-b51bc0c26f19,"Mozilla/5.0 (Windows NT 10.0; Win64; x64) AppleWebKit/537.36 (KHTML, like Gecko) Chrome/144.0.0.0 Safari/537.36",/,https://www.google.com/,,Colorado Catholic Business Directory,https://coloradocatholicbusinessdirectory.com/,,index,index,/,https://www.google.com/,,Colorado Catholic Business Directory,https://coloradocatholicbusinessdirectory.com/,,index,index,"[{'brand': 'Not(A:Brand', 'version': '8'}, {'brand': 'Chromium', 'version': '144'}, {'brand': 'Google Chrome', 'version': '144'}]",False,Windows,,,,,,page
,2026-02-09 20:59:20.201000+00:00,510cacd3-bcf1-440c-8fb5-1bc0c26f1999,ajs-next-1770670760201-6877a45e-c177-4652-8cf4-3dbae4a5df89,"Mozilla/5.0 (Windows NT 10.0; Win64; x64) AppleWebKit/537.36 (KHTML, like Gecko) Chrome/144.0.0.0 Safari/537.36",/search,https://coloradocatholicbusinessdirectory.com/,?query=Littleton&category=,Search | Colorado Catholic Business Directory,https://coloradocatholicbusinessdirectory.com/search?query=Littleton&category=,,,,,,,,,1743547621069x279645472884266780,,,"[{'brand': 'Not(A:Brand', 'version': '8'}, {'brand': 'Chromium', 'version': '144'}, {'brand': 'Google Chrome', 'version': '144'}]",False,Windows,main_list,true,,,,impression
,2026-02-09 21:01:53.719000+00:00,510cacd3-bcf1-440c-8fb5-1bc0c26f1999,ajs-next-1770670913719-4fb28d50-8a56-46ca-8b7e-9227b20ae5a7,"Mozilla/5.0 (Windows NT 10.0; Win64; x64) AppleWebKit/537.36 (KHTML, like Gecko) Chrome/144.0.0.0 Safari/537.36",/search,https://coloradocatholicbusinessdirectory.com/,?query=Englewood&category=,Search | Colorado Catholic Business Directory,https://coloradocatholicbusinessdirectory.com/search?query=Englewood&category=,,search,search,/search,https://coloradocatholicbusinessdirectory.com/,?query=Englewood&category=,Search | Colorado Catholic Business Directory,https://coloradocatholicbusinessdirectory.com/search?query=Englewood&category=,,search,search,"[{'brand': 'Not(A:Brand', 'version': '8'}, {'brand': 'Chromium', 'version': '144'}, {'brand': 'Google Chrome', 'version': '144'}]",False,Windows,,,,,,page
,2026-02-09 21:02:18.061000+00:00,510cacd3-bcf1-440c-8fb5-1bc0c26f1999,ajs-next-1770670938061-cb7e9227-b20a-45a7-827d-f7664f982e44,"Mozilla/5.0 (Windows NT 10.0; Win64; x64) AppleWebKit/537.36 (KHTML, like Gecko) Chrome/144.0.0.0 Safari/537.36",/search,https://coloradocatholicbusinessdirectory.com/,?query=Englewood&category=,Search | Colorado Catholic Business Directory,https://coloradocatholicbusinessdirectory.com/search?query=Englewood&category=,,,,,,,,,,,,"[{'brand': 'Not(A:Brand', 'version': '8'}, {'brand': 'Chromium', 'version': '144'}, {'brand': 'Google Chrome', 'version': '144'}]",False,Windows,,,search,,,button_click
,2026-02-09 21:02:58.207000+00:00,510cacd3-bcf1-440c-8fb5-1bc0c26f1999,ajs-next-1770670978207-4f982e44-4f43-415f-a652-c4b43e8eb2d8,"Mozilla/5.0 (Windows NT 10.0; Win64; x64) AppleWebKit/537.36 (KHTML, like Gecko) Chrome/144.0.0.0 Safari/537.36",/search,https://coloradocatholicbusinessdirectory.com/,?query=Highlands%20Ranch&category=,Search | Colorado Catholic Business Directory,https://coloradocatholicbusinessdirectory.com/search?query=Highlands%20Ranch&category=,,,,,,,,,,,,"[{'brand': 'Not(A:Brand', 'version': '8'}, {'brand': 'Chromium', 'version': '144'}, {'brand': 'Google Chrome', 'version': '144'}]",False,Windows,,,search,,,button_click
,2026-02-09 20:59:20.520000+00:00,510cacd3-bcf1-440c-8fb5-1bc0c26f1999,ajs-next-1770670760520-a45ec177-2652-4cf4-bdba-e4a5df8935e8,"Mozilla/5.0 (Windows NT 10.0; Win64; x64) AppleWebKit/537.36 (KHTML, like Gecko) Chrome/144.0.0.0 Safari/537.36",/search,https://coloradocatholicbusinessdirectory.com/,?query=Littleton&category=,Search | Colorado Catholic Business Directory,https://coloradocatholicbusinessdirectory.com/search?query=Littleton&category=,,,,,,,,,"1750784475796x702583457937545900, 1744907031541x119079844893356540, 1744398484109x785674167096991400, 1761919898226x928695665795906700, 1750783679107x801419812763124500, 1744335958024x226211831616957250, 1751744301621x758526182685981300, 1744157592334x292550965261606100, 1762889659042x996969350831174300, 1759930025997x126109694575208930, 1754927931120x470668069008822300, 1746548006831x128230088489826860, 1751319669665x621437589169731200, 1745273541628x945470626229355500, 1761762406893x958878656538368500, 1744579851707x640487742075829500, 1749173974503x736079030141835600, 1750785338983x949958887494882000, 1752182630575x854371423894944000, 1748389292320x918627677903932400, 1769635123521x385801932800474700, 1744751205492x235134337285239230, 1753982403438x535213824960417500, 1751749348389x952656707958261400, 1746855895334x711816173120128000, 1744260813114x505427712482621440, 1744319857648x144922844539837200, 1746938798847x931997689495082400, 1744282156200x727555159743162000, 1747183179554x540122160625888100, 1745533127765x291393362647413700, 1751224250248x539537516841198200, 1750436264420x989591292213482400, 1765001972595x338020444395840100, 1745597587022x519433479989605000, 1746843461447x686795565273950000, 1748581534531x956271769254002200, 1765399408996x262641226191956400, 1753911193017x504194995643152640, 1744737250347x219277345743008400, 1743549178851x847080663521240200, 1747420152884x437771544876149700, 1752687366861x422755081931784260, 1746827109704x963221719337950200, 1745528732739x896561533370513300, 1754941249648x796792188496967000, 1764781838221x716772635359430500, 1743547621069x279645472884266780",,,"[{'brand': 'Not(A:Brand', 'version': '8'}, {'brand': 'Chromium', 'version': '144'}, {'brand': 'Google Chrome', 'version': '144'}]",False,Windows,,false,,,,impression
,2026-02-09 21:00:54.467000+00:00,510cacd3-bcf1-440c-8fb5-1bc0c26f1999,ajs-next-1770670854467-07250056-a951-42d9-9309-c90c4fb28d50,"Mozilla/5.0 (Windows NT 10.0; Win64; x64) AppleWebKit/537.36 (KHTML, like Gecko) Chrome/144.0.0.0 Safari/537.36",/search,https://coloradocatholicbusinessdirectory.com/,?query=Littleton&category=,Search | Colorado Catholic Business Directory,https://coloradocatholicbusinessdirectory.com/search?query=Littleton&category=,,search,search,/search,https://coloradocatholicbusinessdirectory.com/,?query=Littleton&category=,Search | Colorado Catholic Business Directory,https://coloradocatholicbusinessdirectory.com/search?query=Littleton&category=,,search,search,"[{'brand': 'Not(A:Brand', 'version': '8'}, {'brand': 'Chromium', 'version': '144'}, {'brand': 'Google Chrome', 'version': '144'}]",False,Windows,,,,,,page
,2026-02-09 21:02:18.994000+00:00,510cacd3-bcf1-440c-8fb5-1bc0c26f1999,ajs-next-1770670938994-e5a7827d-f766-4f98-ae44-4f43815f2652,"Mozilla/5.0 (Windows NT 10.0; Win64; x64) AppleWebKit/537.36 (KHTML, like Gecko) Chrome/144.0.0.0 Safari/537.36",/search,https://coloradocatholicbusinessdirectory.com/,?query=Highlands%20Ranch&category=,Search | Colorado Catholic Business Directory,https://coloradocatholicbusinessdirectory.com/search?query=Highlands%20Ranch&category=,,,,,,,,,,,,"[{'brand': 'Not(A:Brand', 'version': '8'}, {'brand': 'Chromium', 'version': '144'}, {'brand': 'Google Chrome', 'version': '144'}]",False,Windows,sidebar,true,,,,impression
,2026-02-09 21:01:54.651000+00:00,510cacd3-bcf1-440c-8fb5-1bc0c26f1999,ajs-next-1770670914651-66cacb7e-9227-420a-a5a7-827df7664f98,"Mozilla/5.0 (Windows NT 10.0; Win64; x64) AppleWebKit/537.36 (KHTML, like Gecko) Chrome/144.0.0.0 Safari/537.36",/search,https://coloradocatholicbusinessdirectory.com/,?query=Englewood&category=,Search | Colorado Catholic Business Directory,https://coloradocatholicbusinessdirectory.com/search?query=Englewood&category=,,,,,,,,,"1755533063776x956164571796881400, 1750423781412x480534435350699700, 1757355028996x505189727810192200, 1747415704843x665338483592092500",,,"[{'brand': 'Not(A:Brand', 'version': '8'}, {'brand': 'Chromium', 'version': '144'}, {'brand': 'Google Chrome', 'version': '144'}]",False,Windows,,false,,,,impression
,2026-02-09 21:02:59.141000+00:00,510cacd3-bcf1-440c-8fb5-1bc0c26f1999,ajs-next-1770670979141-815f2652-c4b4-4e8e-b2d8-87c25dc815d0,"Mozilla/5.0 (Windows NT 10.0; Win64; x64) AppleWebKit/537.36 (KHTML, like Gecko) Chrome/144.0.0.0 Safari/537.36",/search,https://coloradocatholicbusinessdirectory.com/,?query=Greenwood%20Village&category=,Search | Colorado Catholic Business Directory,https://coloradocatholicbusinessdirectory.com/search?query=Greenwood%20Village&category=,,,,,,,,,,,,"[{'brand': 'Not(A:Brand', 'version': '8'}, {'brand': 'Chromium', 'version': '144'}, {'brand': 'Google Chrome', 'version': '144'}]",False,Windows,sidebar,true,,,,impression
,2026-02-09 21:02:19.299000+00:00,510cacd3-bcf1-440c-8fb5-1bc0c26f1999,ajs-next-1770670939299-827df766-4f98-4e44-8f43-815f2652c4b4,"Mozilla/5.0 (Windows NT 10.0; Win64; x64) AppleWebKit/537.36 (KHTML, like Gecko) Chrome/144.0.0.0 Safari/537.36",/search,https://coloradocatholicbusinessdirectory.com/,?query=Highlands%20Ranch&category=,Search | Colorado Catholic Business Directory,https://coloradocatholicbusinessdirectory.com/search?query=Highlands%20Ranch&category=,,,,,,,,,1743547621069x279645472884266780,,,"[{'brand': 'Not(A:Brand', 'version': '8'}, {'brand': 'Chromium', 'version': '144'}, {'brand': 'Google Chrome', 'version': '144'}]",False,Windows,main_list,true,,,,impression
,2026-02-09 21:01:54.024000+00:00,510cacd3-bcf1-440c-8fb5-1bc0c26f1999,ajs-next-1770670914024-8d508a56-66ca-4b7e-9227-b20ae5a7827d,"Mozilla/5.0 (Windows NT 10.0; Win64; x64) AppleWebKit/537.36 (KHTML, like Gecko) Chrome/144.0.0.0 Safari/537.36",/search,https://coloradocatholicbusinessdirectory.com/,?query=Englewood&category=,Search | Colorado Catholic Business Directory,https://coloradocatholicbusinessdirectory.com/search?query=Englewood&category=,,,,,,,,,,,,"[{'brand': 'Not(A:Brand', 'version': '8'}, {'brand': 'Chromium', 'version': '144'}, {'brand': 'Google Chrome', 'version': '144'}]",False,Windows,sidebar,true,,,,impression
,2026-02-09 20:59:19.582000+00:00,510cacd3-bcf1-440c-8fb5-1bc0c26f1999,ajs-next-1770670759582-4e69de00-6877-445e-8177-26520cf43dba,"Mozilla/5.0 (Windows NT 10.0; Win64; x64) AppleWebKit/537.36 (KHTML, like Gecko) Chrome/144.0.0.0 Safari/537.36",/search,https://coloradocatholicbusinessdirectory.com/,?query=Littleton&category=,Search | Colorado Catholic Business Directory,https://coloradocatholicbusinessdirectory.com/search?query=Littleton&category=,,search,search,/search,https://coloradocatholicbusinessdirectory.com/,?query=Littleton&category=,Search | Colorado Catholic Business Directory,https://coloradocatholicbusinessdirectory.com/search?query=Littleton&category=,,search,search,"[{'brand': 'Not(A:Brand', 'version': '8'}, {'brand': 'Chromium', 'version': '144'}, {'brand': 'Google Chrome', 'version': '144'}]",False,Windows,,,,,,page
,2026-02-09 21:04:44.659000+00:00,510cacd3-bcf1-440c-8fb5-1bc0c26f1999,ajs-next-1770671084659-82f81107-af74-4c55-9598-1cc68320668c,"Mozilla/5.0 (Windows NT 10.0; Win64; x64) AppleWebKit/537.36 (KHTML, like Gecko) Chrome/144.0.0.0 Safari/537.36",/search,https://coloradocatholicbusinessdirectory.com/,?query=Greenwood%20Village&category=,Search | Colorado Catholic Business Directory,https://coloradocatholicbusinessdirectory.com/search?query=Greenwood%20Village&category=,,,,,,,,,,,,"[{'brand': 'Not(A:Brand', 'version': '8'}, {'brand': 'Chromium', 'version': '144'}, {'brand': 'Google Chrome', 'version': '144'}]",False,Windows,sidebar,true,,,,impression
,2026-02-09 21:00:37.222000+00:00,510cacd3-bcf1-440c-8fb5-1bc0c26f1999,ajs-next-1770670837222-42286883-e888-4df2-92f0-04098531a714,"Mozilla/5.0 (Windows NT 10.0; Win64; x64) AppleWebKit/537.36 (KHTML, like Gecko) Chrome/144.0.0.0 Safari/537.36",/search,https://coloradocatholicbusinessdirectory.com/,?query=Littleton&category=,Search | Colorado Catholic Business Directory,https://coloradocatholicbusinessdirectory.com/search?query=Littleton&category=,,search,search,/search,https://coloradocatholicbusinessdirectory.com/,?query=Littleton&category=,Search | Colorado Catholic Business Directory,https://coloradocatholicbusinessdirectory.com/search?query=Littleton&category=,,search,search,"[{'brand': 'Not(A:Brand', 'version': '8'}, {'brand': 'Chromium', 'version': '144'}, {'brand': 'Google Chrome', 'version': '144'}]",False,Windows,,,,,,page
,2026-02-09 21:04:44.267000+00:00,510cacd3-bcf1-440c-8fb5-1bc0c26f1999,ajs-next-1770671084267-0d6682f8-1107-4f74-9c55-d5981cc68320,"Mozilla/5.0 (Windows NT 10.0; Win64; x64) AppleWebKit/537.36 (KHTML, like Gecko) Chrome/144.0.0.0 Safari/537.36",/search,https://coloradocatholicbusinessdirectory.com/,?query=Greenwood%20Village&category=,Search | Colorado Catholic Business Directory,https://coloradocatholicbusinessdirectory.com/search?query=Greenwood%20Village&category=,,search,search,/search,https://coloradocatholicbusinessdirectory.com/,?query=Greenwood%20Village&category=,Search | Colorado Catholic Business Directory,https://coloradocatholicbusinessdirectory.com/search?query=Greenwood%20Village&category=,,search,search,"[{'brand': 'Not(A:Brand', 'version': '8'}, {'brand': 'Chromium', 'version': '144'}, {'brand': 'Google Chrome', 'version': '144'}]",False,Windows,,,,,,page
,2026-02-09 21:03:28.382000+00:00,510cacd3-bcf1-440c-8fb5-1bc0c26f1999,ajs-next-1770671008382-5f294a52-64fe-4c04-b52d-fc4c22487fc5,"Mozilla/5.0 (Windows NT 10.0; Win64; x64) AppleWebKit/537.36 (KHTML, like Gecko) Chrome/144.0.0.0 Safari/537.36",/business_profile/grow-the-kingdom-fitness-gym-1761930377989x951815782791809400,https://coloradocatholicbusinessdirectory.com/,,| Colorado Catholic Business Directory,https://coloradocatholicbusinessdirectory.com/business_profile/grow-the-kingdom-fitness-gym-1761930377989x951815782791809400,,profile,business_profile,/business_profile/grow-the-kingdom-fitness-gym-1761930377989x951815782791809400,https://coloradocatholicbusinessdirectory.com/,,| Colorado Catholic Business Directory,https://coloradocatholicbusinessdirectory.com/business_profile/grow-the-kingdom-fitness-gym-1761930377989x951815782791809400,1761930377989x951815782791809400,profile,business_profile,"[{'brand': 'Not(A:Brand', 'version': '8'}, {'brand': 'Chromium', 'version': '144'}, {'brand': 'Google Chrome', 'version': '144'}]",False,Windows,,,,,,page
,2026-02-09 21:02:59.750000+00:00,510cacd3-bcf1-440c-8fb5-1bc0c26f1999,ajs-next-1770670979750-c4b43e8e-b2d8-47c2-9dc8-15d0b65d098a,"Mozilla/5.0 (Windows NT 10.0; Win64; x64) AppleWebKit/537.36 (KHTML, like Gecko) Chrome/144.0.0.0 Safari/537.36",/search,https://coloradocatholicbusinessdirectory.com/,?query=Greenwood%20Village&category=,Search | Colorado Catholic Business Directory,https://coloradocatholicbusinessdirectory.com/search?query=Greenwood%20Village&category=,,,,,,,,,"1760458225389x690604949380638100, 1762957766158x632118084948257900, 1744740154739x566945822952470660, 1747170561218x640297169073643000, 1749580724532x760028975589297300, 1745533127765x291393362647413700, 1768844277981x664142917381285000, 1753985929691x853149258569598100, 1752182630575x854371423894944000, 1761930377989x951815782791809400, 1744398484109x785674167096991400, 1747216018889x770977089491677400, 1761919898226x928695665795906700, 1757369121056x350487849823425600, 1749742920378x965836759111504900",,,"[{'brand': 'Not(A:Brand', 'version': '8'}, {'brand': 'Chromium', 'version': '144'}, {'brand': 'Google Chrome', 'version': '144'}]",False,Windows,,false,,,,impression
,2026-02-09 21:04:44.977000+00:00,510cacd3-bcf1-440c-8fb5-1bc0c26f1999,ajs-next-1770671084977-1107af74-5c55-4598-9cc6-8320668ca835,"Mozilla/5.0 (Windows NT 10.0; Win64; x64) AppleWebKit/537.36 (KHTML, like Gecko) Chrome/144.0.0.0 Safari/537.36",/search,https://coloradocatholicbusinessdirectory.com/,?query=Greenwood%20Village&category=,Search | Colorado Catholic Business Directory,https://coloradocatholicbusinessdirectory.com/search?query=Greenwood%20Village&category=,,,,,,,,,1752717497153x537286585580736960,,,"[{'brand': 'Not(A:Brand', 'version': '8'}, {'brand': 'Chromium', 'version': '144'}, {'brand': 'Google Chrome', 'version': '144'}]",False,Windows,main_list,true,,,,impression
,2026-02-09 21:02:58.513000+00:00,510cacd3-bcf1-440c-8fb5-1bc0c26f1999,ajs-next-1770670978514-2e444f43-815f-4652-84b4-3e8eb2d887c2,"Mozilla/5.0 (Windows NT 10.0; Win64; x64) AppleWebKit/537.36 (KHTML, like Gecko) Chrome/144.0.0.0 Safari/537.36",/search,https://coloradocatholicbusinessdirectory.com/,?query=Highlands%20Ranch&category=,Search | Colorado Catholic Business Directory,https://coloradocatholicbusinessdirectory.com/search?query=Highlands%20Ranch&category=,Greenwood Village,,,,,,,,,,,"[{'brand': 'Not(A:Brand', 'version': '8'}, {'brand': 'Chromium', 'version': '144'}, {'brand': 'Google Chrome', 'version': '144'}]",False,Windows,main_search,,,,,search
,2026-02-09 21:02:18.689000+00:00,510cacd3-bcf1-440c-8fb5-1bc0c26f1999,ajs-next-1770670938689-b20ae5a7-827d-4766-8f98-2e444f43815f,"Mozilla/5.0 (Windows NT 10.0; Win64; x64) AppleWebKit/537.36 (KHTML, like Gecko) Chrome/144.0.0.0 Safari/537.36",/search,https://coloradocatholicbusinessdirectory.com/,?query=Highlands%20Ranch&category=,Search | Colorado Catholic Business Directory,https://coloradocatholicbusinessdirectory.com/search?query=Highlands%20Ranch&category=,,search,search,/search,https://coloradocatholicbusinessdirectory.com/,?query=Highlands%20Ranch&category=,Search | Colorado Catholic Business Directory,https://coloradocatholicbusinessdirectory.com/search?query=Highlands%20Ranch&category=,,search,search,"[{'brand': 'Not(A:Brand', 'version': '8'}, {'brand': 'Chromium', 'version': '144'}, {'brand': 'Google Chrome', 'version': '144'}]",False,Windows,,,,,,page
,2026-02-09 21:02:19.606000+00:00,510cacd3-bcf1-440c-8fb5-1bc0c26f1999,ajs-next-1770670939606-f7664f98-2e44-4f43-815f-2652c4b43e8e,"Mozilla/5.0 (Windows NT 10.0; Win64; x64) AppleWebKit/537.36 (KHTML, like Gecko) Chrome/144.0.0.0 Safari/537.36",/search,https://coloradocatholicbusinessdirectory.com/,?query=Highlands%20Ranch&category=,Search | Colorado Catholic Business Directory,https://coloradocatholicbusinessdirectory.com/search?query=Highlands%20Ranch&category=,,,,,,,,,"1747398900475x598159844147748100, 1747420152884x437771544876149700, 1744157592334x292550965261606100, 1762271200864x775090106640580500",,,"[{'brand': 'Not(A:Brand', 'version': '8'}, {'brand': 'Chromium', 'version': '144'}, {'brand': 'Google Chrome', 'version': '144'}]",False,Windows,,false,,,,impression
,2026-02-09 23:44:59.534000+00:00,d82f40bf-dab8-45e1-9dde-00a916e8b3d2,ajs-next-1770680699534-4194eef4-aa81-48de-837d-f1b9efb436db,"""Mozilla/5.0 (Macintosh; Intel Mac OS X 10_15_7) AppleWebKit/537.36 (KHTML, like Gecko) Chrome/142.0.0.0 Safari/537.36""",/business_profile/verso-lalto-business-solutions-1743547621069x279645472884266780,,,| Colorado Catholic Business Directory,https://coloradocatholicbusinessdirectory.com/business_profile/verso-lalto-business-solutions-1743547621069x279645472884266780,,profile,business_profile,/business_profile/verso-lalto-business-solutions-1743547621069x279645472884266780,,,| Colorado Catholic Business Directory,https://coloradocatholicbusinessdirectory.com/business_profile/verso-lalto-business-solutions-1743547621069x279645472884266780,1743547621069x279645472884266780,profile,business_profile,"[{'brand': 'Not:A-Brand', 'version': '24'}, {'brand': 'Chromium', 'version': '134'}]",False,Linux,,,,,,page
,2026-02-09 23:44:54.525000+00:00,d82f40bf-dab8-45e1-9dde-00a916e8b3d2,ajs-next-1770680694525-047cfd8d-8b6f-4e5e-bde6-3505de4e4531,"""Mozilla/5.0 (Macintosh; Intel Mac OS X 10_15_7) AppleWebKit/537.36 (KHTML, like Gecko) Chrome/142.0.0.0 Safari/537.36""",/business_profile/office-rebel-freelance-secretary-1752717497153x537286585580736960,,,| Colorado Catholic Business Directory,https://coloradocatholicbusinessdirectory.com/business_profile/office-rebel-freelance-secretary-1752717497153x537286585580736960,,profile,business_profile,/business_profile/office-rebel-freelance-secretary-1752717497153x537286585580736960,,,| Colorado Catholic Business Directory,https://coloradocatholicbusinessdirectory.com/business_profile/office-rebel-freelance-secretary-1752717497153x537286585580736960,1752717497153x537286585580736960,profile,business_profile,"[{'brand': 'Not:A-Brand', 'version': '24'}, {'brand': 'Chromium', 'version': '134'}]",False,Linux,,,,,,page
,2026-02-09 23:44:49.574000+00:00,d82f40bf-dab8-45e1-9dde-00a916e8b3d2,ajs-next-1770680689574-03d82f40-bfda-48d5-a1dd-de00a916e8b3,"""Mozilla/5.0 (Macintosh; Intel Mac OS X 10_15_7) AppleWebKit/537.36 (KHTML, like Gecko) Chrome/142.0.0.0 Safari/537.36""",/business_profile/fidelis-catholic-credit-union-1753982403438x535213824960417500,,,| Colorado Catholic Business Directory,https://coloradocatholicbusinessdirectory.com/business_profile/fidelis-catholic-credit-union-1753982403438x535213824960417500,,profile,business_profile,/business_profile/fidelis-catholic-credit-union-1753982403438x535213824960417500,,,| Colorado Catholic Business Directory,https://coloradocatholicbusinessdirectory.com/business_profile/fidelis-catholic-credit-union-1753982403438x535213824960417500,1753982403438x535213824960417500,profile,business_profile,"[{'brand': 'Not:A-Brand', 'version': '24'}, {'brand': 'Chromium', 'version': '134'}]",False,Linux,,,,,,page
,2026-02-09 23:45:09.433000+00:00,d82f40bf-dab8-45e1-9dde-00a916e8b3d2,ajs-next-1770680709433-cca2751f-6066-476a-bad6-240eba325fab,"""Mozilla/5.0 (Macintosh; Intel Mac OS X 10_15_7) AppleWebKit/537.36 (KHTML, like Gecko) Chrome/142.0.0.0 Safari/537.36""",/start,,?login=no,Login,https://coloradocatholicbusinessdirectory.com/start?login=no,,start,start,/start,,?login=no,Login,https://coloradocatholicbusinessdirectory.com/start?login=no,,start,start,"[{'brand': 'Not:A-Brand', 'version': '24'}, {'brand': 'Chromium', 'version': '134'}]",False,Linux,,,,,,page
,2026-02-10 00:23:46.988000+00:00,1b38b3f9-f198-4725-8510-80c174dbed0b,ajs-next-1770683026988-661b38b3-f9f1-48e7-a505-1080c174dbed,"""Mozilla/5.0 (Macintosh; Intel Mac OS X 10_15_7) AppleWebKit/537.36 (KHTML, like Gecko) Chrome/142.0.0.0 Safari/537.36""",/start,,?login=no,Login,https://coloradocatholicbusinessdirectory.com/start?login=no,,start,start,/start,,?login=no,Login,https://coloradocatholicbusinessdirectory.com/start?login=no,,start,start,"[{'brand': 'Not:A-Brand', 'version': '24'}, {'brand': 'Chromium', 'version': '134'}]",False,Linux,,,,,,page
,2026-02-10 03:26:07.037000+00:00,147f712d-47d8-4699-8154-1624438a7edf,ajs-next-1770693967037-d2147f71-2d47-4846-99c1-541624438a7e,"""Mozilla/5.0 (Macintosh; Intel Mac OS X 10_15_7) AppleWebKit/537.36 (KHTML, like Gecko) Chrome/142.0.0.0 Safari/537.36""",/business_profile/roof-technologies-llc-1744579851707x640487742075829500,,,| Colorado Catholic Business Directory,https://coloradocatholicbusinessdirectory.com/business_profile/roof-technologies-llc-1744579851707x640487742075829500,,profile,business_profile,/business_profile/roof-technologies-llc-1744579851707x640487742075829500,,,| Colorado Catholic Business Directory,https://coloradocatholicbusinessdirectory.com/business_profile/roof-technologies-llc-1744579851707x640487742075829500,1744579851707x640487742075829500,profile,business_profile,"[{'brand': 'Not:A-Brand', 'version': '24'}, {'brand': 'Chromium', 'version': '134'}]",False,Linux,,,,,,page
,2026-02-10 03:26:13.951000+00:00,147f712d-47d8-4699-8154-1624438a7edf,ajs-next-1770693973951-6a8d94ae-7d73-4c30-bafd-28f7233aa7bd,"""Mozilla/5.0 (Macintosh; Intel Mac OS X 10_15_7) AppleWebKit/537.36 (KHTML, like Gecko) Chrome/142.0.0.0 Safari/537.36""",/business_profile/office-rebel-freelance-secretary-1752717497153x537286585580736960,,,| Colorado Catholic Business Directory,https://coloradocatholicbusinessdirectory.com/business_profile/office-rebel-freelance-secretary-1752717497153x537286585580736960,,profile,business_profile,/business_profile/office-rebel-freelance-secretary-1752717497153x537286585580736960,,,| Colorado Catholic Business Directory,https://coloradocatholicbusinessdirectory.com/business_profile/office-rebel-freelance-secretary-1752717497153x537286585580736960,1752717497153x537286585580736960,profile,business_profile,"[{'brand': 'Not:A-Brand', 'version': '24'}, {'brand': 'Chromium', 'version': '134'}]",False,Linux,,,,,,page
,2026-02-10 03:26:16.984000+00:00,147f712d-47d8-4699-8154-1624438a7edf,ajs-next-1770693976984-af87d5c6-cdc5-4678-9919-3d2c756394ef,"""Mozilla/5.0 (Macintosh; Intel Mac OS X 10_15_7) AppleWebKit/537.36 (KHTML, like Gecko) Chrome/142.0.0.0 Safari/537.36""",/business_profile/verso-lalto-business-solutions-1743547621069x279645472884266780,,,| Colorado Catholic Business Directory,https://coloradocatholicbusinessdirectory.com/business_profile/verso-lalto-business-solutions-1743547621069x279645472884266780,,profile,business_profile,/business_profile/verso-lalto-business-solutions-1743547621069x279645472884266780,,,| Colorado Catholic Business Directory,https://coloradocatholicbusinessdirectory.com/business_profile/verso-lalto-business-solutions-1743547621069x279645472884266780,1743547621069x279645472884266780,profile,business_profile,"[{'brand': 'Not:A-Brand', 'version': '24'}, {'brand': 'Chromium', 'version': '134'}]",False,Linux,,,,,,page
,2026-02-10 03:26:21.545000+00:00,147f712d-47d8-4699-8154-1624438a7edf,ajs-next-1770693981545-bbce2486-e490-4846-b8d4-07f867ab51ba,"""Mozilla/5.0 (Macintosh; Intel Mac OS X 10_15_7) AppleWebKit/537.36 (KHTML, like Gecko) Chrome/142.0.0.0 Safari/537.36""",/start,,?login=no,Login,https://coloradocatholicbusinessdirectory.com/start?login=no,,start,start,/start,,?login=no,Login,https://coloradocatholicbusinessdirectory.com/start?login=no,,start,start,"[{'brand': 'Not:A-Brand', 'version': '24'}, {'brand': 'Chromium', 'version': '134'}]",False,Linux,,,,,,page
,2026-02-10 04:21:01.295000+00:00,cd199559-a87f-4961-a6ab-9b306136fc0b,ajs-next-1770697261295-efcd1995-59a8-4f29-a126-ab9b306136fc,"""Mozilla/5.0 (Macintosh; Intel Mac OS X 10_15_7) AppleWebKit/537.36 (KHTML, like Gecko) Chrome/142.0.0.0 Safari/537.36""",/start,,?login=no,Login,https://coloradocatholicbusinessdirectory.com/start?login=no,,start,start,/start,,?login=no,Login,https://coloradocatholicbusinessdirectory.com/start?login=no,,start,start,"[{'brand': 'Not:A-Brand', 'version': '24'}, {'brand': 'Chromium', 'version': '134'}]",False,Linux,,,,,,page
,2026-02-10 05:09:35.247000+00:00,51415629-36f7-450f-8ad9-bd96a8f309e0,ajs-next-1770700175247-045f5b14-a502-4e02-8d10-baee55e3b915,"Mozilla/5.0 (Linux; Android 10; K) AppleWebKit/537.36 (KHTML, like Gecko) Chrome/144.0.0.0 Mobile Safari/537.36",/,https://www.google.com/,,Colorado Catholic Business Directory,https://coloradocatholicbusinessdirectory.com/,,index,index,/,https://www.google.com/,,Colorado Catholic Business Directory,https://coloradocatholicbusinessdirectory.com/,,index,index,"[{'brand': 'Not(A:Brand', 'version': '8'}, {'brand': 'Chromium', 'version': '144'}, {'brand': 'Google Chrome', 'version': '144'}]",True,Android,,,,,,page
,2026-02-10 05:08:58.134000+00:00,51415629-36f7-450f-8ad9-bd96a8f309e0,ajs-next-1770700138134-68902bc5-6570-4e09-ad69-5c823e8fde7a,"Mozilla/5.0 (Linux; Android 10; K) AppleWebKit/537.36 (KHTML, like Gecko) Chrome/144.0.0.0 Mobile Safari/537.36",/search,https://coloradocatholicbusinessdirectory.com/,?query=&category=Food%20%26%20Restaurants,Search | Colorado Catholic Business Directory,https://coloradocatholicbusinessdirectory.com/search?query=&category=Food%20%26%20Restaurants,,,,,,,,,"1743549178851x847080663521240200, 1751749348389x952656707958261400",,,"[{'brand': 'Not(A:Brand', 'version': '8'}, {'brand': 'Chromium', 'version': '144'}, {'brand': 'Google Chrome', 'version': '144'}]",True,Android,,false,,,,impression
,2026-02-10 05:09:14.422000+00:00,51415629-36f7-450f-8ad9-bd96a8f309e0,ajs-next-1770700154422-3e8fde7a-5af0-4cc3-9303-d7f6e53024c1,"Mozilla/5.0 (Linux; Android 10; K) AppleWebKit/537.36 (KHTML, like Gecko) Chrome/144.0.0.0 Mobile Safari/537.36",/search,https://coloradocatholicbusinessdirectory.com/,?query=&category=Food%20%26%20Restaurants,Search | Colorado Catholic Business Directory,https://coloradocatholicbusinessdirectory.com/search?query=&category=Food%20%26%20Restaurants,,Food & Restaurants,,,,,,,,,,"[{'brand': 'Not(A:Brand', 'version': '8'}, {'brand': 'Chromium', 'version': '144'}, {'brand': 'Google Chrome', 'version': '144'}]",True,Android,main_search,,,,,search
,2026-02-10 05:08:55.353000+00:00,51415629-36f7-450f-8ad9-bd96a8f309e0,ajs-next-1770700135353-250f4ad9-bd96-48f3-89e0-a077cdd8fdfe,"Mozilla/5.0 (Linux; Android 10; K) AppleWebKit/537.36 (KHTML, like Gecko) Chrome/144.0.0.0 Mobile Safari/537.36",/,https://www.google.com/,,Colorado Catholic Business Directory,https://coloradocatholicbusinessdirectory.com/,,,,,,,,,,,,"[{'brand': 'Not(A:Brand', 'version': '8'}, {'brand': 'Chromium', 'version': '144'}, {'brand': 'Google Chrome', 'version': '144'}]",True,Android,,,search,,,button_click
,2026-02-10 05:09:19.245000+00:00,51415629-36f7-450f-8ad9-bd96a8f309e0,ajs-next-1770700159245-5303d7f6-e530-44c1-be33-891e3116dd5b,"Mozilla/5.0 (Linux; Android 10; K) AppleWebKit/537.36 (KHTML, like Gecko) Chrome/144.0.0.0 Mobile Safari/537.36",/search,https://coloradocatholicbusinessdirectory.com/,?query=&category=Other,Search | Colorado Catholic Business Directory,https://coloradocatholicbusinessdirectory.com/search?query=&category=Other,,,,,,,,,,,,"[{'brand': 'Not(A:Brand', 'version': '8'}, {'brand': 'Chromium', 'version': '144'}, {'brand': 'Google Chrome', 'version': '144'}]",True,Android,sidebar,true,,,,impression
,2026-02-10 05:08:50.727000+00:00,51415629-36f7-450f-8ad9-bd96a8f309e0,ajs-next-1770700130727-83514156-2936-4725-8f4a-d9bd96a8f309,"Mozilla/5.0 (Linux; Android 10; K) AppleWebKit/537.36 (KHTML, like Gecko) Chrome/144.0.0.0 Mobile Safari/537.36",/,https://www.google.com/,,Colorado Catholic Business Directory,https://coloradocatholicbusinessdirectory.com/,,index,index,/,https://www.google.com/,,Colorado Catholic Business Directory,https://coloradocatholicbusinessdirectory.com/,,index,index,"[{'brand': 'Not(A:Brand', 'version': '8'}, {'brand': 'Chromium', 'version': '144'}, {'brand': 'Google Chrome', 'version': '144'}]",True,Android,,,,,,page
,2026-02-10 05:09:22.156000+00:00,51415629-36f7-450f-8ad9-bd96a8f309e0,ajs-next-1770700162157-24c13e33-891e-4116-9d5b-bda1b886a248,"Mozilla/5.0 (Linux; Android 10; K) AppleWebKit/537.36 (KHTML, like Gecko) Chrome/144.0.0.0 Mobile Safari/537.36",/search,https://coloradocatholicbusinessdirectory.com/,?query=&category=Other,Search | Colorado Catholic Business Directory,https://coloradocatholicbusinessdirectory.com/search?query=&category=Other,,,,,,,,,,,,"[{'brand': 'Not(A:Brand', 'version': '8'}, {'brand': 'Chromium', 'version': '144'}, {'brand': 'Google Chrome', 'version': '144'}]",True,Android,,,map_maker,,,button_click
,2026-02-10 05:09:35.732000+00:00,51415629-36f7-450f-8ad9-bd96a8f309e0,ajs-next-1770700175732-5b14a502-fe02-4d10-baee-55e3b91560f5,"Mozilla/5.0 (Linux; Android 10; K) AppleWebKit/537.36 (KHTML, like Gecko) Chrome/144.0.0.0 Mobile Safari/537.36",/,https://www.google.com/,,Colorado Catholic Business Directory,https://coloradocatholicbusinessdirectory.com/,,,,,,,,,"1752717497153x537286585580736960, 1753374338412x209529915103450200, 1750436264420x989591292213482400, 1743549178851x847080663521240200, 1744579851707x640487742075829500, 1744335958024x226211831616957250, 1753982403438x535213824960417500, 1743547621069x279645472884266780",,,"[{'brand': 'Not(A:Brand', 'version': '8'}, {'brand': 'Chromium', 'version': '144'}, {'brand': 'Google Chrome', 'version': '144'}]",True,Android,,true,,,,impression
,2026-02-10 05:09:05.679000+00:00,51415629-36f7-450f-8ad9-bd96a8f309e0,ajs-next-1770700145679-6570be09-ed69-4c82-be8f-de7a5af03cc3,"Mozilla/5.0 (Linux; Android 10; K) AppleWebKit/537.36 (KHTML, like Gecko) Chrome/144.0.0.0 Mobile Safari/537.36",/search,https://coloradocatholicbusinessdirectory.com/,?query=&category=Food%20%26%20Restaurants,Search | Colorado Catholic Business Directory,https://coloradocatholicbusinessdirectory.com/search?query=&category=Food%20%26%20Restaurants,,,,,,,,,,,,"[{'brand': 'Not(A:Brand', 'version': '8'}, {'brand': 'Chromium', 'version': '144'}, {'brand': 'Google Chrome', 'version': '144'}]",True,Android,,,map_maker,,,button_click
,2026-02-10 05:08:55.660000+00:00,51415629-36f7-450f-8ad9-bd96a8f309e0,ajs-next-1770700135660-4ad9bd96-a8f3-49e0-a077-cdd8fdfe615b,"Mozilla/5.0 (Linux; Android 10; K) AppleWebKit/537.36 (KHTML, like Gecko) Chrome/144.0.0.0 Mobile Safari/537.36",/,https://www.google.com/,,Colorado Catholic Business Directory,https://coloradocatholicbusinessdirectory.com/,,Food & Restaurants,,,,,,,,,,"[{'brand': 'Not(A:Brand', 'version': '8'}, {'brand': 'Chromium', 'version': '144'}, {'brand': 'Google Chrome', 'version': '144'}]",True,Android,,,,,,search
,2026-02-10 05:09:34.029000+00:00,51415629-36f7-450f-8ad9-bd96a8f309e0,ajs-next-1770700174029-bda1b886-a248-471e-b75b-54fc467a6ffb,"Mozilla/5.0 (Linux; Android 10; K) AppleWebKit/537.36 (KHTML, like Gecko) Chrome/144.0.0.0 Mobile Safari/537.36",/search,https://coloradocatholicbusinessdirectory.com/,?query=&category=Food%20%26%20Restaurants,Search | Colorado Catholic Business Directory,https://coloradocatholicbusinessdirectory.com/search?query=&category=Food%20%26%20Restaurants,,,,,,,,,"1743549178851x847080663521240200, 1751749348389x952656707958261400",,,"[{'brand': 'Not(A:Brand', 'version': '8'}, {'brand': 'Chromium', 'version': '144'}, {'brand': 'Google Chrome', 'version': '144'}]",True,Android,,false,,,,impression
,2026-02-10 05:08:59.860000+00:00,51415629-36f7-450f-8ad9-bd96a8f309e0,ajs-next-1770700139860-2bc56570-be09-4d69-9c82-3e8fde7a5af0,"Mozilla/5.0 (Linux; Android 10; K) AppleWebKit/537.36 (KHTML, like Gecko) Chrome/144.0.0.0 Mobile Safari/537.36",/search,https://coloradocatholicbusinessdirectory.com/,?query=&category=Food%20%26%20Restaurants,Search | Colorado Catholic Business Directory,https://coloradocatholicbusinessdirectory.com/search?query=&category=Food%20%26%20Restaurants,,,,,,,,,,,,"[{'brand': 'Not(A:Brand', 'version': '8'}, {'brand': 'Chromium', 'version': '144'}, {'brand': 'Google Chrome', 'version': '144'}]",True,Android,,,map_maker,,,button_click
,2026-02-10 05:09:33.074000+00:00,51415629-36f7-450f-8ad9-bd96a8f309e0,ajs-next-1770700173074-891e3116-dd5b-4da1-b886-a248a71eb75b,"Mozilla/5.0 (Linux; Android 10; K) AppleWebKit/537.36 (KHTML, like Gecko) Chrome/144.0.0.0 Mobile Safari/537.36",/search,https://coloradocatholicbusinessdirectory.com/,?query=&category=Food%20%26%20Restaurants,Search | Colorado Catholic Business Directory,https://coloradocatholicbusinessdirectory.com/search?query=&category=Food%20%26%20Restaurants,,search,search,/search,https://coloradocatholicbusinessdirectory.com/,?query=&category=Food%20%26%20Restaurants,Search | Colorado Catholic Business Directory,https://coloradocatholicbusinessdirectory.com/search?query=&category=Food%20%26%20Restaurants,,search,search,"[{'brand': 'Not(A:Brand', 'version': '8'}, {'brand': 'Chromium', 'version': '144'}, {'brand': 'Google Chrome', 'version': '144'}]",True,Android,,,,,,page
,2026-02-10 05:08:57.826000+00:00,51415629-36f7-450f-8ad9-bd96a8f309e0,ajs-next-1770700137826-b9a56890-2bc5-4570-be09-ed695c823e8f,"Mozilla/5.0 (Linux; Android 10; K) AppleWebKit/537.36 (KHTML, like Gecko) Chrome/144.0.0.0 Mobile Safari/537.36",/search,https://coloradocatholicbusinessdirectory.com/,?query=&category=Food%20%26%20Restaurants,Search | Colorado Catholic Business Directory,https://coloradocatholicbusinessdirectory.com/search?query=&category=Food%20%26%20Restaurants,,,,,,,,,1743549178851x847080663521240200,,,"[{'brand': 'Not(A:Brand', 'version': '8'}, {'brand': 'Chromium', 'version': '144'}, {'brand': 'Google Chrome', 'version': '144'}]",True,Android,main_list,true,,,,impression
,2026-02-10 05:09:18.302000+00:00,51415629-36f7-450f-8ad9-bd96a8f309e0,ajs-next-1770700158302-de7a5af0-3cc3-4303-97f6-e53024c13e33,"Mozilla/5.0 (Linux; Android 10; K) AppleWebKit/537.36 (KHTML, like Gecko) Chrome/144.0.0.0 Mobile Safari/537.36",/search,https://coloradocatholicbusinessdirectory.com/,?query=&category=Food%20%26%20Restaurants,Search | Colorado Catholic Business Directory,https://coloradocatholicbusinessdirectory.com/search?query=&category=Food%20%26%20Restaurants,,,,,,,,,,,,"[{'brand': 'Not(A:Brand', 'version': '8'}, {'brand': 'Chromium', 'version': '144'}, {'brand': 'Google Chrome', 'version': '144'}]",True,Android,,,search,,,button_click
,2026-02-10 05:08:57.520000+00:00,51415629-36f7-450f-8ad9-bd96a8f309e0,ajs-next-1770700137520-a5e6b9a5-6890-4bc5-a570-be09ed695c82,"Mozilla/5.0 (Linux; Android 10; K) AppleWebKit/537.36 (KHTML, like Gecko) Chrome/144.0.0.0 Mobile Safari/537.36",/search,https://coloradocatholicbusinessdirectory.com/,?query=&category=Food%20%26%20Restaurants,Search | Colorado Catholic Business Directory,https://coloradocatholicbusinessdirectory.com/search?query=&category=Food%20%26%20Restaurants,,,,,,,,,,,,"[{'brand': 'Not(A:Brand', 'version': '8'}, {'brand': 'Chromium', 'version': '144'}, {'brand': 'Google Chrome', 'version': '144'}]",True,Android,sidebar,true,,,,impression
,2026-02-10 05:09:19.549000+00:00,51415629-36f7-450f-8ad9-bd96a8f309e0,ajs-next-1770700159549-d7f6e530-24c1-4e33-891e-3116dd5bbda1,"Mozilla/5.0 (Linux; Android 10; K) AppleWebKit/537.36 (KHTML, like Gecko) Chrome/144.0.0.0 Mobile Safari/537.36",/search,https://coloradocatholicbusinessdirectory.com/,?query=&category=Other,Search | Colorado Catholic Business Directory,https://coloradocatholicbusinessdirectory.com/search?query=&category=Other,,,,,,,,,1750436264420x989591292213482400,,,"[{'brand': 'Not(A:Brand', 'version': '8'}, {'brand': 'Chromium', 'version': '144'}, {'brand': 'Google Chrome', 'version': '144'}]",True,Android,main_list,true,,,,impression
,2026-02-10 05:08:50.958000+00:00,51415629-36f7-450f-8ad9-bd96a8f309e0,ajs-next-1770700130958-562936f7-250f-4ad9-bd96-a8f309e0a077,"Mozilla/5.0 (Linux; Android 10; K) AppleWebKit/537.36 (KHTML, like Gecko) Chrome/144.0.0.0 Mobile Safari/537.36",/,https://www.google.com/,,Colorado Catholic Business Directory,https://coloradocatholicbusinessdirectory.com/,,,,,,,,,"1744579851707x640487742075829500, 1743547621069x279645472884266780, 1750436264420x989591292213482400, 1752717497153x537286585580736960, 1753374338412x209529915103450200, 1743549178851x847080663521240200, 1753982403438x535213824960417500, 1744335958024x226211831616957250",,,"[{'brand': 'Not(A:Brand', 'version': '8'}, {'brand': 'Chromium', 'version': '144'}, {'brand': 'Google Chrome', 'version': '144'}]",True,Android,,true,,,,impression
,2026-02-10 05:08:51.041000+00:00,51415629-36f7-450f-8ad9-bd96a8f309e0,ajs-next-1770700131041-36f7250f-4ad9-4d96-a8f3-09e0a077cdd8,"Mozilla/5.0 (Linux; Android 10; K) AppleWebKit/537.36 (KHTML, like Gecko) Chrome/144.0.0.0 Mobile Safari/537.36",/,https://www.google.com/,,Colorado Catholic Business Directory,https://coloradocatholicbusinessdirectory.com/,,,,,,,,,"1744579851707x640487742075829500, 1743547621069x279645472884266780, 1750436264420x989591292213482400, 1752717497153x537286585580736960, 1753374338412x209529915103450200, 1743549178851x847080663521240200, 1753982403438x535213824960417500, 1744335958024x226211831616957250",,,"[{'brand': 'Not(A:Brand', 'version': '8'}, {'brand': 'Chromium', 'version': '144'}, {'brand': 'Google Chrome', 'version': '144'}]",True,Android,,true,,,,impression
,2026-02-10 05:09:14.113000+00:00,51415629-36f7-450f-8ad9-bd96a8f309e0,ajs-next-1770700154113-5c823e8f-de7a-4af0-bcc3-5303d7f6e530,"Mozilla/5.0 (Linux; Android 10; K) AppleWebKit/537.36 (KHTML, like Gecko) Chrome/144.0.0.0 Mobile Safari/537.36",/search,https://coloradocatholicbusinessdirectory.com/,?query=&category=Food%20%26%20Restaurants,Search | Colorado Catholic Business Directory,https://coloradocatholicbusinessdirectory.com/search?query=&category=Food%20%26%20Restaurants,,,,,,,,,,,,"[{'brand': 'Not(A:Brand', 'version': '8'}, {'brand': 'Chromium', 'version': '144'}, {'brand': 'Google Chrome', 'version': '144'}]",True,Android,,,search,,,button_click
,2026-02-10 05:09:13.687000+00:00,51415629-36f7-450f-8ad9-bd96a8f309e0,ajs-next-1770700153687-ed695c82-3e8f-4e7a-9af0-3cc35303d7f6,"Mozilla/5.0 (Linux; Android 10; K) AppleWebKit/537.36 (KHTML, like Gecko) Chrome/144.0.0.0 Mobile Safari/537.36",/search,https://coloradocatholicbusinessdirectory.com/,?query=&category=Food%20%26%20Restaurants,Search | Colorado Catholic Business Directory,https://coloradocatholicbusinessdirectory.com/search?query=&category=Food%20%26%20Restaurants,,,,,,,,,,Food & Restaurants,,"[{'brand': 'Not(A:Brand', 'version': '8'}, {'brand': 'Chromium', 'version': '144'}, {'brand': 'Google Chrome', 'version': '144'}]",True,Android,main_search,,,,,search
,2026-02-10 05:09:18.930000+00:00,51415629-36f7-450f-8ad9-bd96a8f309e0,ajs-next-1770700158930-3cc35303-d7f6-4530-a4c1-3e33891e3116,"Mozilla/5.0 (Linux; Android 10; K) AppleWebKit/537.36 (KHTML, like Gecko) Chrome/144.0.0.0 Mobile Safari/537.36",/search,https://coloradocatholicbusinessdirectory.com/,?query=&category=Other,Search | Colorado Catholic Business Directory,https://coloradocatholicbusinessdirectory.com/search?query=&category=Other,,search,search,/search,https://coloradocatholicbusinessdirectory.com/,?query=&category=Other,Search | Colorado Catholic Business Directory,https://coloradocatholicbusinessdirectory.com/search?query=&category=Other,,search,search,"[{'brand': 'Not(A:Brand', 'version': '8'}, {'brand': 'Chromium', 'version': '144'}, {'brand': 'Google Chrome', 'version': '144'}]",True,Android,,,,,,page
,2026-02-10 05:09:19.856000+00:00,51415629-36f7-450f-8ad9-bd96a8f309e0,ajs-next-1770700159856-e53024c1-3e33-491e-b116-dd5bbda1b886,"Mozilla/5.0 (Linux; Android 10; K) AppleWebKit/537.36 (KHTML, like Gecko) Chrome/144.0.0.0 Mobile Safari/537.36",/search,https://coloradocatholicbusinessdirectory.com/,?query=&category=Other,Search | Colorado Catholic Business Directory,https://coloradocatholicbusinessdirectory.com/search?query=&category=Other,,,,,,,,,"1747184079669x994211808429350800, 1750784475796x702583457937545900, 1750423781412x480534435350699700, 1746467711533x453074785848415400, 1745533127765x291393362647413700, 1752687366861x422755081931784260, 1762271200864x775090106640580500, 1746843461447x686795565273950000, 1768844277981x664142917381285000, 1747221865162x703532834449508000, 1748581534531x956271769254002200, 1748365021326x105262688542451250, 1758147388607x898014240790697700, 1748389292320x918627677903932400, 1769635123521x385801932800474700, 1763305551668x997299018011994600, 1744282156200x727555159743162000, 1750783679107x801419812763124500, 1757720364741x595714121363069200, 1762889659042x996969350831174300, 1744736810207x919925185055488400, 1752182630575x854371423894944000, 1749580724532x760028975589297300, 1753985929691x853149258569598100, 1763569204895x378265538177280400, 1754949567759x639105313824555300, 1749068120323x412920063824988600, 1758568877707x715638242996164100, 1765001972595x338020444395840100, 1758120880051x675194275556497400, 1760118921086x941497076227920600, 1754941249648x796792188496967000, 1763509156539x144450665564595840, 1755271286521x378031808974615550, 1746548006831x128230088489826860, 1750436264420x989591292213482400, 1762364811793x796217509980630800, 1768427614253x929508274229176300, 1747165674437x491901038958021200, 1747163465846x476237095610093000, 1764342295066x618134664283571500, 1766070455303x639821695383855700, 1744319857648x144922844539837200, 1744743906400x631087870982087000, 1745597587022x519433479989605000, 1747170561218x640297169073643000, 1744737250347x219277345743008400, 1744260813114x505427712482621440, 1753465897836x101289632151690960, 1761044854709x307607562836745150, 1757355028996x505189727810192200, 1744907031541x119079844893356540, 1751402056748x637551618886434600, 1751744301621x758526182685981300, 1769719058268x843927058977011000, 1764711530894x480989914892320700",,,"[{'brand': 'Not(A:Brand', 'version': '8'}, {'brand': 'Chromium', 'version': '144'}, {'brand': 'Google Chrome', 'version': '144'}]",True,Android,,false,,,,impression
,2026-02-10 05:09:33.391000+00:00,51415629-36f7-450f-8ad9-bd96a8f309e0,ajs-next-1770700173391-3116dd5b-bda1-4886-a248-a71eb75b54fc,"Mozilla/5.0 (Linux; Android 10; K) AppleWebKit/537.36 (KHTML, like Gecko) Chrome/144.0.0.0 Mobile Safari/537.36",/search,https://coloradocatholicbusinessdirectory.com/,?query=&category=Food%20%26%20Restaurants,Search | Colorado Catholic Business Directory,https://coloradocatholicbusinessdirectory.com/search?query=&category=Food%20%26%20Restaurants,,,,,,,,,,,,"[{'brand': 'Not(A:Brand', 'version': '8'}, {'brand': 'Chromium', 'version': '144'}, {'brand': 'Google Chrome', 'version': '144'}]",True,Android,sidebar,true,,,,impression
,2026-02-10 05:09:27.691000+00:00,51415629-36f7-450f-8ad9-bd96a8f309e0,ajs-next-1770700167691-3e33891e-3116-4d5b-bda1-b886a248a71e,"Mozilla/5.0 (Linux; Android 10; K) AppleWebKit/537.36 (KHTML, like Gecko) Chrome/144.0.0.0 Mobile Safari/537.36",/search,https://coloradocatholicbusinessdirectory.com/,?query=&category=Other,Search | Colorado Catholic Business Directory,https://coloradocatholicbusinessdirectory.com/search?query=&category=Other,,,,,,,,,,,,"[{'brand': 'Not(A:Brand', 'version': '8'}, {'brand': 'Chromium', 'version': '144'}, {'brand': 'Google Chrome', 'version': '144'}]",True,Android,,,map_maker,,,button_click
,2026-02-10 05:09:13.379000+00:00,51415629-36f7-450f-8ad9-bd96a8f309e0,ajs-next-1770700153379-be09ed69-5c82-4e8f-9e7a-5af03cc35303,"Mozilla/5.0 (Linux; Android 10; K) AppleWebKit/537.36 (KHTML, like Gecko) Chrome/144.0.0.0 Mobile Safari/537.36",/search,https://coloradocatholicbusinessdirectory.com/,?query=&category=Food%20%26%20Restaurants,Search | Colorado Catholic Business Directory,https://coloradocatholicbusinessdirectory.com/search?query=&category=Food%20%26%20Restaurants,,,,,,,,,,,,"[{'brand': 'Not(A:Brand', 'version': '8'}, {'brand': 'Chromium', 'version': '144'}, {'brand': 'Google Chrome', 'version': '144'}]",True,Android,,,search,,,button_click
,2026-02-10 05:09:18.610000+00:00,51415629-36f7-450f-8ad9-bd96a8f309e0,ajs-next-1770700158610-5af03cc3-5303-47f6-a530-24c13e33891e,"Mozilla/5.0 (Linux; Android 10; K) AppleWebKit/537.36 (KHTML, like Gecko) Chrome/144.0.0.0 Mobile Safari/537.36",/search,https://coloradocatholicbusinessdirectory.com/,?query=&category=Food%20%26%20Restaurants,Search | Colorado Catholic Business Directory,https://coloradocatholicbusinessdirectory.com/search?query=&category=Food%20%26%20Restaurants,,Other,,,,,,,,,,"[{'brand': 'Not(A:Brand', 'version': '8'}, {'brand': 'Chromium', 'version': '144'}, {'brand': 'Google Chrome', 'version': '144'}]",True,Android,main_search,,,,,search
,2026-02-10 05:09:33.705000+00:00,51415629-36f7-450f-8ad9-bd96a8f309e0,ajs-next-1770700173705-dd5bbda1-b886-4248-a71e-b75b54fc467a,"Mozilla/5.0 (Linux; Android 10; K) AppleWebKit/537.36 (KHTML, like Gecko) Chrome/144.0.0.0 Mobile Safari/537.36",/search,https://coloradocatholicbusinessdirectory.com/,?query=&category=Food%20%26%20Restaurants,Search | Colorado Catholic Business Directory,https://coloradocatholicbusinessdirectory.com/search?query=&category=Food%20%26%20Restaurants,,,,,,,,,1750436264420x989591292213482400,,,"[{'brand': 'Not(A:Brand', 'version': '8'}, {'brand': 'Chromium', 'version': '144'}, {'brand': 'Google Chrome', 'version': '144'}]",True,Android,main_list,true,,,,impression
,2026-02-10 05:08:57.199000+00:00,51415629-36f7-450f-8ad9-bd96a8f309e0,ajs-next-1770700137199-9df9a5e6-b9a5-4890-abc5-6570be09ed69,"Mozilla/5.0 (Linux; Android 10; K) AppleWebKit/537.36 (KHTML, like Gecko) Chrome/144.0.0.0 Mobile Safari/537.36",/search,https://coloradocatholicbusinessdirectory.com/,?query=&category=Food%20%26%20Restaurants,Search | Colorado Catholic Business Directory,https://coloradocatholicbusinessdirectory.com/search?query=&category=Food%20%26%20Restaurants,,search,search,/search,https://coloradocatholicbusinessdirectory.com/,?query=&category=Food%20%26%20Restaurants,Search | Colorado Catholic Business Directory,https://coloradocatholicbusinessdirectory.com/search?query=&category=Food%20%26%20Restaurants,,search,search,"[{'brand': 'Not(A:Brand', 'version': '8'}, {'brand': 'Chromium', 'version': '144'}, {'brand': 'Google Chrome', 'version': '144'}]",True,Android,,,,,,page
,2026-02-10 08:22:38.464000+00:00,8c071d6b-9e02-4590-857d-d00606d4b281,ajs-next-1770711758464-7f07d56c-25b5-4270-abd5-f60923495634,"""Mozilla/5.0 (Macintosh; Intel Mac OS X 10_15_7) AppleWebKit/537.36 (KHTML, like Gecko) Chrome/142.0.0.0 Safari/537.36""",/business_profile/spark-marketing--consulting-llc-1753374338412x209529915103450200,,,| Colorado Catholic Business Directory,https://coloradocatholicbusinessdirectory.com/business_profile/spark-marketing--consulting-llc-1753374338412x209529915103450200,,profile,business_profile,/business_profile/spark-marketing--consulting-llc-1753374338412x209529915103450200,,,| Colorado Catholic Business Directory,https://coloradocatholicbusinessdirectory.com/business_profile/spark-marketing--consulting-llc-1753374338412x209529915103450200,1753374338412x209529915103450200,profile,business_profile,"[{'brand': 'Not:A-Brand', 'version': '24'}, {'brand': 'Chromium', 'version': '134'}]",False,Linux,,,,,,page
,2026-02-10 08:22:33.462000+00:00,8c071d6b-9e02-4590-857d-d00606d4b281,ajs-next-1770711753462-318c071d-6b9e-4215-9085-7dd00606d4b2,"""Mozilla/5.0 (Macintosh; Intel Mac OS X 10_15_7) AppleWebKit/537.36 (KHTML, like Gecko) Chrome/142.0.0.0 Safari/537.36""",/business_profile/talitha-koum-sourdough-1743549178851x847080663521240200,,,| Colorado Catholic Business Directory,https://coloradocatholicbusinessdirectory.com/business_profile/talitha-koum-sourdough-1743549178851x847080663521240200,,profile,business_profile,/business_profile/talitha-koum-sourdough-1743549178851x847080663521240200,,,| Colorado Catholic Business Directory,https://coloradocatholicbusinessdirectory.com/business_profile/talitha-koum-sourdough-1743549178851x847080663521240200,1743549178851x847080663521240200,profile,business_profile,"[{'brand': 'Not:A-Brand', 'version': '24'}, {'brand': 'Chromium', 'version': '134'}]",False,Linux,,,,,,page
,2026-02-10 08:22:52.596000+00:00,8c071d6b-9e02-4590-857d-d00606d4b281,ajs-next-1770711772596-1a68beba-6e9d-4f06-b1e0-6a66dbb1240e,"""Mozilla/5.0 (Macintosh; Intel Mac OS X 10_15_7) AppleWebKit/537.36 (KHTML, like Gecko) Chrome/142.0.0.0 Safari/537.36""",/start,,?login=no,Login,https://coloradocatholicbusinessdirectory.com/start?login=no,,start,start,/start,,?login=no,Login,https://coloradocatholicbusinessdirectory.com/start?login=no,,start,start,"[{'brand': 'Not:A-Brand', 'version': '24'}, {'brand': 'Chromium', 'version': '134'}]",False,Linux,,,,,,page
